Workbook

Sheet KEEPER LLM Sensitivity All
A1: Model
A2: Label | C2: GPT 5o | D2: % | E2: Copilot 4o | F2: % | G2: Copilot 5o | H2: % | I2: Gemini | J2: %
B3: No Case | C3: 0 | D3: =C3/83 -> 0 | E3: 5 | F3: =E3/83 -> 0.060240964 | G3: 7 | H3: =G3/83 -> 0.084337349 | I3: 3 | J3: =I3/83 -> 0.036144578
B4: Probable | C4: 83 | D4: =C4/83 -> 1 | E4: 76 | F4: =E4/83 -> 0.91566265 | G4: 44 | H4: =G4/83 -> 0.53012048 | I4: 52 | J4: =I4/83 -> 0.62650602
B5: Case | C5: 0 | D5: =C5/83 -> 0 | E5: 2 | F5: =E5/83 -> 0.024096386 | G5: 32 | H5: =G5/83 -> 0.38554217 | I5: 83 | J5: =I5/83 -> 1

Sheet All by All
A1: personId | B1: Clinician-DPA | C1: GPT 5o | D1: Copilot 4o | E1: Copilot 5o | F1: Gemini | G1: Clinician-APU
A2: 643110884 | B2: =INDEX('Clinician-DPA'!S:S,MATCH('All by All'!A2,'Clinician-DPA'!A:A,0)) -> Probable (treatment-only) | C2: =INDEX('GPT 5o'!S:S,MATCH('All by All'!A2,'GPT 5o'!A:A,0)) -> No Case | D2: =INDEX('Copilot 4o'!S:S,MATCH('All by All'!A2,'Copilot 4o'!A:A,0)) -> Probable | E2: =INDEX('Copilot 5o'!S:S,MATCH('All by All'!A2,'Copilot 4o'!A:A,0)) -> Probable | F2: =INDEX(Gemini!I:I,MATCH('All by All'!A2,Gemini!A:A,0)) -> Probable | G2: =INDEX('Clinician-APU'!U:U,MATCH('All by All'!A2,'Clinician-APU'!C:C,0)) -> PROBABLE
A3: 706710306 | B3: =INDEX('Clinician-DPA'!S:S,MATCH('All by All'!A3,'Clinician-DPA'!A:A,0)) -> Case | C3: =INDEX('GPT 5o'!S:S,MATCH('All by All'!A3,'GPT 5o'!A:A,0)) -> No Case | D3: =INDEX('Copilot 4o'!S:S,MATCH('All by All'!A3,'Copilot 4o'!A:A,0)) -> Probable | E3: =INDEX('Copilot 5o'!S:S,MATCH('All by All'!A3,'Copilot 4o'!A:A,0)) -> Case | F3: =INDEX(Gemini!I:I,MATCH('All by All'!A3,Gemini!A:A,0)) -> Case | G3: =INDEX('Clinician-APU'!U:U,MATCH('All by All'!A3,'Clinician-APU'!C:C,0)) -> CASE
A4: 384210994 | B4: =INDEX('Clinician-DPA'!S:S,MATCH('All by All'!A4,'Clinician-DPA'!A:A,0)) -> Probable (treatment-only) | C4: =INDEX('GPT 5o'!S:S,MATCH('All by All'!A4,'GPT 5o'!A:A,0)) -> No Case | D4: =INDEX('Copilot 4o'!S:S,MATCH('All by All'!A4,'Copilot 4o'!A:A,0)) -> Probable | E4: =INDEX('Copilot 5o'!S:S,MATCH('All by All'!A4,'Copilot 4o'!A:A,0)) -> Probable | F4: =INDEX(Gemini!I:I,MATCH('All by All'!A4,Gemini!A:A,0)) -> Probable | G4: =INDEX('Clinician-APU'!U:U,MATCH('All by All'!A4,'Clinician-APU'!C:C,0)) -> PROBABLE
A5: 1502010397 | B5: =INDEX('Clinician-DPA'!S:S,MATCH('All by All'!A5,'Clinician-DPA'!A:A,0)) -> No case | C5: =INDEX('GPT 5o'!S:S,MATCH('All by All'!A5,'GPT 5o'!A:A,0)) -> No Case | D5: =INDEX('Copilot 4o'!S:S,MATCH('All by All'!A5,'Copilot 4o'!A:A,0)) -> Probable | E5: =INDEX('Copilot 5o'!S:S,MATCH('All by All'!A5,'Copilot 4o'!A:A,0)) -> Probable | F5: =INDEX(Gemini!I:I,MATCH('All by All'!A5,Gemini!A:A,0)) -> Probable | G5: =INDEX('Clinician-APU'!U:U,MATCH('All by All'!A5,'Clinician-APU'!C:C,0)) -> NON-CASE
A6: 503810366 | B6: =INDEX('Clinician-DPA'!S:S,MATCH('All by All'!A6,'Clinician-DPA'!A:A,0)) -> Case | C6: =INDEX('GPT 5o'!S:S,MATCH('All by All'!A6,'GPT 5o'!A:A,0)) -> No Case | D6: =INDEX('Copilot 4o'!S:S,MATCH('All by All'!A6,'Copilot 4o'!A:A,0)) -> Probable | E6: =INDEX('Copilot 5o'!S:S,MATCH('All by All'!A6,'Copilot 4o'!A:A,0)) -> Probable | F6: =INDEX(Gemini!I:I,MATCH('All by All'!A6,Gemini!A:A,0)) -> Probable | G6: =INDEX('Clinician-APU'!U:U,MATCH('All by All'!A6,'Clinician-APU'!C:C,0)) -> PROBABLE
A7: 5282710166 | B7: =INDEX('Clinician-DPA'!S:S,MATCH('All by All'!A7,'Clinician-DPA'!A:A,0)) -> Case | C7: =INDEX('GPT 5o'!S:S,MATCH('All by All'!A7,'GPT 5o'!A:A,0)) -> No Case | D7: =INDEX('Copilot 4o'!S:S,MATCH('All by All'!A7,'Copilot 4o'!A:A,0)) -> Probable | E7: =INDEX('Copilot 5o'!S:S,MATCH('All by All'!A7,'Copilot 4o'!A:A,0)) -> Case | F7: =INDEX(Gemini!I:I,MATCH('All by All'!A7,Gemini!A:A,0)) -> Case | G7: =INDEX('Clinician-APU'!U:U,MATCH('All by All'!A7,'Clinician-APU'!C:C,0)) -> CASE
A8: 153910595 | B8: =INDEX('Clinician-DPA'!S:S,MATCH('All by All'!A8,'Clinician-DPA'!A:A,0)) -> No case | C8: =INDEX('GPT 5o'!S:S,MATCH('All by All'!A8,'GPT 5o'!A:A,0)) -> No Case | D8: =INDEX('Copilot 4o'!S:S,MATCH('All by All'!A8,'Copilot 4o'!A:A,0)) -> No Case | E8: =INDEX('Copilot 5o'!S:S,MATCH('All by All'!A8,'Copilot 4o'!A:A,0)) -> No Case | F8: =INDEX(Gemini!I:I,MATCH('All by All'!A8,Gemini!A:A,0)) -> No Case | G8: =INDEX('Clinician-APU'!U:U,MATCH('All by All'!A8,'Clinician-APU'!C:C,0)) -> NON-CASE
A9: 239110163 | B9: =INDEX('Clinician-DPA'!S:S,MATCH('All by All'!A9,'Clinician-DPA'!A:A,0)) -> Case | C9: =INDEX('GPT 5o'!S:S,MATCH('All by All'!A9,'GPT 5o'!A:A,0)) -> No Case | D9: =INDEX('Copilot 4o'!S:S,MATCH('All by All'!A9,'Copilot 4o'!A:A,0)) -> Probable | E9: =INDEX('Copilot 5o'!S:S,MATCH('All by All'!A9,'Copilot 4o'!A:A,0)) -> Case | F9: =INDEX(Gemini!I:I,MATCH('All by All'!A9,Gemini!A:A,0)) -> Case | G9: =INDEX('Clinician-APU'!U:U,MATCH('All by All'!A9,'Clinician-APU'!C:C,0)) -> CASE
A10: 258510963 | B10: =INDEX('Clinician-DPA'!S:S,MATCH('All by All'!A10,'Clinician-DPA'!A:A,0)) -> Probable (treatment-only) | C10: =INDEX('GPT 5o'!S:S,MATCH('All by All'!A10,'GPT 5o'!A:A,0)) -> No Case | D10: =INDEX('Copilot 4o'!S:S,MATCH('All by All'!A10,'Copilot 4o'!A:A,0)) -> Probable | E10: =INDEX('Copilot 5o'!S:S,MATCH('All by All'!A10,'Copilot 4o'!A:A,0)) -> Probable | F10: =INDEX(Gemini!I:I,MATCH('All by All'!A10,Gemini!A:A,0)) -> Probable | G10: =INDEX('Clinician-APU'!U:U,MATCH('All by All'!A10,'Clinician-APU'!C:C,0)) -> PROBABLE
A11: 366910461 | B11: =INDEX('Clinician-DPA'!S:S,MATCH('All by All'!A11,'Clinician-DPA'!A:A,0)) -> Probable (treatment-only) | C11: =INDEX('GPT 5o'!S:S,MATCH('All by All'!A11,'GPT 5o'!A:A,0)) -> No Case | D11: =INDEX('Copilot 4o'!S:S,MATCH('All by All'!A11,'Copilot 4o'!A:A,0)) -> Probable | E11: =INDEX('Copilot 5o'!S:S,MATCH('All by All'!A11,'Copilot 4o'!A:A,0)) -> Probable | F11: =INDEX(Gemini!I:I,MATCH('All by All'!A11,Gemini!A:A,0)) -> Probable | G11: =INDEX('Clinician-APU'!U:U,MATCH('All by All'!A11,'Clinician-APU'!C:C,0)) -> PROBABLE
A12: 592410349 | B12: =INDEX('Clinician-DPA'!S:S,MATCH('All by All'!A12,'Clinician-DPA'!A:A,0)) -> Probable (treatment-only) | C12: =INDEX('GPT 5o'!S:S,MATCH('All by All'!A12,'GPT 5o'!A:A,0)) -> No Case | D12: =INDEX('Copilot 4o'!S:S,MATCH('All by All'!A12,'Copilot 4o'!A:A,0)) -> Probable | E12: =INDEX('Copilot 5o'!S:S,MATCH('All by All'!A12,'Copilot 4o'!A:A,0)) -> Probable | F12: =INDEX(Gemini!I:I,MATCH('All by All'!A12,Gemini!A:A,0)) -> Probable | G12: =INDEX('Clinician-APU'!U:U,MATCH('All by All'!A12,'Clinician-APU'!C:C,0)) -> PROBABLE
A13: 1094310233 | B13: =INDEX('Clinician-DPA'!S:S,MATCH('All by All'!A13,'Clinician-DPA'!A:A,0)) -> Probable (treatment-only) | C13: =INDEX('GPT 5o'!S:S,MATCH('All by All'!A13,'GPT 5o'!A:A,0)) -> No Case | D13: =INDEX('Copilot 4o'!S:S,MATCH('All by All'!A13,'Copilot 4o'!A:A,0)) -> Probable | E13: =INDEX('Copilot 5o'!S:S,MATCH('All by All'!A13,'Copilot 4o'!A:A,0)) -> Probable | F13: =INDEX(Gemini!I:I,MATCH('All by All'!A13,Gemini!A:A,0)) -> Probable | G13: =INDEX('Clinician-APU'!U:U,MATCH('All by All'!A13,'Clinician-APU'!C:C,0)) -> PROBABLE
A14: 1237910593 | B14: =INDEX('Clinician-DPA'!S:S,MATCH('All by All'!A14,'Clinician-DPA'!A:A,0)) -> Case | C14: =INDEX('GPT 5o'!S:S,MATCH('All by All'!A14,'GPT 5o'!A:A,0)) -> No Case | D14: =INDEX('Copilot 4o'!S:S,MATCH('All by All'!A14,'Copilot 4o'!A:A,0)) -> Probable | E14: =INDEX('Copilot 5o'!S:S,MATCH('All by All'!A14,'Copilot 4o'!A:A,0)) -> Case | F14: =INDEX(Gemini!I:I,MATCH('All by All'!A14,Gemini!A:A,0)) -> Case | G14: =INDEX('Clinician-APU'!U:U,MATCH('All by All'!A14,'Clinician-APU'!C:C,0)) -> CASE
A15: 1489110030 | B15: =INDEX('Clinician-DPA'!S:S,MATCH('All by All'!A15,'Clinician-DPA'!A:A,0)) -> No case | C15: =INDEX('GPT 5o'!S:S,MATCH('All by All'!A15,'GPT 5o'!A:A,0)) -> No Case | D15: =INDEX('Copilot 4o'!S:S,MATCH('All by All'!A15,'Copilot 4o'!A:A,0)) -> No Case | E15: =INDEX('Copilot 5o'!S:S,MATCH('All by All'!A15,'Copilot 4o'!A:A,0)) -> No Case | F15: =INDEX(Gemini!I:I,MATCH('All by All'!A16,Gemini!A:A,0)) -> #N/A | G15: =INDEX('Clinician-APU'!U:U,MATCH('All by All'!A15,'Clinician-APU'!C:C,0)) -> NON-CASE
A16: 3333010111 | B16: =INDEX('Clinician-DPA'!S:S,MATCH('All by All'!A16,'Clinician-DPA'!A:A,0)) -> Probable (treatment-only) | C16: =INDEX('GPT 5o'!S:S,MATCH('All by All'!A16,'GPT 5o'!A:A,0)) -> No Case | D16: =INDEX('Copilot 4o'!S:S,MATCH('All by All'!A16,'Copilot 4o'!A:A,0)) -> Probable | E16: =INDEX('Copilot 5o'!S:S,MATCH('All by All'!A16,'Copilot 4o'!A:A,0)) -> Case | F16: =INDEX(Gemini!I:I,MATCH('All by All'!A16,Gemini!A:A,0)) -> #N/A | G16: =INDEX('Clinician-APU'!U:U,MATCH('All by All'!A16,'Clinician-APU'!C:C,0)) -> CASE
A17: 4298610465 | B17: =INDEX('Clinician-DPA'!S:S,MATCH('All by All'!A17,'Clinician-DPA'!A:A,0)) -> Case | C17: =INDEX('GPT 5o'!S:S,MATCH('All by All'!A17,'GPT 5o'!A:A,0)) -> No Case | D17: =INDEX('Copilot 4o'!S:S,MATCH('All by All'!A17,'Copilot 4o'!A:A,0)) -> Probable | E17: =INDEX('Copilot 5o'!S:S,MATCH('All by All'!A17,'Copilot 4o'!A:A,0)) -> Case | F17: =INDEX(Gemini!I:I,MATCH('All by All'!A17,Gemini!A:A,0)) -> #N/A | G17: =INDEX('Clinician-APU'!U:U,MATCH('All by All'!A17,'Clinician-APU'!C:C,0)) -> CASE
A18: 863610325 | B18: =INDEX('Clinician-DPA'!S:S,MATCH('All by All'!A18,'Clinician-DPA'!A:A,0)) -> Case | C18: =INDEX('GPT 5o'!S:S,MATCH('All by All'!A18,'GPT 5o'!A:A,0)) -> No Case | D18: =INDEX('Copilot 4o'!S:S,MATCH('All by All'!A18,'Copilot 4o'!A:A,0)) -> Probable | E18: =INDEX('Copilot 5o'!S:S,MATCH('All by All'!A18,'Copilot 4o'!A:A,0)) -> Case | F18: =INDEX(Gemini!I:I,MATCH('All by All'!A18,Gemini!A:A,0)) -> #N/A | G18: =INDEX('Clinician-APU'!U:U,MATCH('All by All'!A18,'Clinician-APU'!C:C,0)) -> CASE
A19: 3882310263 | B19: =INDEX('Clinician-DPA'!S:S,MATCH('All by All'!A19,'Clinician-DPA'!A:A,0)) -> Probable (treatment-only) | C19: =INDEX('GPT 5o'!S:S,MATCH('All by All'!A19,'GPT 5o'!A:A,0)) -> No Case | D19: =INDEX('Copilot 4o'!S:S,MATCH('All by All'!A19,'Copilot 4o'!A:A,0)) -> Probable | E19: =INDEX('Copilot 5o'!S:S,MATCH('All by All'!A19,'Copilot 4o'!A:A,0)) -> Case | F19: =INDEX(Gemini!I:I,MATCH('All by All'!A19,Gemini!A:A,0)) -> #N/A | G19: =INDEX('Clinician-APU'!U:U,MATCH('All by All'!A19,'Clinician-APU'!C:C,0)) -> PROBABLE
A20: 502810717 | B20: =INDEX('Clinician-DPA'!S:S,MATCH('All by All'!A20,'Clinician-DPA'!A:A,0)) -> Case | C20: =INDEX('GPT 5o'!S:S,MATCH('All by All'!A20,'GPT 5o'!A:A,0)) -> No Case | D20: =INDEX('Copilot 4o'!S:S,MATCH('All by All'!A20,'Copilot 4o'!A:A,0)) -> Probable | E20: =INDEX('Copilot 5o'!S:S,MATCH('All by All'!A20,'Copilot 4o'!A:A,0)) -> Case | F20: =INDEX(Gemini!I:I,MATCH('All by All'!A20,Gemini!A:A,0)) -> #N/A | G20: =INDEX('Clinician-APU'!U:U,MATCH('All by All'!A20,'Clinician-APU'!C:C,0)) -> CASE
A21: 811810047 | B21: =INDEX('Clinician-DPA'!S:S,MATCH('All by All'!A21,'Clinician-DPA'!A:A,0)) -> Case | C21: =INDEX('GPT 5o'!S:S,MATCH('All by All'!A21,'GPT 5o'!A:A,0)) -> No Case | D21: =INDEX('Copilot 4o'!S:S,MATCH('All by All'!A21,'Copilot 4o'!A:A,0)) -> Probable | E21: =INDEX('Copilot 5o'!S:S,MATCH('All by All'!A21,'Copilot 4o'!A:A,0)) -> Case | F21: =INDEX(Gemini!I:I,MATCH('All by All'!A21,Gemini!A:A,0)) -> #N/A | G21: =INDEX('Clinician-APU'!U:U,MATCH('All by All'!A21,'Clinician-APU'!C:C,0)) -> CASE
A22: 1626210870 | B22: =INDEX('Clinician-DPA'!S:S,MATCH('All by All'!A22,'Clinician-DPA'!A:A,0)) -> Case | C22: =INDEX('GPT 5o'!S:S,MATCH('All by All'!A22,'GPT 5o'!A:A,0)) -> No Case | D22: =INDEX('Copilot 4o'!S:S,MATCH('All by All'!A22,'Copilot 4o'!A:A,0)) -> Probable | E22: =INDEX('Copilot 5o'!S:S,MATCH('All by All'!A22,'Copilot 4o'!A:A,0)) -> Case | F22: =INDEX(Gemini!I:I,MATCH('All by All'!A22,Gemini!A:A,0)) -> #N/A | G22: =INDEX('Clinician-APU'!U:U,MATCH('All by All'!A22,'Clinician-APU'!C:C,0)) -> CASE
A23: 2213210607 | B23: =INDEX('Clinician-DPA'!S:S,MATCH('All by All'!A23,'Clinician-DPA'!A:A,0)) -> Case | C23: =INDEX('GPT 5o'!S:S,MATCH('All by All'!A23,'GPT 5o'!A:A,0)) -> No Case | D23: =INDEX('Copilot 4o'!S:S,MATCH('All by All'!A23,'Copilot 4o'!A:A,0)) -> Probable | E23: =INDEX('Copilot 5o'!S:S,MATCH('All by All'!A23,'Copilot 4o'!A:A,0)) -> Case | F23: =INDEX(Gemini!I:I,MATCH('All by All'!A23,Gemini!A:A,0)) -> #N/A | G23: =INDEX('Clinician-APU'!U:U,MATCH('All by All'!A23,'Clinician-APU'!C:C,0)) -> CASE
A24: 5494710200 | B24: =INDEX('Clinician-DPA'!S:S,MATCH('All by All'!A24,'Clinician-DPA'!A:A,0)) -> Probable (treatment-only) | C24: =INDEX('GPT 5o'!S:S,MATCH('All by All'!A24,'GPT 5o'!A:A,0)) -> No Case | D24: =INDEX('Copilot 4o'!S:S,MATCH('All by All'!A24,'Copilot 4o'!A:A,0)) -> Probable | E24: =INDEX('Copilot 5o'!S:S,MATCH('All by All'!A24,'Copilot 4o'!A:A,0)) -> Case | F24: =INDEX(Gemini!I:I,MATCH('All by All'!A24,Gemini!A:A,0)) -> #N/A | G24: =INDEX('Clinician-APU'!U:U,MATCH('All by All'!A24,'Clinician-APU'!C:C,0)) -> CASE
A25: 1525510677 | B25: =INDEX('Clinician-DPA'!S:S,MATCH('All by All'!A25,'Clinician-DPA'!A:A,0)) -> Case | C25: =INDEX('GPT 5o'!S:S,MATCH('All by All'!A25,'GPT 5o'!A:A,0)) -> No Case | D25: =INDEX('Copilot 4o'!S:S,MATCH('All by All'!A25,'Copilot 4o'!A:A,0)) -> Probable | E25: =INDEX('Copilot 5o'!S:S,MATCH('All by All'!A25,'Copilot 4o'!A:A,0)) -> Case | F25: =INDEX(Gemini!I:I,MATCH('All by All'!A25,Gemini!A:A,0)) -> #N/A | G25: =INDEX('Clinician-APU'!U:U,MATCH('All by All'!A25,'Clinician-APU'!C:C,0)) -> CASE
A26: 3810766 | B26: =INDEX('Clinician-DPA'!S:S,MATCH('All by All'!A26,'Clinician-DPA'!A:A,0)) -> Case | C26: =INDEX('GPT 5o'!S:S,MATCH('All by All'!A26,'GPT 5o'!A:A,0)) -> No Case | D26: =INDEX('Copilot 4o'!S:S,MATCH('All by All'!A26,'Copilot 4o'!A:A,0)) -> Probable | E26: =INDEX('Copilot 5o'!S:S,MATCH('All by All'!A26,'Copilot 4o'!A:A,0)) -> Case | F26: =INDEX(Gemini!I:I,MATCH('All by All'!A26,Gemini!A:A,0)) -> #N/A | G26: =INDEX('Clinician-APU'!U:U,MATCH('All by All'!A26,'Clinician-APU'!C:C,0)) -> CASE
A27: 4610438 | B27: =INDEX('Clinician-DPA'!S:S,MATCH('All by All'!A27,'Clinician-DPA'!A:A,0)) -> Case | C27: =INDEX('GPT 5o'!S:S,MATCH('All by All'!A27,'GPT 5o'!A:A,0)) -> No Case | D27: =INDEX('Copilot 4o'!S:S,MATCH('All by All'!A27,'Copilot 4o'!A:A,0)) -> Probable | E27: =INDEX('Copilot 5o'!S:S,MATCH('All by All'!A27,'Copilot 4o'!A:A,0)) -> No Case | F27: =INDEX(Gemini!I:I,MATCH('All by All'!A27,Gemini!A:A,0)) -> #N/A | G27: =INDEX('Clinician-APU'!U:U,MATCH('All by All'!A27,'Clinician-APU'!C:C,0)) -> NON-CASE
... A84: 4946010229 | B84: =INDEX('Clinician-DPA'!S:S,MATCH('All by All'!A84,'Clinician-DPA'!A:A,0)) -> Probable (treatment-only) | C84: =INDEX('GPT 5o'!S:S,MATCH('All by All'!A84,'GPT 5o'!A:A,0)) -> No Case | D84: =INDEX('Copilot 4o'!S:S,MATCH('All by All'!A84,'Copilot 4o'!A:A,0)) -> Probable | E84: =INDEX('Copilot 5o'!S:S,MATCH('All by All'!A84,'Copilot 4o'!A:A,0)) -> Probable | F84: =INDEX(Gemini!I:I,MATCH('All by All'!A84,Gemini!A:A,0)) -> #N/A | G84: =INDEX('Clinician-APU'!U:U,MATCH('All by All'!A84,'Clinician-APU'!C:C,0)) -> PROBABLE

Sheet Clinician-APU
A1: Adjudication | B1: Comments | C1: personId | D1: age | E1: gender | F1: observationPeriod | G1: visitContext | H1: presentation | I1: comorbidities | J1: symptoms | K1: priorDisease | L1: priorDrugs | M1: priorTreatmentProcedures | N1: diagnosticProcedures | O1: measurements | P1: alternativeDiagnosis | Q1: afterDisease | R1: afterTreatmentProcedures | S1: afterDrugs | T1: death | U1: Clinical Label | V1: Comments
A2: P | C2: 643110884 | D2: 50 | E2: Male | F2: -833 days - 4200 days | G2: Office Visit | H2: 10g monofilament sensation R foot normal (EHR); All pulses present in left foot (EHR); All pulses present in right foot (EHR); Type 1 diabetes mellitus (EHR); | Q2: Type 1 diabetes mellitus (day 1516) | S2: insulin aspart, human (day 36, for 2022 days); insulin aspart, human (day 2091, for 372 days); insulin aspart, human (day 2497, for 28 days); insulin aspart, human (day 2561, for 26 days); insulin aspart, human (day 2629, for 0 days); insulin aspart, human (day 2666, for 0 days); insulin aspart, human (day 2699, for 0 days); insulin aspart, human (day 2738, for 0 days); insulin aspart, human (day 2770, for 49 days); insulin aspart, human (day 2861, for 155 days); insulin aspart, human (day 3052, for 104 days); insulin aspart, human (day 3203, for 766 days); | U2: PROBABLE
A3: C | C3: 706710306 | D3: 48 | E3: Male | F3: -2693 days - 5002 days | G3: Office Visit | H3: Acute pancreatitis (EHR); Type 1 diabetes mellitus (EHR); | Q3: Chronic kidney disease stage 3 (day 2341); Diabetes mellitus (day 1670, 1800, 1922, 1985, 3353, 3612, 4397); Nonproliferative retinopathy due to diabetes mellitus (day 3251, 4517); Nonproliferative retinopathy of right eye due to diabetes mellitus (day 3251); Type 1 diabetes mellitus (day 1669) | S3: insulin glargine (day 1670, for 157 days); insulin aspart, human (day 1823, for 27 days); insulin aspart, human (day 1894, for 55 days); insulin aspart, human (day 1985, for 27 days); insulin aspart, human (day 2066, for 94 days); insulin aspart, human (day 2227, for 0 days); insulin aspart, human (day 2271, for 0 days); insulin aspart, human (day 2334, for 0 days); insulin aspart, human (day 2387, for 0 days); insulin aspart, human (day 2478, for 0 days); insulin aspart, human (day 2517, for 0 days); insulin aspart, human (day 2591, for 0 days); insulin aspart, human (day 2642, for 0 days); insulin aspart, human (day 2706, for 0 days); insulin aspart, human (day 2765, for 0 days); insulin aspart, human (day 2823, for 0 days); insulin aspart, human (day 2871, for 0 days); insulin aspart, human (day 2934, for 0 days); insulin aspart, human (day 2990, for 0 days); insulin aspart, human (day 3060, for 0 days); insulin aspart, human (day 3129, for 0 days); insulin aspart, human (day 3182, for 0 days); insulin aspart, human (day 3244, for 0 days); insulin aspart, human (day 3313, for 0 days); insulin aspart, human (day 3353, for 0 days); insulin aspart, human (day 3452, for 0 days); insulin aspart, human (day 3538, for 0 days); insulin aspart, human (day 3612, for 0 days); insulin aspart, human (day 3697, for 0 days); insulin aspart, human (day 3760, for 0 days); insulin aspart, human (day 3843, for 0 days); insulin aspart, human (day 3922, for 0 days); insulin aspart, human (day 3998, for 0 days); insulin aspart, human (day 4081, for 0 days); insulin aspart, human (day 4148, for 0 days); insulin aspart, human (day 4211, for 0 days); insulin aspart, human (day 4308, for 0 days); insulin aspart, human (day 4397, for 0 days); insulin aspart, human (day 4461, for 0 days); insulin aspart, human (day 4533, for 0 days); insulin aspart, human (day 4595, for 0 days); insulin aspart, human (day 4649, for 0 days); insulin aspart, human (day 4698, for 0 days); insulin aspart, human (day 4756, for 0 days); insulin aspart, human (day 4824, for 0 days); insulin aspart, human (day 4887, for 14 days); | U3: CASE
A4: P | C4: 384210994 | D4: 30 | E4: Male | F4: -7106 days - 903 days | G4: Office Visit | H4: Asymptomatic periapical periodontitis (EHR); Dental caries (EHR); Type 1 diabetes mellitus (EHR); | S4: insulin glargine (day 8, for 178 days); insulin aspart, human (day 8, for 178 days); insulin aspart, human (day 218, for 243 days); insulin glargine (day 218, for 243 days); insulin aspart, human (day 543, for 28 days); insulin glargine (day 543, for 28 days); | U4: PROBABLE
A5: N | B5: Metformin | C5: 1502010397 | D5: 15 | E5: Male | F5: -1969 days - 1588 days | G5: Office Visit | H5: Atypical chest pain (EHR); Type 1 diabetes mellitus (EHR); | Q5: Type 1 diabetes mellitus (day 47, 677) | S5: insulin aspart, human (day 1, for 1586 days); insulin, regular, human (day 1, for 44 days); metformin (day 1091, for 29 days); insulin glargine (day 1091, for 28 days); insulin glargine (day 1155, for 0 days); metformin (day 1155, for 41 days); insulin glargine (day 1189, for 89 days); metformin (day 1238, for 69 days); insulin glargine (day 1327, for 0 days); insulin glargine (day 1359, for 0 days); insulin glargine (day 1400, for 26 days); insulin glargine (day 1482, for 0 days); | U5: NON-CASE | V5: Likely index date misclassification (metformin use)
A6: P | C6: 503810366 | D6: 72 | E6: Male | F6: -5496 days - 1202 days | G6: Office Visit | H6: Blood pressure finding (EHR); Diabetes mellitus (EHR); Type 1 diabetes mellitus (EHR); | K6: Cerebrovascular accident (day -162); Reactive depression (situational) (day -2647) | Q6: Depressive disorder (day 157, 262); Recurrent major depressive episodes (day 350) | S6: insulin aspart, human (day 33, for 60 days); insulin glargine (day 125, for 98 days); insulin glargine (day 279, for 27 days); insulin glargine (day 369, for 67 days); insulin glargine (day 510, for 27 days); insulin glargine (day 614, for 74 days); insulin glargine (day 754, for 35 days); insulin glargine (day 930, for 27 days); insulin glargine (day 991, for 73 days); insulin glargine (day 1189, for 0 days); | U6: PROBABLE
A7: C | C7: 5282710166 | D7: 22 | E7: Male | F7: -3845 days - 3300 days | G7: Office Visit | H7: Blood pressure finding (EHR); Diabetes mellitus (EHR); Type 1 diabetes mellitus (EHR); | Q7: Diabetic ketoacidosis (day 5); Ketoacidosis due to type 1 diabetes mellitus (day 2315) | S7: insulin aspart, human (day 4, for 128 days); insulin aspart, human (day 245, for 27 days); insulin aspart, human (day 326, for 0 days); insulin aspart, human (day 441, for 0 days); insulin aspart, human (day 490, for 78 days); insulin aspart, human (day 636, for 85 days); insulin aspart, human (day 753, for 0 days); insulin aspart, human (day 788, for 0 days); insulin aspart, human (day 819, for 0 days); insulin aspart, human (day 854, for 0 days); insulin aspart, human (day 887, for 87 days); insulin aspart, human (day 1034, for 160 days); insulin aspart, human (day 1247, for 90 days); insulin aspart, human (day 1380, for 857 days); insulin aspart, human (day 2286, for 84 days); insulin aspart, human (day 2406, for 120 days); insulin aspart, human (day 2568, for 194 days); insulin aspart, human (day 2825, for 176 days); insulin lispro (day 3001, for 0 days); insulin lispro (day 3049, for 18 days); insulin lispro (day 3101, for 26 days); insulin lispro (day 3169, for 126 days); | U7: CASE
A8: N | B8: diagnosed with T2 after (not exclusive but rare?) | C8: 153910595 | D8: 60 | E8: Male | F8: -938 days - 1257 days | G8: Office Visit | H8: Diabetes mellitus (EHR); Insulin treated type 2 diabetes mellitus (EHR); Type 1 diabetes mellitus (EHR); | Q8: Diabetes mellitus (day 323, 406, 1006); Type 1 diabetes mellitus (day 778, 1006); Type 2 diabetes mellitus (day 406) | U8: NON-CASE | V8: Likely index date misclassification (TD2M)
A9: C | C9: 239110163 | D9: 11 | E9: Female | F9: -893 days - 7129 days | G9: Office Visit | H9: Diabetes mellitus (EHR); Type 1 diabetes mellitus (EHR); | Q9: Diabetes mellitus (day 1418, 1936); Retinopathy due to diabetes mellitus (day 923) | S9: insulin aspart, human (day 0, for 27 days); insulin aspart, human (day 66, for 27 days); insulin aspart, human (day 150, for 0 days); insulin aspart, human (day 229, for 0 days); insulin aspart, human (day 292, for 0 days); insulin aspart, human (day 354, for 0 days); insulin aspart, human (day 385, for 0 days); insulin glargine (day 445, for 27 days); insulin aspart, human (day 488, for 0 days); insulin glargine (day 528, for 27 days); insulin aspart, human (day 528, for 0 days); insulin glargine (day 586, for 27 days); insulin aspart, human (day 586, for 0 days); insulin aspart, human (day 633, for 0 days); insulin glargine (day 661, for 77 days); insulin aspart, human (day 691, for 0 days); insulin aspart, human (day 728, for 0 days); insulin glargine (day 769, for 84 days); insulin aspart, human (day 826, for 0 days); insulin aspart, human (day 886, for 0 days); insulin glargine (day 889, for 290 days); insulin aspart, human (day 944, for 53 days); insulin aspart, human (day 1047, for 0 days); insulin aspart, human (day 1099, for 0 days); insulin aspart, human (day 1152, for 0 days); insulin aspart, human (day 1187, for 0 days); insulin glargine (day 1215, for 1178 days); insulin aspart, human (day 1236, for 0 days); insulin aspart, human (day 1272, for 0 days); insulin aspart, human (day 1315, for 0 days); insulin aspart, human (day 1369, for 0 days); insulin aspart, human (day 1414, for 0 days); insulin aspart, human (day 1449, for 0 days); insulin aspart, human (day 1524, for 0 days); insulin aspart, human (day 1566, for 0 days); insulin aspart, human (day 1600, for 15 days); insulin aspart, human (day 1673, for 0 days); insulin aspart, human (day 1715, for 53 days); insulin aspart, human (day 1812, for 0 days); insulin aspart, human (day 1845, for 0 days); insulin aspart, human (day 1909, for 30 days); insulin aspart, human (day 2012, for 0 days); insulin aspart, human (day 2055, for 21 days); insulin aspart, human (day 2126, for 0 days); insulin aspart, human (day 2168, for 0 days); insulin aspart, human (day 2254, for 28 days); insulin aspart, human (day 2320, for 0 days); insulin aspart, human (day 2366, for 0 days); insulin aspart, human (day 2405, for 0 days); insulin glargine (day 2432, for 154 days); insulin aspart, human (day 2457, for 0 days); insulin aspart, human (day 2499, for 0 days); insulin aspart, human (day 2541, for 45 days); insulin glargine (day 2624, for 0 days); insulin glargine (day 2658, for 0 days); insulin aspart, human (day 2671, for 0 days); insulin glargine (day 2700, for 21 days); insulin aspart, human (day 2721, for 0 days); insulin glargine (day 2761, for 29 days); insulin aspart, human (day 2761, for 0 days); insulin aspart, human (day 2821, for 0 days); insulin glargine (day 2848, for 28 days); insulin aspart, human (day 2876, for 0 days); insulin aspart, human (day 2909, for 0 days); insulin glargine (day 2910, for 0 days); insulin aspart, human (day 2959, for 56 days); insulin glargine (day 2986, for 29 days); insulin aspart, human (day 3052, for 0 days); insulin glargine (day 3052, for 0 days); insulin aspart, human (day 3119, for 0 days); insulin glargine (day 3119, for 0 days); insulin aspart, human (day 3157, for 0 days); insulin glargine (day 3157, for 0 days); insulin glargine (day 3205, for 0 days); insulin glargine (day 3237, for 29 days); insulin aspart, human (day 3237, for 29 days); insulin glargine (day 3316, for 28 days); insulin aspart, human (day 3316, for 28 days); insulin glargine (day 3394, for 43 days); insulin aspart, human (day 3394, for 43 days); insulin glargine (day 3497, for 0 days); insulin aspart, human (day 3532, for 0 days); insulin glargine (day 3532, for 0 days); insulin glargine (day 3566, for 0 days); insulin aspart, human (day 3566, for 0 days); insulin glargine (day 3609, for 0 days); insulin aspart, human (day 3609, for 0 days); insulin glargine (day 3640, for 0 days); insulin aspart, human (day 3640, for 0 days); insulin glargine (day 3674, for 0 days); insulin aspart, human (day 3674, for 0 days); insulin glargine (day 3720, for 0 days); insulin aspart, human (day 3720, for 0 days); insulin aspart, human (day 3771, for 0 days); insulin glargine (day 3771, for 0 days); insulin glargine (day 3806, for 0 days); insulin aspart, human (day 3806, for 29 days); insulin glargine (day 3854, for 0 days); insulin aspart, human (day 3876, for 0 days); insulin glargine (day 3892, for 0 days); insulin aspart, human (day 3912, for 56 days); insulin glargine (day 3939, for 29 days); insulin glargine (day 4018, for 0 days); insulin aspart, human (day 4018, for 27 days); insulin glargine (day 4084, for 0 days); insulin aspart, human (day 4088, for 0 days); insulin glargine (day 4120, for 0 days); insulin aspart, human (day 4120, for 0 days); insulin aspart, human (day 4163, for 0 days); insulin glargine (day 4163, for 0 days); insulin glargine (day 4217, for 0 days); insulin aspart, human (day 4217, for 0 days); insulin aspart, human (day 4261, for 58 days); insulin glargine (day 4261, for 30 days); insulin glargine (day 4367, for 0 days); insulin aspart, human (day 4367, for 0 days); insulin aspart, human (day 4414, for 0 days); insulin glargine (day 4414, for 28 days); insulin glargine (day 4478, for 0 days); insulin aspart, human (day 4478, for 0 days); insulin glargine (day 4535, for 0 days); insulin aspart, human (day 4535, for 0 days); insulin glargine (day 4567, for 0 days); insulin aspart, human (day 4567, for 0 days); insulin aspart, human (day 4641, for 0 days); insulin glargine (day 4641, for 0 days); insulin glargine (day 4694, for 1 days); insulin aspart, human (day 4694, for 1 days); insulin aspart, human (day 4749, for 0 days); insulin glargine (day 4812, for 0 days); insulin aspart, human (day 4812, for 0 days); insulin glargine (day 4847, for 0 days); insulin aspart, human (day 4884, for 0 days); insulin glargine (day 4884, for 0 days); insulin glargine (day 4924, for 0 days); insulin aspart, human (day 4924, for 0 days); insulin aspart, human (day 5001, for 0 days); insulin glargine (day 5001, for 0 days); insulin glargine (day 5036, for 29 days); insulin aspart, human (day 5036, for 29 days); insulin aspart, human (day 5134, for 0 days); insulin glargine (day 5134, for 0 days); insulin glargine (day 5179, for 0 days); insulin aspart, human (day 5215, for 0 days); insulin glargine (day 5215, for 0 days); insulin aspart, human (day 5254, for 0 days); insulin glargine (day 5254, for 0 days); insulin glargine (day 5288, for 0 days); insulin aspart, human (day 5288, for 0 days); insulin glargine (day 5374, for 0 days); insulin aspart, human (day 5374, for 0 days); insulin glargine (day 5409, for 0 days); insulin aspart, human (day 5409, for 0 days); insulin aspart, human (day 5445, for 0 days); insulin glargine (day 5445, for 0 days); insulin aspart, human (day 5516, for 0 days); insulin glargine (day 5516, for 0 days); insulin aspart, human (day 5592, for 0 days); insulin glargine (day 5592, for 0 days); insulin glargine (day 5631, for 0 days); insulin aspart, human (day 5631, for 0 days); insulin glargine (day 5673, for 0 days); insulin aspart, human (day 5708, for 0 days); insulin glargine (day 5708, for 0 days); insulin glargine (day 5759, for 0 days); insulin aspart, human (day 5759, for 0 days); insulin glargine (day 5802, for 0 days); insulin aspart, human (day 5802, for 0 days); insulin glargine (day 5870, for 0 days); insulin aspart, human (day 5919, for 0 days); insulin glargine (day 5919, for 0 days); insulin glargine (day 5961, for 24 days); insulin aspart, human (day 5961, for 24 days); insulin degludec (day 6019, for 27 days); insulin aspart, human (day 6046, for 0 days); insulin degludec (day 6107, for 0 days); insulin aspart, human (day 6107, for 0 days); insulin aspart, human (day 6139, for 0 days); insulin degludec (day 6139, for 0 days); insulin aspart, human (day 6177, for 101 days); insulin degludec (day 6195, for 17 days); insulin degludec (day 6251, for 0 days); insulin glargine (day 6310, for 0 days); insulin aspart, human (day 6310, for 883 days); insulin glargine (day 6396, for 0 days); insulin glargine (day 6737, for 0 days); insulin glargine (day 7003, for 0 days); | U9: CASE
A10: P | C10: 258510963 | D10: 48 | E10: Male | F10: -611 days - 763 days | G10: Office Visit | H10: Diabetes mellitus (EHR); Type 1 diabetes mellitus (EHR); | S10: insulin glargine (day 0, for 30 days); insulin aspart, human (day 16, for 52 days); insulin glargine (day 92, for 27 days); insulin aspart, human (day 104, for 27 days); insulin aspart, human (day 171, for 27 days); insulin aspart, human (day 233, for 27 days); insulin aspart, human (day 358, for 76 days); insulin glargine (day 479, for 27 days); insulin aspart, human (day 479, for 27 days); insulin glargine (day 686, for 27 days); insulin aspart, human (day 686, for 27 days); insulin aspart, human (day 751, for 27 days); | U10: PROBABLE
A11: P | C11: 366910461 | D11: 15 | E11: Male | F11: -3416 days - 64 days | G11: Office Visit | H11: Diabetes mellitus (EHR); Type 1 diabetes mellitus (EHR); | S11: insulin aspart, human (day 3, for 30 days); | U11: PROBABLE
A12: P | C12: 592410349 | D12: 21 | E12: Male | F12: -851 days - 1213 days | G12: Office Visit | H12: Diabetes mellitus (EHR); Mass of skin (EHR); Type 1 diabetes mellitus (EHR); | Q12: Agitated depression (day 801); Diabetes mellitus (day 511, 750, 801, 854, 1014); Endogenous depression first episode (day 638); Reactive depression (situational) (day 24); Type 1 diabetes mellitus (day 194) | S12: insulin, regular, human (day 7, for 27 days); insulin, regular, human (day 84, for 27 days); insulin, regular, human (day 143, for 311 days); insulin, regular, human (day 510, for 141 days); insulin, regular, human (day 706, for 153 days); insulin, regular, human (day 909, for 181 days); insulin, regular, human (day 1154, for 52 days); | U12: PROBABLE
A13: P | C13: 1094310233 | D13: 4 | E13: Male | F13: -1374 days - 6593 days | G13: Office Visit | H13: Diabetes mellitus (EHR); Type 1 diabetes mellitus (EHR); | Q13: Herpes zoster (day 5397); Type 1 diabetes mellitus (day 4064) | S13: insulin, regular, human (day 4, for 541 days); insulin, regular, human (day 710, for 27 days); insulin, regular, human (day 770, for 118 days); insulin, regular, human (day 920, for 27 days); insulin, regular, human (day 1013, for 620 days); insulin, regular, human (day 1669, for 62 days); insulin lispro (day 1747, for 1394 days); insulin glargine (day 3111, for 0 days); insulin glargine (day 3161, for 0 days); insulin lispro (day 3177, for 27 days); insulin glargine (day 3216, for 73 days); insulin lispro (day 3244, for 125 days); insulin glargine (day 3342, for 0 days); insulin glargine (day 3385, for 0 days); insulin glargine (day 3419, for 0 days); insulin lispro (day 3419, for 27 days); insulin lispro (day 3482, for 27 days); insulin glargine (day 3482, for 29 days); insulin glargine (day 3554, for 0 days); insulin lispro (day 3573, for 27 days); insulin glargine (day 3601, for 0 days); insulin glargine (day 3636, for 0 days); insulin lispro (day 3650, for 120 days); insulin glargine (day 3671, for 49 days); insulin glargine (day 3757, for 0 days); insulin glargine (day 3792, for 29 days); insulin lispro (day 3821, for 27 days); insulin glargine (day 3874, for 0 days); insulin lispro (day 3895, for 27 days); insulin glargine (day 3912, for 0 days); insulin glargine (day 3947, for 0 days); insulin lispro (day 3965, for 83 days); insulin glargine (day 3996, for 25 days); insulin glargine (day 4052, for 0 days); insulin lispro (day 4098, for 27 days); insulin glargine (day 4098, for 0 days); insulin glargine (day 4147, for 23 days); insulin lispro (day 4170, for 27 days); insulin glargine (day 4220, for 15 days); insulin lispro (day 4235, for 27 days); insulin glargine (day 4288, for 17 days); insulin lispro (day 4305, for 27 days); insulin glargine (day 4358, for 20 days); insulin lispro (day 4378, for 27 days); insulin glargine (day 4427, for 0 days); insulin lispro (day 4441, for 27 days); insulin glargine (day 4469, for 0 days); insulin glargine (day 4511, for 30 days); insulin lispro (day 4511, for 27 days); insulin glargine (day 4582, for 0 days); insulin lispro (day 4595, for 83 days); insulin glargine (day 4623, for 52 days); insulin lispro (day 4711, for 27 days); insulin glargine (day 4711, for 0 days); insulin glargine (day 4744, for 0 days); insulin lispro (day 4772, for 27 days); insulin glargine (day 4784, for 0 days); insulin glargine (day 4815, for 25 days); insulin lispro (day 4840, for 27 days); insulin glargine (day 4907, for 0 days); insulin lispro (day 4931, for 27 days); insulin glargine (day 4942, for 0 days); insulin glargine (day 4977, for 0 days); insulin lispro (day 4989, for 27 days); insulin glargine (day 5024, for 30 days); insulin lispro (day 5054, for 27 days); insulin glargine (day 5096, for 0 days); insulin glargine (day 5131, for 0 days); insulin lispro (day 5131, for 27 days); insulin glargine (day 5166, for 20 days); insulin lispro (day 5214, for 27 days); insulin glargine (day 5253, for 29 days); insulin lispro (day 5282, for 27 days); insulin glargine (day 5325, for 0 days); insulin lispro (day 5359, for 68 days); insulin glargine (day 5359, for 0 days); insulin glargine (day 5400, for 0 days); insulin glargine (day 5435, for 0 days); insulin glargine (day 5470, for 0 days); insulin lispro (day 5470, for 27 days); insulin glargine (day 5513, for 0 days); insulin glargine (day 5549, for 0 days); insulin lispro (day 5562, for 27 days); insulin glargine (day 5590, for 30 days); insulin lispro (day 5620, for 27 days); insulin glargine (day 5674, for 0 days); insulin lispro (day 5710, for 27 days); insulin glargine (day 5710, for 0 days); insulin glargine (day 5750, for 29 days); insulin lispro (day 5779, for 27 days); insulin glargine (day 5827, for 0 days); insulin glargine (day 5869, for 0 days); insulin lispro (day 5869, for 64 days); insulin glargine (day 5906, for 0 days); insulin glargine (day 5942, for 0 days); insulin glargine (day 5984, for 0 days); insulin lispro (day 6020, for 74 days); insulin glargine (day 6020, for 0 days); insulin glargine (day 6067, for 0 days); insulin glargine (day 6108, for 0 days); insulin lispro (day 6143, for 27 days); insulin glargine (day 6143, for 27 days); insulin glargine (day 6219, for 0 days); insulin lispro (day 6219, for 70 days); insulin glargine (day 6262, for 29 days); insulin lispro (day 6339, for 27 days); insulin glargine (day 6339, for 0 days); insulin glargine (day 6374, for 0 days); insulin glargine (day 6415, for 0 days); insulin lispro (day 6415, for 27 days); insulin glargine (day 6453, for 0 days); insulin glargine (day 6487, for 0 days); insulin lispro (day 6487, for 111 days); insulin glargine (day 6521, for 0 days); insulin glargine (day 6571, for 0 days); | U13: PROBABLE
A14: C | C14: 1237910593 | D14: 4 | E14: Male | F14: -552 days - 4726 days | G14: Office Visit | H14: Diabetes mellitus (EHR); Type 1 diabetes mellitus (EHR); | Q14: Diabetic ketoacidosis (day 3178) | S14: insulin, regular, human (day 407, for 205 days); insulin, regular, human (day 672, for 56 days); insulin, regular, human (day 782, for 119 days); insulin, regular, human (day 945, for 168 days); insulin, regular, human (day 1147, for 155 days); insulin, regular, human (day 1441, for 57 days); insulin, regular, human (day 1803, for 27 days); insulin, regular, human (day 1876, for 49 days); insulin aspart, human (day 1953, for 69 days); insulin glargine (day 1953, for 0 days); insulin glargine (day 2036, for 0 days); insulin aspart, human (day 2083, for 27 days); insulin aspart, human (day 2150, for 276 days); insulin glargine (day 2371, for 0 days); insulin aspart, human (day 2462, for 224 days); insulin glargine (day 2640, for 19 days); insulin aspart, human (day 2742, for 160 days); insulin glargine (day 2875, for 0 days); insulin aspart, human (day 2954, for 74 days); insulin glargine (day 2954, for 0 days); insulin glargine (day 3001, for 0 days); insulin aspart, human (day 3070, for 150 days); insulin glargine (day 3106, for 0 days); insulin glargine (day 3162, for 0 days); insulin glargine (day 3253, for 0 days); insulin aspart, human (day 3253, for 180 days); insulin glargine (day 3351, for 0 days); insulin glargine (day 3452, for 0 days); insulin aspart, human (day 3470, for 341 days); insulin glargine (day 3505, for 0 days); insulin glargine (day 3541, for 0 days); insulin glargine (day 3606, for 0 days); insulin glargine (day 3708, for 27 days); insulin glargine (day 3784, for 0 days); insulin aspart, human (day 3857, for 270 days); insulin glargine (day 3997, for 0 days); insulin glargine (day 4065, for 0 days); insulin aspart, human (day 4170, for 266 days); insulin glargine (day 4261, for 0 days); insulin glargine (day 4346, for 0 days); insulin glargine (day 4389, for 0 days); insulin aspart, human (day 4480, for 215 days); insulin glargine (day 4480, for 0 days); insulin glargine (day 4529, for 0 days); insulin glargine (day 4598, for 0 days); insulin glargine (day 4631, for 0 days); | U14: CASE
A15: N | C15: 1489110030 | D15: 60 | E15: Female | F15: -5976 days - 17 days | G15: Office Visit | H15: Diabetes mellitus (EHR); Type 1 diabetes mellitus (EHR); | U15: NON-CASE
A16: C | C16: 3333010111 | D16: 5 | E16: Female | F16: -1970 days - 1022 days | G16: Office Visit | H16: Diabetes mellitus (EHR); Diabetic ketoacidosis (EHR); Type 1 diabetes mellitus (EHR); | S16: insulin aspart, human (day 1, for 0 days); insulin aspart, human (day 43, for 33 days); insulin aspart, human (day 118, for 76 days); insulin aspart, human (day 259, for 59 days); insulin aspart, human (day 349, for 27 days); insulin aspart, human (day 433, for 83 days); insulin aspart, human (day 553, for 389 days); insulin aspart, human (day 973, for 60 days); | U16: CASE
A17: C | C17: 4298610465 | D17: 33 | E17: Male | F17: -572 days - 3364 days | G17: Office Visit | H17: Diabetes mellitus (EHR); Type 1 diabetes mellitus (EHR); | Q17: Diabetes mellitus (day 126, 2656, 2979); Neuropathy due to diabetes mellitus (day 2445); Type 1 diabetes mellitus (day 1886) | S17: insulin, regular, human (day 22, for 27 days); insulin, regular, human (day 98, for 27 days); insulin, regular, human (day 156, for 27 days); insulin, regular, human (day 225, for 27 days); insulin, regular, human (day 311, for 55 days); insulin, regular, human (day 483, for 176 days); insulin, regular, human (day 743, for 623 days); insulin, regular, human (day 1453, for 55 days); insulin, regular, human (day 1540, for 55 days); insulin, regular, human (day 1673, for 76 days); insulin, regular, human (day 1843, for 55 days); insulin, regular, human (day 1985, for 292 days); insulin, regular, human (day 2422, for 27 days); insulin, regular, human (day 2548, for 2 days); insulin, regular, human (day 2621, for 2 days); insulin, regular, human (day 2662, for 30 days); insulin, regular, human (day 2741, for 2 days); insulin, regular, human (day 2800, for 2 days); insulin, regular, human (day 2864, for 2 days); insulin, regular, human (day 2919, for 2 days); insulin, regular, human (day 2979, for 2 days); insulin, regular, human (day 3125, for 2 days); | U17: CASE
A18: C | C18: 863610325 | D18: 23 | E18: Female | F18: -4706 days - 3281 days | G18: Office Visit | H18: Diabetic ketoacidosis (EHR); Type 1 diabetes mellitus (EHR); | S18: insulin glargine (day 7, for 0 days); insulin aspart, human (day 7, for 0 days); insulin aspart, human (day 64, for 0 days); insulin aspart, human (day 105, for 0 days); insulin glargine (day 138, for 0 days); insulin aspart, human (day 174, for 0 days); insulin aspart, human (day 228, for 0 days); insulin glargine (day 228, for 0 days); insulin aspart, human (day 307, for 0 days); insulin aspart, human (day 354, for 0 days); insulin glargine (day 354, for 0 days); insulin glargine (day 447, for 0 days); insulin aspart, human (day 447, for 0 days); insulin glargine (day 496, for 0 days); insulin aspart, human (day 496, for 0 days); insulin aspart, human (day 588, for 0 days); insulin glargine (day 650, for 0 days); insulin aspart, human (day 650, for 0 days); insulin aspart, human (day 691, for 0 days); insulin glargine (day 691, for 0 days); insulin aspart, human (day 868, for 0 days); insulin glargine (day 868, for 0 days); insulin glargine (day 1027, for 0 days); insulin aspart, human (day 1027, for 0 days); insulin glargine (day 1077, for 22 days); insulin aspart, human (day 1077, for 22 days); insulin glargine (day 1223, for 0 days); insulin aspart, human (day 1223, for 0 days); insulin aspart, human (day 1364, for 20 days); insulin glargine (day 1384, for 0 days); insulin aspart, human (day 1470, for 0 days); insulin glargine (day 1470, for 0 days); insulin aspart, human (day 1727, for 0 days); insulin glargine (day 1727, for 0 days); insulin aspart, human (day 1790, for 0 days); insulin glargine (day 1790, for 0 days); insulin aspart, human (day 1869, for 28 days); insulin glargine (day 1869, for 28 days); insulin aspart, human (day 1950, for 0 days); insulin glargine (day 1950, for 0 days); insulin aspart, human (day 2021, for 0 days); insulin glargine (day 2021, for 0 days); insulin aspart, human (day 2056, for 0 days); insulin glargine (day 2056, for 0 days); insulin aspart, human (day 2106, for 0 days); insulin glargine (day 2106, for 0 days); insulin aspart, human (day 2183, for 0 days); insulin aspart, human (day 2241, for 0 days); insulin glargine (day 2241, for 0 days); insulin aspart, human (day 2332, for 0 days); insulin glargine (day 2427, for 0 days); insulin aspart, human (day 2427, for 0 days); insulin glargine (day 2462, for 0 days); insulin aspart, human (day 2462, for 0 days); insulin aspart, human (day 2568, for 0 days); insulin glargine (day 2660, for 0 days); insulin aspart, human (day 2660, for 0 days); insulin glargine (day 2756, for 0 days); insulin aspart, human (day 2756, for 0 days); insulin glargine (day 2819, for 0 days); insulin aspart, human (day 2819, for 0 days); insulin aspart, human (day 2862, for 0 days); insulin aspart, human (day 2923, for 0 days); insulin glargine (day 2923, for 0 days); insulin glargine (day 2988, for 0 days); insulin aspart, human (day 2988, for 0 days); insulin aspart, human (day 3046, for 0 days); insulin aspart, human (day 3100, for 0 days); insulin glargine (day 3217, for 0 days); insulin aspart, human (day 3217, for 0 days); insulin aspart, human (day 3268, for 0 days); insulin glargine (day 3268, for 0 days); | U18: CASE
A19: P | C19: 3882310263 | D19: 6 | E19: Male | F19: -2146 days - 399 days | G19: Office Visit | H19: Hyperglycemia (EHR); Type 1 diabetes mellitus (EHR); | S19: insulin aspart, human (day 9, for 27 days); insulin aspart, human (day 74, for 27 days); insulin aspart, human (day 134, for 27 days); insulin aspart, human (day 212, for 69 days); insulin degludec (day 319, for 0 days); insulin aspart, human (day 351, for 27 days); insulin degludec (day 351, for 0 days); | U19: PROBABLE
A20: C | C20: 502810717 | D20: 35 | E20: Male | F20: -6642 days - 967 days | G20: Office Visit | H20: Ketoacidosis due to type 1 diabetes mellitus (EHR); Type 1 diabetes mellitus (EHR); | K20: Mixed anxiety and depressive disorder (day -5692); Recurrent depression (day -930) | S20: insulin glargine (day 6, for 101 days); insulin aspart, human (day 6, for 101 days); insulin glargine (day 147, for 211 days); insulin aspart, human (day 147, for 211 days); insulin glargine (day 392, for 0 days); insulin aspart, human (day 392, for 0 days); insulin aspart, human (day 425, for 56 days); insulin glargine (day 425, for 56 days); insulin aspart, human (day 512, for 140 days); insulin glargine (day 512, for 140 days); insulin glargine (day 685, for 27 days); insulin aspart, human (day 685, for 27 days); insulin glargine (day 748, for 0 days); insulin aspart, human (day 748, for 0 days); insulin aspart, human (day 782, for 0 days); insulin glargine (day 782, for 0 days); insulin glargine (day 825, for 0 days); insulin aspart, human (day 825, for 0 days); insulin glargine (day 870, for 0 days); insulin aspart, human (day 870, for 0 days); insulin glargine (day 910, for 27 days); insulin aspart, human (day 910, for 27 days); | U20: CASE
A21: C | C21: 811810047 | D21: 66 | E21: Male | F21: -6128 days - 302 days | G21: Office Visit | H21: Ketoacidosis due to type 1 diabetes mellitus (EHR); Type 1 diabetes mellitus (EHR); | S21: insulin glargine (day 25, for 150 days); insulin aspart, human (day 28, for 0 days); insulin aspart, human (day 63, for 0 days); insulin aspart, human (day 148, for 0 days); insulin glargine (day 206, for 69 days); insulin aspart, human (day 206, for 0 days); insulin aspart, human (day 248, for 0 days); insulin aspart, human (day 298, for 0 days); | U21: CASE
A22: C | C22: 1626210870 | D22: 4 | E22: Female | F22: -1373 days - 1158 days | G22: Office Visit | H22: Ketoacidosis due to type 1 diabetes mellitus (EHR); Type 1 diabetes mellitus (EHR); | S22: insulin glargine (day 7, for 46 days); insulin aspart, human (day 7, for 46 days); insulin aspart, human (day 160, for 27 days); insulin aspart, human (day 221, for 926 days); insulin glargine (day 221, for 309 days); | U22: CASE
A23: C | C23: 2213210607 | D23: 45 | E23: Female | F23: -5870 days - 361 days | G23: Office Visit | H23: Ketoacidosis due to type 1 diabetes mellitus (EHR); | Q23: Type 1 diabetes mellitus (day 13) | S23: insulin aspart, human (day 14, for 0 days); insulin glargine (day 14, for 0 days); insulin glargine (day 55, for 0 days); insulin aspart, human (day 55, for 0 days); insulin glargine (day 124, for 54 days); insulin aspart, human (day 154, for 24 days); insulin aspart, human (day 228, for 0 days); insulin glargine (day 242, for 0 days); insulin aspart, human (day 291, for 0 days); insulin glargine (day 291, for 0 days); insulin glargine (day 343, for 0 days); insulin aspart, human (day 343, for 0 days); | U23: CASE
A24: C | C24: 5494710200 | D24: 13 | E24: Male | F24: -4682 days - 160 days | G24: Office Visit | H24: Nocturia (EHR); Type 1 diabetes mellitus (EHR); | S24: insulin aspart, human (day 15, for 27 days); insulin degludec (day 15, for 27 days); insulin degludec (day 74, for 0 days); insulin aspart, human (day 74, for 0 days); insulin aspart, human (day 107, for 0 days); insulin degludec (day 107, for 0 days); insulin aspart, human (day 143, for 0 days); insulin degludec (day 143, for 0 days); | U24: CASE
A25: C | C25: 1525510677 | D25: 36 | E25: Male | F25: -1456 days - 7966 days | G25: Office Visit | H25: Thyrotoxicosis (EHR); Type 1 diabetes mellitus (EHR); | Q25: Diabetes mellitus (day 204); Disorder of left macula due to diabetes mellitus (day 6596); Disorder of macula due to diabetes mellitus (day 6524, 6596); Nonproliferative retinopathy due to diabetes mellitus (day 5136, 5586, 6524, 6596, 6827); Nonproliferative retinopathy of left eye due to diabetes mellitus (day 5136, 5586, 6524, 6596); Nonproliferative retinopathy of right eye due to diabetes mellitus (day 5586, 6524, 6596); Peripheral nerve disease (day 4493); Type 1 diabetes mellitus (day 245, 1184, 1227, 1281, 1342, 1609, 1771, 2051) | S25: insulin aspart, human (day 218, for 152 days); insulin aspart, human (day 413, for 0 days); insulin aspart, human (day 469, for 0 days); insulin aspart, human (day 510, for 0 days); insulin aspart, human (day 566, for 0 days); insulin aspart, human (day 621, for 0 days); insulin aspart, human (day 672, for 0 days); insulin aspart, human (day 716, for 0 days); insulin aspart, human (day 775, for 0 days); insulin aspart, human (day 819, for 0 days); insulin aspart, human (day 873, for 0 days); insulin aspart, human (day 931, for 0 days); insulin aspart, human (day 972, for 0 days); insulin aspart, human (day 1041, for 0 days); insulin aspart, human (day 1076, for 0 days); insulin aspart, human (day 1136, for 0 days); insulin aspart, human (day 1189, for 0 days); insulin aspart, human (day 1230, for 0 days); insulin aspart, human (day 1294, for 0 days); insulin aspart, human (day 1337, for 0 days); insulin aspart, human (day 1395, for 0 days); insulin aspart, human (day 1437, for 0 days); insulin aspart, human (day 1498, for 0 days); insulin aspart, human (day 1541, for 0 days); insulin aspart, human (day 1595, for 0 days); insulin aspart, human (day 1631, for 0 days); insulin aspart, human (day 1679, for 0 days); insulin aspart, human (day 1735, for 0 days); insulin aspart, human (day 1791, for 0 days); insulin aspart, human (day 1833, for 0 days); insulin aspart, human (day 1881, for 0 days); insulin aspart, human (day 1940, for 0 days); insulin aspart, human (day 1974, for 0 days); insulin aspart, human (day 2037, for 0 days); insulin aspart, human (day 2092, for 0 days); insulin aspart, human (day 2140, for 0 days); insulin aspart, human (day 2199, for 0 days); insulin aspart, human (day 2234, for 0 days); insulin aspart, human (day 2287, for 0 days); insulin aspart, human (day 2346, for 28 days); insulin aspart, human (day 2428, for 0 days); insulin aspart, human (day 2485, for 0 days); insulin aspart, human (day 2521, for 0 days); insulin aspart, human (day 2581, for 0 days); insulin aspart, human (day 2631, for 0 days); insulin aspart, human (day 2674, for 0 days); insulin aspart, human (day 2744, for 0 days); insulin aspart, human (day 2785, for 0 days); insulin aspart, human (day 2870, for 0 days); insulin aspart, human (day 2906, for 0 days); insulin aspart, human (day 2968, for 0 days); insulin aspart, human (day 3003, for 0 days); insulin aspart, human (day 3065, for 0 days); insulin aspart, human (day 3122, for 0 days); insulin aspart, human (day 3176, for 0 days); insulin aspart, human (day 3220, for 0 days); insulin aspart, human (day 3271, for 0 days); insulin aspart, human (day 3317, for 0 days); insulin aspart, human (day 3369, for 0 days); insulin aspart, human (day 3430, for 0 days); insulin aspart, human (day 3486, for 0 days); insulin aspart, human (day 3534, for 0 days); insulin aspart, human (day 3584, for 0 days); insulin aspart, human (day 3628, for 164 days); insulin glargine (day 3746, for 26 days); insulin glargine (day 3810, for 21 days); insulin aspart, human (day 3831, for 0 days); insulin glargine (day 3884, for 0 days); insulin glargine (day 3918, for 0 days); insulin aspart, human (day 3918, for 0 days); insulin glargine (day 3974, for 21 days); insulin aspart, human (day 3974, for 21 days); insulin glargine (day 4051, for 0 days); insulin aspart, human (day 4122, for 0 days); insulin aspart, human (day 4269, for 0 days); insulin aspart, human (day 4325, for 0 days); insulin aspart, human (day 4424, for 0 days); insulin aspart, human (day 4510, for 0 days); insulin aspart, human (day 4629, for 0 days); insulin aspart, human (day 4689, for 0 days); insulin aspart, human (day 4836, for 0 days); insulin aspart, human (day 4927, for 0 days); insulin aspart, human (day 5054, for 0 days); insulin aspart, human (day 5091, for 0 days); insulin aspart, human (day 5146, for 0 days); insulin aspart, human (day 5208, for 0 days); insulin aspart, human (day 5406, for 0 days); insulin aspart, human (day 5560, for 0 days); insulin aspart, human (day 5671, for 0 days); insulin aspart, human (day 5759, for 0 days); insulin aspart, human (day 5819, for 0 days); insulin aspart, human (day 5936, for 0 days); insulin aspart, human (day 6041, for 0 days); insulin aspart, human (day 6091, for 0 days); insulin aspart, human (day 6195, for 0 days); insulin aspart, human (day 6260, for 27 days); insulin aspart, human (day 6518, for 0 days); insulin aspart, human (day 6560, for 0 days); insulin aspart, human (day 6676, for 0 days); insulin aspart, human (day 6772, for 4 days); insulin aspart, human (day 6928, for 0 days); insulin aspart, human (day 7019, for 0 days); insulin glargine (day 7022, for 48 days); insulin aspart, human (day 7070, for 0 days); insulin glargine (day 7103, for 0 days); insulin glargine (day 7141, for 27 days); insulin aspart, human (day 7160, for 8 days); insulin glargine (day 7208, for 25 days); insulin glargine (day 7280, for 6 days); insulin aspart, human (day 7286, for 0 days); insulin glargine (day 7330, for 0 days); insulin aspart, human (day 7379, for 0 days); insulin glargine (day 7379, for 0 days); insulin glargine (day 7415, for 0 days); insulin aspart, human (day 7440, for 0 days); insulin glargine (day 7471, for 0 days); insulin aspart, human (day 7483, for 0 days); insulin glargine (day 7506, for 0 days); insulin glargine (day 7539, for 0 days); insulin aspart, human (day 7548, for 0 days); insulin glargine (day 7593, for 0 days); insulin aspart, human (day 7630, for 0 days); insulin glargine (day 7630, for 21 days); insulin glargine (day 7692, for 24 days); insulin aspart, human (day 7692, for 0 days); insulin aspart, human (day 7771, for 0 days); insulin glargine (day 7771, for 0 days); insulin glargine (day 7814, for 0 days); insulin aspart, human (day 7814, for 0 days); insulin aspart, human (day 7863, for 0 days); insulin glargine (day 7863, for 26 days); insulin glargine (day 7923, for 0 days); insulin aspart, human (day 7937, for 0 days); | U25: CASE
A26: C | C26: 3810766 | D26: 11 | E26: Male | F26: -2710 days - 2698 days | G26: Office Visit | H26: Type 1 diabetes mellitus (EHR); | Q26: Nonproliferative retinopathy of left eye due to diabetes mellitus (day 2465) | S26: insulin aspart, human (day 3, for 27 days); insulin, regular, human (day 3, for 1 days); insulin aspart, human (day 179, for 27 days); insulin glargine (day 213, for 0 days); insulin glargine (day 325, for 0 days); insulin aspart, human (day 403, for 27 days); insulin glargine (day 403, for 0 days); insulin glargine (day 456, for 30 days); insulin glargine (day 584, for 0 days); insulin aspart, human (day 598, for 186 days); insulin glargine (day 630, for 0 days); insulin glargine (day 672, for 0 days); insulin glargine (day 708, for 49 days); insulin glargine (day 805, for 0 days); insulin aspart, human (day 871, for 27 days); insulin glargine (day 871, for 0 days); insulin glargine (day 906, for 20 days); insulin aspart, human (day 934, for 27 days); insulin glargine (day 966, for 0 days); insulin glargine (day 1005, for 21 days); insulin aspart, human (day 1026, for 27 days); insulin glargine (day 1073, for 49 days); insulin aspart, human (day 1122, for 27 days); insulin glargine (day 1162, for 35 days); insulin aspart, human (day 1221, for 31 days); insulin glargine (day 1334, for 0 days); insulin aspart, human (day 1387, for 27 days); insulin glargine (day 1431, for 0 days); insulin glargine (day 1586, for 0 days); insulin glargine (day 1753, for 27 days); insulin aspart, human (day 1780, for 27 days); insulin glargine (day 1885, for 0 days); insulin aspart, human (day 1885, for 27 days); insulin aspart, human (day 2038, for 27 days); insulin glargine (day 2038, for 0 days); insulin aspart, human (day 2130, for 27 days); insulin glargine (day 2130, for 0 days); insulin aspart, human (day 2219, for 27 days); insulin glargine (day 2345, for 0 days); insulin aspart, human (day 2345, for 27 days); insulin glargine (day 2415, for 0 days); insulin aspart, human (day 2415, for 27 days); insulin glargine (day 2479, for 0 days); insulin aspart, human (day 2479, for 27 days); insulin glargine (day 2642, for 0 days); insulin aspart, human (day 2683, for 27 days); insulin glargine (day 2683, for 0 days); | U26: CASE
A27: N | B27: T2DM | C27: 4610438 | D27: 72 | E27: Male | F27: -7344 days - 1896 days | G27: Office Visit | H27: Type 1 diabetes mellitus (EHR); Type 2 diabetes mellitus (EHR); | K27: Chronic kidney disease stage 3A (day -379) | Q27: Carpal tunnel syndrome (day 1788); Chronic kidney disease stage 3B (day 175) | S27: insulin aspart, human (day 3, for 0 days); insulin glargine (day 41, for 27 days); insulin aspart, human (day 41, for 27 days); insulin aspart, human (day 160, for 49 days); insulin glargine (day 160, for 49 days); insulin glargine (day 461, for 27 days); insulin glargine (day 577, for 27 days); insulin aspart, human (day 681, for 27 days); insulin glargine (day 681, for 27 days); insulin aspart, human (day 794, for 27 days); insulin glargine (day 794, for 27 days); insulin glargine (day 864, for 27 days); insulin glargine (day 941, for 27 days); insulin glargine (day 1018, for 27 days); insulin glargine (day 1122, for 27 days); insulin glargine (day 1204, for 27 days); insulin glargine (day 1277, for 27 days); insulin glargine (day 1351, for 27 days); insulin glargine (day 1434, for 27 days); insulin glargine (day 1533, for 27 days); insulin glargine (day 1613, for 27 days); insulin glargine (day 1697, for 79 days); insulin glargine (day 1827, for 27 days); insulin aspart, human (day 1833, for 0 days); | U27: NON-CASE | V27: Likely index date misclassification (TD2M)
A28: C | C28: 9710983 | D28: 12 | E28: Male | F28: -2448 days - 5280 days | G28: Office Visit | H28: Type 1 diabetes mellitus (EHR); | Q28: Nonproliferative retinopathy of right eye due to diabetes mellitus (day 2176) | S28: insulin aspart, human (day 3, for 30 days); insulin aspart, human (day 68, for 30 days); insulin aspart, human (day 130, for 56 days); insulin aspart, human (day 250, for 28 days); insulin aspart, human (day 314, for 1088 days); insulin aspart, human (day 1441, for 377 days); insulin aspart, human (day 1875, for 1910 days); insulin aspart, human (day 3839, for 27 days); insulin aspart, human (day 3931, for 78 days); insulin aspart, human (day 4078, for 63 days); insulin aspart, human (day 4248, for 110 days); insulin aspart, human (day 4441, for 27 days); insulin aspart, human (day 4499, for 27 days); insulin aspart, human (day 4689, for 136 days); insulin aspart, human (day 4870, for 112 days); insulin aspart, human (day 5066, for 103 days); insulin aspart, human (day 5255, for 27 days); | U28: CASE
A29: P | C29: 62910668 | D29: 59 | E29: Male | F29: -3237 days - 2951 days | G29: Office Visit | H29: Type 1 diabetes mellitus (EHR); | Q29: Type 1 diabetes mellitus (day 392, 803) | S29: insulin glargine (day 66, for 27 days); insulin aspart, human (day 66, for 27 days); insulin aspart, human (day 158, for 0 days); insulin glargine (day 180, for 0 days); insulin aspart, human (day 223, for 0 days); insulin aspart, human (day 279, for 0 days); insulin glargine (day 279, for 0 days); insulin aspart, human (day 349, for 0 days); insulin glargine (day 349, for 0 days); insulin aspart, human (day 392, for 0 days); insulin glargine (day 434, for 0 days); insulin aspart, human (day 434, for 0 days); insulin glargine (day 475, for 0 days); insulin aspart, human (day 475, for 0 days); insulin aspart, human (day 508, for 0 days); insulin aspart, human (day 542, for 0 days); insulin glargine (day 542, for 0 days); insulin aspart, human (day 607, for 0 days); insulin glargine (day 607, for 0 days); insulin glargine (day 661, for 0 days); insulin aspart, human (day 661, for 24 days); insulin aspart, human (day 738, for 0 days); insulin glargine (day 738, for 0 days); insulin glargine (day 782, for 0 days); insulin aspart, human (day 782, for 0 days); insulin aspart, human (day 819, for 21 days); insulin glargine (day 840, for 0 days); insulin aspart, human (day 875, for 0 days); insulin glargine (day 901, for 0 days); insulin aspart, human (day 927, for 30 days); insulin glargine (day 957, for 0 days); insulin aspart, human (day 1005, for 23 days); insulin glargine (day 1028, for 0 days); insulin aspart, human (day 1081, for 24 days); insulin glargine (day 1081, for 0 days); insulin aspart, human (day 1152, for 23 days); insulin glargine (day 1152, for 0 days); insulin aspart, human (day 1217, for 54 days); insulin glargine (day 1217, for 0 days); insulin glargine (day 1271, for 0 days); insulin aspart, human (day 1322, for 22 days); insulin glargine (day 1344, for 0 days); insulin aspart, human (day 1389, for 57 days); insulin glargine (day 1389, for 0 days); insulin glargine (day 1474, for 0 days); insulin aspart, human (day 1495, for 28 days); insulin glargine (day 1523, for 0 days); insulin aspart, human (day 1593, for 0 days); insulin glargine (day 1617, for 0 days); insulin aspart, human (day 1629, for 741 days); insulin glargine (day 1699, for 0 days); insulin glargine (day 1743, for 0 days); insulin glargine (day 1825, for 0 days); insulin glargine (day 1888, for 0 days); insulin glargine (day 1958, for 0 days); insulin glargine (day 2028, for 0 days); insulin glargine (day 2113, for 0 days); insulin glargine (day 2190, for 0 days); insulin glargine (day 2252, for 0 days); insulin glargine (day 2323, for 0 days); insulin glargine (day 2407, for 0 days); insulin aspart, human (day 2407, for 567 days); insulin glargine (day 2442, for 0 days); insulin glargine (day 2518, for 0 days); insulin glargine (day 2632, for 0 days); insulin glargine (day 2714, for 0 days); insulin glargine (day 2792, for 0 days); insulin glargine (day 2869, for 0 days); insulin glargine (day 2931, for 0 days); | U29: PROBABLE
A30: N | B30: Only Dx code | C30: 70210987 | D30: 75 | E30: Male | F30: -8396 days - 223 days | G30: Office Visit | H30: Type 1 diabetes mellitus (EHR); | U30: NON-CASE
A31: C | C31: 87610928 | D31: 14 | E31: Male | F31: -607 days - 2057 days | G31: Office Visit | H31: Type 1 diabetes mellitus (EHR); | Q31: Retinopathy due to diabetes mellitus (day 310) | S31: insulin aspart, human (day 11, for 1265 days); insulin aspart, human (day 1308, for 214 days); insulin aspart, human (day 1598, for 209 days); insulin aspart, human (day 1852, for 27 days); insulin aspart, human (day 1917, for 67 days); insulin aspart, human (day 2049, for 27 days); | U31: CASE
A32: C | C32: 92810885 | D32: 24 | E32: Male | F32: -4424 days - 2396 days | G32: Office Visit | H32: Type 1 diabetes mellitus (EHR); | Q32: Nonproliferative retinopathy of right eye due to diabetes mellitus (day 1269, 1971); Type 1 diabetes mellitus (day 555, 1862) | S32: insulin aspart, human (day 176, for 27 days); insulin aspart, human (day 249, for 27 days); insulin aspart, human (day 555, for 27 days); insulin aspart, human (day 617, for 902 days); insulin aspart, human (day 1576, for 167 days); insulin aspart, human (day 1808, for 187 days); insulin aspart, human (day 2073, for 82 days); insulin aspart, human (day 2219, for 156 days); | U32: CASE
A33: C | C33: 129310347 | D33: 30 | E33: Male | F33: -1008 days - 1233 days | G33: Office Visit | H33: Type 1 diabetes mellitus (EHR); | Q33: Ketoacidosis due to type 1 diabetes mellitus (day 5) | S33: insulin aspart, human (day 9, for 137 days); insulin aspart, human (day 181, for 113 days); insulin aspart, human (day 342, for 642 days); insulin aspart, human (day 1038, for 188 days); | U33: CASE
A34: P | C34: 214510962 | D34: 67 | E34: Female | F34: -4356 days - 3806 days | G34: Office Visit | H34: Type 1 diabetes mellitus (EHR); | K34: Nephrocalcinosis (day -1793) | S34: insulin glargine (day 0, for 0 days); insulin aspart, human (day 0, for 0 days); insulin aspart, human (day 241, for 0 days); insulin glargine (day 241, for 0 days); insulin glargine (day 377, for 0 days); insulin aspart, human (day 377, for 0 days); insulin glargine (day 461, for 0 days); insulin aspart, human (day 461, for 0 days); insulin glargine (day 574, for 0 days); insulin aspart, human (day 574, for 0 days); insulin aspart, human (day 670, for 0 days); insulin glargine (day 670, for 0 days); insulin aspart, human (day 759, for 0 days); insulin glargine (day 759, for 0 days); insulin glargine (day 847, for 0 days); insulin aspart, human (day 847, for 0 days); insulin aspart, human (day 945, for 0 days); insulin glargine (day 945, for 0 days); insulin aspart, human (day 1053, for 0 days); insulin glargine (day 1053, for 0 days); insulin aspart, human (day 1124, for 0 days); insulin glargine (day 1124, for 0 days); insulin glargine (day 1231, for 0 days); insulin aspart, human (day 1231, for 0 days); insulin degludec (day 1316, for 0 days); insulin aspart, human (day 1316, for 0 days); insulin degludec (day 1392, for 0 days); insulin aspart, human (day 1407, for 0 days); insulin degludec (day 1463, for 0 days); insulin aspart, human (day 1463, for 0 days); insulin degludec (day 1609, for 0 days); insulin aspart, human (day 1609, for 0 days); insulin aspart, human (day 1659, for 0 days); insulin degludec (day 1659, for 0 days); insulin degludec (day 1796, for 0 days); insulin aspart, human (day 1796, for 0 days); insulin degludec (day 1834, for 0 days); insulin aspart, human (day 1834, for 0 days); insulin degludec (day 2021, for 0 days); insulin aspart, human (day 2021, for 0 days); insulin aspart, human (day 2068, for 0 days); insulin degludec (day 2121, for 0 days); insulin degludec (day 2240, for 0 days); insulin aspart, human (day 2240, for 0 days); insulin degludec (day 2322, for 0 days); insulin aspart, human (day 2322, for 0 days); insulin aspart, human (day 2405, for 0 days); insulin degludec (day 2405, for 0 days); insulin degludec (day 2526, for 0 days); insulin aspart, human (day 2526, for 0 days); insulin degludec (day 2635, for 0 days); insulin aspart, human (day 2635, for 0 days); insulin degludec (day 2744, for 0 days); insulin aspart, human (day 2744, for 0 days); insulin degludec (day 2847, for 0 days); insulin aspart, human (day 2847, for 0 days); insulin degludec (day 2974, for 0 days); insulin aspart, human (day 2974, for 0 days); insulin degludec (day 3080, for 0 days); insulin aspart, human (day 3080, for 0 days); insulin degludec (day 3181, for 0 days); insulin aspart, human (day 3181, for 0 days); insulin aspart, human (day 3274, for 0 days); insulin degludec (day 3274, for 12 days); insulin aspart, human (day 3388, for 0 days); insulin aspart, human (day 3470, for 0 days); insulin degludec (day 3476, for 0 days); insulin degludec (day 3574, for 0 days); insulin aspart, human (day 3574, for 0 days); insulin aspart, human (day 3689, for 0 days); insulin degludec (day 3728, for 0 days); insulin aspart, human (day 3777, for 0 days); insulin degludec (day 3778, for 0 days); | U34: PROBABLE
A35: C | C35: 244010017 | D35: 17 | E35: Female | F35: -2243 days - 4576 days | G35: Office Visit | H35: Type 1 diabetes mellitus (EHR); Vulva sore (EHR); | Q35: Diabetes mellitus (day 1714); Ketoacidotic coma due to type 1 diabetes mellitus (day 1909); Type 1 diabetes mellitus (day 104) | S35: insulin, regular, human (day 6, for 408 days); insulin lispro (day 6, for 27 days); insulin lispro (day 163, for 27 days); insulin, regular, human (day 451, for 107 days); insulin lispro (day 485, for 27 days); insulin, regular, human (day 621, for 27 days); insulin, regular, human (day 697, for 27 days); insulin lispro (day 697, for 27 days); insulin aspart, human (day 733, for 27 days); insulin aspart, human (day 794, for 27 days); insulin aspart, human (day 893, for 27 days); insulin glargine (day 951, for 66 days); insulin glargine (day 1049, for 79 days); insulin aspart, human (day 1049, for 79 days); insulin aspart, human (day 1161, for 27 days); insulin glargine (day 1161, for 27 days); insulin glargine (day 1221, for 194 days); insulin aspart, human (day 1265, for 27 days); insulin aspart, human (day 1355, for 60 days); insulin glargine (day 1473, for 65 days); insulin aspart, human (day 1473, for 27 days); insulin glargine (day 1598, for 59 days); insulin aspart, human (day 1598, for 59 days); insulin aspart, human (day 1717, for 27 days); insulin glargine (day 1717, for 27 days); insulin glargine (day 1775, for 176 days); insulin aspart, human (day 1822, for 129 days); insulin glargine (day 1986, for 27 days); insulin aspart, human (day 1986, for 115 days); insulin glargine (day 2048, for 53 days); insulin aspart, human (day 2151, for 209 days); insulin glargine (day 2151, for 209 days); insulin aspart, human (day 2398, for 69 days); insulin glargine (day 2398, for 69 days); insulin aspart, human (day 2526, for 109 days); insulin glargine (day 2526, for 109 days); insulin aspart, human (day 2680, for 27 days); insulin glargine (day 2680, for 27 days); insulin aspart, human (day 2749, for 83 days); insulin glargine (day 2749, for 83 days); insulin aspart, human (day 2867, for 134 days); insulin glargine (day 2867, for 134 days); insulin aspart, human (day 3033, for 27 days); insulin glargine (day 3033, for 27 days); insulin glargine (day 3104, for 167 days); insulin aspart, human (day 3104, for 167 days); insulin glargine (day 3341, for 111 days); insulin aspart, human (day 3387, for 65 days); insulin glargine (day 3506, for 27 days); insulin aspart, human (day 3506, for 27 days); insulin aspart, human (day 3568, for 27 days); insulin glargine (day 3568, for 27 days); insulin glargine (day 3642, for 27 days); insulin aspart, human (day 3670, for 125 days); insulin glargine (day 3761, for 34 days); insulin glargine (day 3838, for 0 days); insulin aspart, human (day 3838, for 132 days); insulin glargine (day 3881, for 0 days); insulin glargine (day 3930, for 13 days); insulin aspart, human (day 4020, for 27 days); insulin glargine (day 4020, for 0 days); insulin aspart, human (day 4086, for 104 days); insulin glargine (day 4086, for 0 days); insulin glargine (day 4125, for 38 days); insulin glargine (day 4238, for 0 days); insulin aspart, human (day 4238, for 27 days); insulin aspart, human (day 4302, for 27 days); insulin glargine (day 4302, for 0 days); insulin aspart, human (day 4384, for 27 days); insulin glargine (day 4384, for 0 days); insulin aspart, human (day 4500, for 27 days); insulin glargine (day 4500, for 0 days); | U35: CASE
A36: C | C36: 319810053 | D36: 13 | E36: Male | F36: -1520 days - 2785 days | G36: Office Visit | H36: Type 1 diabetes mellitus (EHR); | Q36: Diabetes mellitus (day 314); Diabetic ketoacidosis (day 2134); Type 1 diabetes mellitus (day 1666) | S36: insulin, regular, human (day 4, for 628 days); insulin, regular, human (day 665, for 583 days); insulin aspart, human (day 1159, for 61 days); insulin glargine (day 1159, for 61 days); insulin glargine (day 1284, for 27 days); insulin aspart, human (day 1306, for 27 days); insulin, regular, human (day 1306, for 27 days); insulin aspart, human (day 1368, for 27 days); insulin glargine (day 1368, for 70 days); insulin, regular, human (day 1411, for 27 days); insulin, regular, human (day 1474, for 27 days); insulin aspart, human (day 1474, for 27 days); insulin glargine (day 1508, for 27 days); insulin aspart, human (day 1533, for 27 days); insulin, regular, human (day 1533, for 27 days); insulin aspart, human (day 1609, for 68 days); insulin, regular, human (day 1609, for 27 days); insulin glargine (day 1609, for 68 days); insulin, regular, human (day 1711, for 86 days); insulin aspart, human (day 1732, for 65 days); insulin glargine (day 1770, for 111 days); insulin, regular, human (day 1895, for 27 days); insulin aspart, human (day 1895, for 27 days); insulin, regular, human (day 1971, for 27 days); insulin glargine (day 1971, for 27 days); insulin aspart, human (day 1971, for 63 days); insulin, regular, human (day 2036, for 61 days); insulin glargine (day 2070, for 92 days); insulin aspart, human (day 2070, for 27 days); insulin aspart, human (day 2135, for 27 days); insulin, regular, human (day 2135, for 27 days); insulin aspart, human (day 2218, for 62 days); insulin glargine (day 2218, for 27 days); insulin, regular, human (day 2218, for 235 days); insulin glargine (day 2334, for 119 days); insulin aspart, human (day 2334, for 119 days); insulin glargine (day 2502, for 27 days); insulin, regular, human (day 2502, for 106 days); insulin aspart, human (day 2502, for 106 days); insulin, regular, human (day 2643, for 127 days); insulin aspart, human (day 2684, for 27 days); insulin glargine (day 2719, for 51 days); insulin aspart, human (day 2743, for 27 days); | U36: CASE
A37: N | B37: Metformin | C37: 358110249 | D37: 40 | E37: Male | F37: -1590 days - 8662 days | G37: Office Visit | H37: Type 1 diabetes mellitus (EHR); | K37: Herpes zoster ophthalmicus (day -1579, -1430) | Q37: Chronic kidney disease stage 3A (day 8503); Diabetes mellitus (day 189, 376, 980, 1019); Disorder of left macula due to diabetes mellitus (day 6093, 6179); Nonproliferative retinopathy of left eye due to diabetes mellitus (day 5170, 5725, 6093, 6179, 7117, 7504, 7889, 8277); Nonproliferative retinopathy of right eye due to diabetes mellitus (day 5170, 5372, 5725, 6093, 6179, 7117, 7504, 7889, 8277) | R37: Conversion to insulin (day 1097) | S37: metformin (day 980, for 27 days); insulin aspart, human (day 1105, for 27 days); insulin aspart, human (day 1194, for 27 days); insulin aspart, human (day 1257, for 27 days); insulin aspart, human (day 1323, for 27 days); insulin aspart, human (day 1384, for 225 days); insulin aspart, human (day 1656, for 0 days); insulin aspart, human (day 1699, for 0 days); insulin aspart, human (day 1735, for 0 days); insulin aspart, human (day 1768, for 0 days); insulin aspart, human (day 1803, for 0 days); insulin aspart, human (day 1847, for 0 days); insulin aspart, human (day 1881, for 0 days); insulin aspart, human (day 1929, for 0 days); insulin aspart, human (day 1965, for 0 days); insulin aspart, human (day 2013, for 29 days); insulin aspart, human (day 2091, for 30 days); insulin aspart, human (day 2161, for 20 days); insulin aspart, human (day 2217, for 0 days); insulin aspart, human (day 2259, for 0 days); insulin aspart, human (day 2296, for 0 days); insulin aspart, human (day 2330, for 0 days); insulin aspart, human (day 2363, for 0 days); insulin aspart, human (day 2406, for 0 days); insulin aspart, human (day 2442, for 55 days); insulin aspart, human (day 2540, for 7 days); insulin aspart, human (day 2582, for 0 days); insulin aspart, human (day 2624, for 0 days); insulin aspart, human (day 2664, for 0 days); insulin aspart, human (day 2706, for 14 days); insulin aspart, human (day 2765, for 0 days); insulin aspart, human (day 2799, for 0 days); insulin aspart, human (day 2833, for 23 days); insulin aspart, human (day 2897, for 0 days); insulin aspart, human (day 2931, for 76 days); insulin aspart, human (day 3051, for 0 days); insulin aspart, human (day 3084, for 24 days); insulin aspart, human (day 3140, for 100 days); insulin aspart, human (day 3288, for 0 days); insulin aspart, human (day 3321, for 29 days); insulin aspart, human (day 3386, for 0 days); insulin aspart, human (day 3419, for 42 days); insulin aspart, human (day 3511, for 24 days); insulin aspart, human (day 3567, for 16 days); insulin aspart, human (day 3615, for 29 days); insulin aspart, human (day 3680, for 0 days); insulin aspart, human (day 3723, for 27 days); insulin aspart, human (day 3791, for 28 days); insulin aspart, human (day 3855, for 0 days); insulin aspart, human (day 3889, for 30 days); insulin aspart, human (day 3982, for 19 days); insulin aspart, human (day 4046, for 0 days); insulin aspart, human (day 4080, for 0 days); insulin aspart, human (day 4114, for 27 days); insulin aspart, human (day 4185, for 27 days); insulin aspart, human (day 4256, for 0 days); insulin aspart, human (day 4291, for 48 days); insulin aspart, human (day 4375, for 0 days); insulin aspart, human (day 4409, for 0 days); insulin aspart, human (day 4450, for 0 days); insulin aspart, human (day 4494, for 26 days); insulin aspart, human (day 4553, for 0 days); insulin aspart, human (day 4590, for 0 days); insulin aspart, human (day 4624, for 83 days); insulin aspart, human (day 4750, for 27 days); insulin aspart, human (day 4812, for 0 days); insulin aspart, human (day 4843, for 0 days); insulin aspart, human (day 4884, for 12 days); insulin aspart, human (day 4938, for 0 days); insulin aspart, human (day 4969, for 75 days); insulin aspart, human (day 5079, for 0 days); insulin aspart, human (day 5113, for 0 days); insulin aspart, human (day 5148, for 53 days); insulin aspart, human (day 5241, for 0 days); insulin aspart, human (day 5276, for 58 days); insulin aspart, human (day 5368, for 21 days); insulin aspart, human (day 5449, for 29 days); insulin aspart, human (day 5516, for 0 days); insulin aspart, human (day 5548, for 58 days); insulin aspart, human (day 5647, for 0 days); insulin aspart, human (day 5682, for 57 days); insulin aspart, human (day 5778, for 0 days); insulin aspart, human (day 5815, for 0 days); insulin aspart, human (day 5864, for 0 days); insulin aspart, human (day 5904, for 0 days); insulin aspart, human (day 5940, for 0 days); insulin aspart, human (day 5976, for 0 days); insulin aspart, human (day 6016, for 0 days); insulin aspart, human (day 6052, for 0 days); insulin aspart, human (day 6087, for 0 days); insulin aspart, human (day 6121, for 0 days); insulin aspart, human (day 6165, for 47 days); insulin aspart, human (day 6268, for 0 days); insulin aspart, human (day 6307, for 24 days); insulin aspart, human (day 6382, for 0 days); insulin aspart, human (day 6417, for 28 days); insulin aspart, human (day 6480, for 26 days); insulin aspart, human (day 6548, for 29 days); insulin aspart, human (day 6613, for 0 days); insulin aspart, human (day 6648, for 55 days); insulin aspart, human (day 6739, for 0 days); insulin aspart, human (day 6779, for 0 days); insulin aspart, human (day 6815, for 55 days); insulin aspart, human (day 6905, for 0 days); insulin aspart, human (day 6944, for 0 days); insulin aspart, human (day 6975, for 56 days); insulin aspart, human (day 7066, for 0 days); insulin aspart, human (day 7102, for 139 days); insulin aspart, human (day 7290, for 225 days); insulin aspart, human (day 7571, for 29 days); insulin aspart, human (day 7648, for 156 days); insulin aspart, human (day 7846, for 77 days); insulin aspart, human (day 7983, for 112 days); insulin aspart, human (day 8148, for 0 days); insulin aspart, human (day 8180, for 0 days); insulin aspart, human (day 8214, for 0 days); insulin aspart, human (day 8264, for 52 days); insulin aspart, human (day 8350, for 29 days); insulin aspart, human (day 8410, for 29 days); insulin aspart, human (day 8473, for 44 days); insulin aspart, human (day 8571, for 0 days); insulin aspart, human (day 8606, for 56 days); | U37: NON-CASE | V37: Likely index date misclassification (metformin use)
A38: P | C38: 401410971 | D38: 19 | E38: Female | F38: -807 days - 2793 days | G38: Office Visit | H38: Type 1 diabetes mellitus (EHR); | S38: insulin aspart, human (day 35, for 27 days); insulin aspart, human (day 103, for 27 days); insulin aspart, human (day 264, for 78 days); insulin aspart, human (day 414, for 27 days); insulin aspart, human (day 945, for 64 days); insulin aspart, human (day 1041, for 27 days); insulin aspart, human (day 1307, for 72 days); insulin, regular, human (day 1618, for 1 days); insulin, regular, human (day 1664, for 1 days); insulin, regular, human (day 1751, for 1 days); insulin aspart, human (day 1751, for 27 days); insulin, regular, human (day 1799, for 1 days); insulin aspart, human (day 1923, for 27 days); insulin aspart, human (day 2024, for 27 days); insulin, regular, human (day 2024, for 1 days); insulin, regular, human (day 2087, for 1 days); insulin glulisine, human (day 2227, for 6 days); insulin glulisine, human (day 2375, for 6 days); insulin aspart, human (day 2476, for 161 days); insulin, regular, human (day 2498, for 1 days); insulin aspart, human (day 2683, for 110 days); insulin glargine (day 2785, for 0 days); | U38: PROBABLE
A39: P | C39: 461910966 | D39: 31 | E39: Male | F39: -10893 days - 2316 days | G39: Office Visit | H39: Type 1 diabetes mellitus (EHR); | K39: Herpes zoster (day -6191) | S39: insulin lispro (day 0, for 0 days); insulin aspart, human (day 52, for 28 days); insulin degludec (day 52, for 28 days); insulin degludec (day 111, for 0 days); insulin aspart, human (day 111, for 0 days); insulin aspart, human (day 181, for 0 days); insulin aspart, human (day 226, for 113 days); insulin degludec (day 226, for 57 days); insulin degludec (day 339, for 0 days); insulin aspart, human (day 409, for 0 days); insulin aspart, human (day 475, for 0 days); insulin degludec (day 517, for 30 days); insulin aspart, human (day 517, for 30 days); insulin aspart, human (day 722, for 0 days); insulin aspart, human (day 778, for 0 days); insulin aspart, human (day 918, for 0 days); insulin aspart, human (day 972, for 0 days); insulin aspart, human (day 1084, for 0 days); insulin degludec (day 1112, for 0 days); insulin degludec (day 1196, for 0 days); insulin aspart, human (day 1196, for 0 days); insulin aspart, human (day 1248, for 0 days); insulin aspart, human (day 1304, for 0 days); insulin degludec (day 1304, for 0 days); insulin degludec (day 1360, for 28 days); insulin aspart, human (day 1360, for 28 days); insulin aspart, human (day 1444, for 0 days); insulin degludec (day 1444, for 0 days); insulin aspart, human (day 1597, for 281 days); insulin degludec (day 1597, for 281 days); insulin aspart, human (day 1931, for 28 days); insulin degludec (day 1931, for 56 days); insulin aspart, human (day 2015, for 80 days); insulin degludec (day 2043, for 52 days); insulin degludec (day 2164, for 58 days); insulin aspart, human (day 2169, for 25 days); insulin aspart, human (day 2247, for 56 days); insulin degludec (day 2274, for 29 days); | U39: PROBABLE
A40: C | C40: 476910620 | D40: 72 | E40: Female | F40: -741 days - 720 days | G40: Office Visit | H40: Type 1 diabetes mellitus (EHR); | L40: insulin, regular, human (day -714, for 304 days); insulin, regular, human (day -374, for 315 days); insulin, regular, human (day -8, for 266 days); | Q40: Disorder of kidney due to diabetes mellitus (day 252) | S40: insulin, regular, human (day 342, for 83 days); insulin, regular, human (day 517, for 27 days); insulin, regular, human (day 608, for 27 days); | U40: CASE
A41: P | C41: 553410900 | D41: 19 | E41: Male | F41: -7096 days - 458 days | G41: Office Visit | H41: Type 1 diabetes mellitus (EHR); | S41: insulin aspart, human (day 5, for 19 days); insulin aspart, human (day 79, for 0 days); insulin aspart, human (day 202, for 0 days); insulin aspart, human (day 240, for 0 days); insulin aspart, human (day 311, for 30 days); insulin aspart, human (day 446, for 0 days); | U41: PROBABLE
A42: C | C42: 679310873 | D42: 13 | E42: Male | F42: -2781 days - 5542 days | G42: Office Visit | H42: Type 1 diabetes mellitus (EHR); | Q42: Diabetic ketoacidosis (day 682, 3147); Nonproliferative retinopathy of left eye due to diabetes mellitus (day 4444); Nonproliferative retinopathy of right eye due to diabetes mellitus (day 1603, 4822, 5216) | S42: insulin glargine (day 0, for 390 days); insulin aspart, human (day 0, for 390 days); insulin glargine (day 432, for 27 days); insulin aspart, human (day 432, for 27 days); insulin glargine (day 496, for 27 days); insulin aspart, human (day 496, for 236 days); insulin glargine (day 596, for 136 days); insulin glargine (day 784, for 0 days); insulin aspart, human (day 784, for 287 days); insulin glargine (day 826, for 0 days); insulin glargine (day 882, for 0 days); insulin glargine (day 926, for 0 days); insulin glargine (day 960, for 0 days); insulin glargine (day 993, for 51 days); insulin glargine (day 1112, for 0 days); insulin aspart, human (day 1112, for 27 days); insulin glargine (day 1174, for 0 days); insulin aspart, human (day 1174, for 125 days); insulin glargine (day 1223, for 0 days); insulin glargine (day 1272, for 0 days); insulin glargine (day 1426, for 0 days); insulin aspart, human (day 1426, for 84 days); insulin glargine (day 1483, for 0 days); insulin aspart, human (day 1542, for 27 days); insulin glargine (day 1542, for 0 days); insulin glargine (day 1609, for 0 days); insulin aspart, human (day 1609, for 211 days); insulin glargine (day 1665, for 0 days); insulin glargine (day 1708, for 0 days); insulin glargine (day 1749, for 0 days); insulin glargine (day 1793, for 0 days); insulin glargine (day 1878, for 0 days); insulin aspart, human (day 1878, for 27 days); insulin glargine (day 1972, for 0 days); insulin aspart, human (day 2003, for 27 days); insulin glargine (day 2003, for 0 days); insulin glargine (day 2147, for 0 days); insulin aspart, human (day 2147, for 84 days); insulin glargine (day 2204, for 0 days); insulin glargine (day 2266, for 0 days); insulin aspart, human (day 2266, for 181 days); insulin glargine (day 2323, for 0 days); insulin glargine (day 2365, for 0 days); insulin glargine (day 2420, for 0 days); insulin aspart, human (day 2484, for 27 days); insulin glargine (day 2484, for 0 days); insulin glargine (day 2548, for 0 days); insulin aspart, human (day 2548, for 165 days); insulin glargine (day 2603, for 0 days); insulin glargine (day 2653, for 0 days); insulin glargine (day 2686, for 0 days); insulin glargine (day 2750, for 0 days); insulin aspart, human (day 2750, for 258 days); insulin glargine (day 2807, for 0 days); insulin glargine (day 2856, for 0 days); insulin glargine (day 2890, for 0 days); insulin glargine (day 2940, for 0 days); insulin glargine (day 2981, for 0 days); insulin glargine (day 3051, for 0 days); insulin aspart, human (day 3051, for 83 days); insulin glargine (day 3107, for 0 days); insulin glargine (day 3169, for 0 days); insulin aspart, human (day 3169, for 84 days); insulin glargine (day 3226, for 0 days); insulin degludec (day 3305, for 26 days); insulin aspart, human (day 3331, for 27 days); insulin degludec (day 3382, for 0 days); insulin degludec (day 3438, for 0 days); insulin aspart, human (day 3438, for 73 days); insulin degludec (day 3484, for 0 days); insulin degludec (day 3527, for 0 days); insulin degludec (day 3583, for 49 days); insulin aspart, human (day 3583, for 124 days); insulin degludec (day 3680, for 0 days); insulin aspart, human (day 3778, for 76 days); insulin degludec (day 3778, for 49 days); insulin aspart, human (day 3934, for 119 days); insulin degludec (day 3934, for 0 days); insulin degludec (day 3991, for 35 days); insulin degludec (day 4088, for 28 days); insulin aspart, human (day 4088, for 111 days); insulin degludec (day 4172, for 0 days); insulin degludec (day 4235, for 0 days); insulin aspart, human (day 4235, for 27 days); insulin degludec (day 4296, for 0 days); insulin aspart, human (day 4296, for 83 days); insulin degludec (day 4352, for 29 days); insulin degludec (day 4612, for 0 days); insulin aspart, human (day 4612, for 27 days); insulin aspart, human (day 4670, for 27 days); insulin degludec (day 4670, for 0 days); insulin aspart, human (day 4746, for 71 days); insulin degludec (day 4746, for 0 days); insulin degludec (day 4781, for 36 days); insulin degludec (day 4864, for 100 days); insulin aspart, human (day 4864, for 100 days); insulin degludec (day 4998, for 118 days); insulin aspart, human (day 4998, for 118 days); insulin degludec (day 5153, for 0 days); insulin aspart, human (day 5153, for 0 days); insulin degludec (day 5189, for 48 days); insulin aspart, human (day 5189, for 48 days); insulin aspart, human (day 5277, for 59 days); insulin degludec (day 5277, for 59 days); insulin aspart, human (day 5369, for 156 days); insulin degludec (day 5369, for 156 days); | U42: CASE
A43: P | C43: 726310128 | D43: 17 | E43: Female | F43: -2750 days - 3041 days | G43: Office Visit | H43: Type 1 diabetes mellitus (EHR); | Q43: Diabetes mellitus (day 2534) | S43: insulin aspart, human (day 7, for 0 days); insulin aspart, human (day 41, for 0 days); insulin aspart, human (day 154, for 22 days); insulin aspart, human (day 316, for 0 days); insulin aspart, human (day 479, for 0 days); insulin aspart, human (day 800, for 0 days); insulin aspart, human (day 846, for 0 days); insulin aspart, human (day 1123, for 0 days); insulin aspart, human (day 1178, for 0 days); insulin aspart, human (day 1508, for 0 days); insulin aspart, human (day 1576, for 0 days); insulin aspart, human (day 1646, for 0 days); insulin aspart, human (day 1704, for 0 days); insulin aspart, human (day 1759, for 0 days); insulin aspart, human (day 1826, for 0 days); insulin aspart, human (day 1884, for 0 days); insulin aspart, human (day 1940, for 0 days); insulin aspart, human (day 1989, for 0 days); insulin aspart, human (day 2037, for 0 days); insulin aspart, human (day 2073, for 0 days); insulin aspart, human (day 2192, for 0 days); insulin aspart, human (day 2226, for 0 days); insulin aspart, human (day 2276, for 26 days); insulin aspart, human (day 2387, for 0 days); insulin aspart, human (day 2534, for 22 days); insulin aspart, human (day 2589, for 0 days); insulin aspart, human (day 2661, for 0 days); insulin aspart, human (day 2701, for 0 days); insulin degludec (day 2703, for 0 days); insulin degludec (day 2740, for 0 days); insulin degludec (day 2778, for 0 days); insulin aspart, human (day 2778, for 0 days); insulin degludec (day 2810, for 0 days); insulin aspart, human (day 2810, for 0 days); insulin degludec (day 2856, for 0 days); insulin aspart, human (day 2856, for 0 days); insulin aspart, human (day 2907, for 0 days); insulin degludec (day 2907, for 0 days); insulin aspart, human (day 2963, for 0 days); insulin degludec (day 2963, for 0 days); insulin aspart, human (day 2996, for 0 days); insulin degludec (day 2996, for 0 days); | U43: PROBABLE
A44: C | C44: 740710960 | D44: 12 | E44: Female | F44: -4109 days - 3892 days | G44: Office Visit | H44: Type 1 diabetes mellitus (EHR); | Q44: Nonproliferative retinopathy of left eye due to diabetes mellitus (day 1909, 2798, 3771) | S44: insulin aspart, human (day 7, for 27 days); insulin glargine (day 64, for 0 days); insulin aspart, human (day 75, for 27 days); insulin glargine (day 103, for 0 days); insulin aspart, human (day 135, for 548 days); insulin glargine (day 467, for 0 days); insulin aspart, human (day 730, for 1375 days); insulin glargine (day 778, for 0 days); insulin glargine (day 881, for 0 days); insulin glargine (day 1153, for 0 days); insulin glargine (day 1289, for 0 days); insulin glargine (day 1514, for 0 days); insulin glargine (day 1881, for 0 days); insulin aspart, human (day 2140, for 80 days); insulin glargine (day 2168, for 0 days); insulin glargine (day 2228, for 0 days); insulin aspart, human (day 2267, for 232 days); insulin aspart, human (day 2561, for 503 days); insulin glargine (day 3050, for 0 days); insulin aspart, human (day 3116, for 99 days); insulin aspart, human (day 3254, for 3 days); insulin aspart, human (day 3305, for 3 days); insulin aspart, human (day 3346, for 3 days); insulin aspart, human (day 3387, for 0 days); insulin aspart, human (day 3424, for 42 days); insulin aspart, human (day 3506, for 18 days); insulin aspart, human (day 3568, for 3 days); insulin aspart, human (day 3611, for 3 days); insulin aspart, human (day 3667, for 39 days); insulin aspart, human (day 3737, for 104 days); | U44: CASE
A45: C | C45: 758210667 | D45: 7 | E45: Male | F45: -2681 days - 483 days | G45: Office Visit | H45: Type 1 diabetes mellitus (EHR); | S45: insulin aspart, human (day 3, for 37 days); insulin aspart, human (day 258, for 27 days); insulin aspart, human (day 344, for 151 days); | U45: CASE
A46: C | C46: 772810288 | D46: 15 | E46: Male | F46: -5181 days - 2942 days | G46: Office Visit | H46: Type 1 diabetes mellitus (EHR); | S46: insulin glargine (day 0, for 0 days); insulin aspart, human (day 0, for 0 days); insulin glargine (day 45, for 0 days); insulin aspart, human (day 45, for 0 days); insulin aspart, human (day 356, for 0 days); insulin aspart, human (day 389, for 0 days); insulin aspart, human (day 430, for 28 days); insulin glargine (day 473, for 0 days); insulin aspart, human (day 502, for 0 days); insulin glargine (day 535, for 0 days); insulin aspart, human (day 535, for 84 days); insulin glargine (day 619, for 0 days); insulin aspart, human (day 658, for 55 days); insulin glargine (day 662, for 0 days); insulin glargine (day 713, for 0 days); insulin aspart, human (day 753, for 0 days); insulin glargine (day 774, for 0 days); insulin aspart, human (day 788, for 78 days); insulin glargine (day 836, for 30 days); insulin glargine (day 903, for 0 days); insulin aspart, human (day 903, for 0 days); insulin aspart, human (day 934, for 67 days); insulin glargine (day 959, for 0 days); insulin glargine (day 998, for 0 days); insulin aspart, human (day 1035, for 0 days); insulin glargine (day 1043, for 0 days); insulin glargine (day 1095, for 0 days); insulin aspart, human (day 1095, for 0 days); insulin aspart, human (day 1127, for 77 days); insulin glargine (day 1148, for 21 days); insulin glargine (day 1235, for 39 days); insulin aspart, human (day 1235, for 63 days); insulin glargine (day 1312, for 66 days); insulin aspart, human (day 1333, for 67 days); insulin aspart, human (day 1431, for 105 days); insulin glargine (day 1431, for 105 days); insulin aspart, human (day 1571, for 35 days); insulin glargine (day 1571, for 35 days); insulin glargine (day 1659, for 0 days); insulin aspart, human (day 1659, for 0 days); insulin aspart, human (day 1697, for 42 days); insulin glargine (day 1697, for 42 days); insulin glargine (day 1782, for 17 days); insulin aspart, human (day 1782, for 17 days); insulin aspart, human (day 1866, for 0 days); insulin glargine (day 1866, for 0 days); insulin glargine (day 1928, for 80 days); insulin aspart, human (day 1928, for 80 days); insulin aspart, human (day 2056, for 20 days); insulin glargine (day 2056, for 20 days); insulin aspart, human (day 2120, for 0 days); insulin glargine (day 2120, for 0 days); insulin aspart, human (day 2183, for 0 days); insulin glargine (day 2183, for 0 days); insulin glargine (day 2264, for 21 days); insulin aspart, human (day 2264, for 21 days); insulin aspart, human (day 2317, for 0 days); insulin glargine (day 2317, for 0 days); insulin glargine (day 2593, for 0 days); insulin aspart, human (day 2593, for 0 days); insulin glargine (day 2667, for 0 days); insulin aspart, human (day 2667, for 0 days); insulin aspart, human (day 2770, for 0 days); insulin aspart, human (day 2806, for 0 days); | U46: CASE
A47: P | C47: 795410971 | D47: 2 | E47: Female | F47: -721 days - 3490 days | G47: Office Visit | H47: Type 1 diabetes mellitus (EHR); | U47: PROBABLE
A48: C | C48: 826210737 | D48: 3 | E48: Female | F48: -1045 days - 1862 days | G48: Office Visit | H48: Type 1 diabetes mellitus (EHR); | S48: insulin, regular, human (day 53, for 2 days); insulin aspart, human (day 83, for 27 days); insulin aspart, human (day 173, for 27 days); insulin, regular, human (day 246, for 2 days); insulin aspart, human (day 361, for 0 days); insulin aspart, human (day 445, for 0 days); insulin aspart, human (day 481, for 0 days); insulin aspart, human (day 552, for 27 days); insulin aspart, human (day 624, for 27 days); insulin aspart, human (day 713, for 0 days); insulin aspart, human (day 795, for 97 days); insulin aspart, human (day 931, for 75 days); insulin aspart, human (day 1055, for 76 days); insulin aspart, human (day 1182, for 278 days); insulin aspart, human (day 1496, for 229 days); insulin aspart, human (day 1768, for 65 days); | U48: CASE
A49: C | C49: 831210567 | D49: 40 | E49: Male | F49: -373 days - 6403 days | G49: Office Visit | H49: Type 1 diabetes mellitus (EHR); | Q49: Diabetes mellitus (day 4032); Persistent proteinuria due to type 1 diabetes mellitus (day 2844); Type 1 diabetes mellitus (day 2102) | S49: insulin, regular, human (day 1076, for 31 days); insulin, regular, human (day 1174, for 27 days); insulin, regular, human (day 1286, for 27 days); insulin, regular, human (day 1364, for 27 days); insulin, regular, human (day 1463, for 27 days); insulin, regular, human (day 1538, for 76 days); insulin, regular, human (day 1692, for 27 days); insulin, regular, human (day 1804, for 27 days); insulin, regular, human (day 1910, for 27 days); insulin, regular, human (day 1997, for 27 days); insulin, regular, human (day 2101, for 27 days); insulin, regular, human (day 2191, for 27 days); insulin, regular, human (day 2252, for 27 days); insulin, regular, human (day 2346, for 27 days); insulin, regular, human (day 2416, for 27 days); insulin aspart, human (day 2427, for 79 days); insulin aspart, human (day 2547, for 27 days); insulin aspart, human (day 2616, for 27 days); insulin aspart, human (day 2679, for 76 days); insulin aspart, human (day 2799, for 27 days); insulin aspart, human (day 2868, for 27 days); insulin aspart, human (day 2926, for 27 days); insulin aspart, human (day 2991, for 27 days); insulin aspart, human (day 3054, for 27 days); insulin aspart, human (day 3114, for 78 days); insulin aspart, human (day 3290, for 83 days); insulin aspart, human (day 3411, for 79 days); insulin aspart, human (day 3530, for 27 days); insulin aspart, human (day 3596, for 27 days); insulin aspart, human (day 3654, for 27 days); insulin aspart, human (day 3719, for 27 days); insulin aspart, human (day 3778, for 27 days); insulin aspart, human (day 3837, for 27 days); insulin aspart, human (day 3906, for 27 days); insulin aspart, human (day 3968, for 27 days); insulin aspart, human (day 4030, for 84 days); insulin aspart, human (day 4149, for 27 days); insulin aspart, human (day 4208, for 27 days); insulin aspart, human (day 4268, for 127 days); insulin aspart, human (day 4437, for 27 days); insulin aspart, human (day 4555, for 27 days); insulin aspart, human (day 4622, for 27 days); insulin aspart, human (day 4689, for 27 days); insulin aspart, human (day 4760, for 27 days); insulin aspart, human (day 4842, for 27 days); insulin aspart, human (day 4907, for 27 days); insulin aspart, human (day 4977, for 27 days); insulin aspart, human (day 5063, for 27 days); insulin aspart, human (day 5143, for 27 days); insulin aspart, human (day 5213, for 27 days); insulin aspart, human (day 5279, for 27 days); insulin aspart, human (day 5361, for 27 days); insulin aspart, human (day 5434, for 27 days); insulin aspart, human (day 5494, for 27 days); insulin aspart, human (day 5585, for 27 days); insulin aspart, human (day 5683, for 27 days); insulin aspart, human (day 5741, for 84 days); insulin aspart, human (day 5892, for 27 days); insulin aspart, human (day 5971, for 83 days); insulin aspart, human (day 6109, for 27 days); insulin aspart, human (day 6189, for 82 days); insulin aspart, human (day 6314, for 83 days); | U49: CASE
A50: P | C50: 878310732 | D50: 31 | E50: Female | F50: -862 days - 447 days | G50: Office Visit | H50: Type 1 diabetes mellitus (EHR); | U50: PROBABLE
A51: P | C51: 880910162 | D51: 28 | E51: Male | F51: -3867 days - 3532 days | G51: Office Visit | H51: Type 1 diabetes mellitus (EHR); | S51: insulin aspart, human (day 18, for 0 days); insulin glargine (day 18, for 27 days); insulin glargine (day 101, for 61 days); insulin aspart, human (day 101, for 0 days); insulin aspart, human (day 135, for 0 days); insulin glargine (day 226, for 27 days); insulin glargine (day 291, for 27 days); insulin aspart, human (day 291, for 0 days); insulin aspart, human (day 443, for 0 days); insulin glargine (day 472, for 27 days); insulin aspart, human (day 603, for 0 days); insulin glargine (day 632, for 27 days); insulin glargine (day 735, for 27 days); insulin aspart, human (day 735, for 0 days); insulin aspart, human (day 822, for 0 days); insulin glargine (day 822, for 27 days); insulin glargine (day 925, for 27 days); insulin aspart, human (day 925, for 0 days); insulin aspart, human (day 1017, for 0 days); insulin glargine (day 1017, for 27 days); insulin aspart, human (day 1100, for 0 days); insulin glargine (day 1100, for 27 days); insulin glargine (day 1173, for 27 days); insulin aspart, human (day 1173, for 0 days); insulin aspart, human (day 1246, for 18 days); insulin glargine (day 1246, for 45 days); insulin aspart, human (day 1402, for 0 days); insulin glargine (day 1402, for 27 days); insulin glargine (day 1473, for 27 days); insulin aspart, human (day 1473, for 0 days); insulin aspart, human (day 1537, for 0 days); insulin glargine (day 1556, for 127 days); insulin aspart, human (day 1584, for 0 days); insulin aspart, human (day 1656, for 0 days); insulin aspart, human (day 1753, for 0 days); insulin glargine (day 1753, for 27 days); insulin glargine (day 1821, for 0 days); insulin aspart, human (day 1821, for 0 days); insulin glargine (day 1884, for 0 days); insulin aspart, human (day 1928, for 0 days); insulin glargine (day 1963, for 0 days); insulin aspart, human (day 2003, for 0 days); insulin aspart, human (day 2083, for 0 days); insulin glargine (day 2102, for 14 days); insulin aspart, human (day 2171, for 0 days); insulin glargine (day 2247, for 0 days); insulin aspart, human (day 2256, for 0 days); insulin aspart, human (day 2306, for 0 days); insulin glargine (day 2327, for 0 days); insulin aspart, human (day 2390, for 0 days); insulin glargine (day 2390, for 0 days); insulin glargine (day 2464, for 0 days); insulin aspart, human (day 2528, for 0 days); insulin glargine (day 2528, for 0 days); insulin aspart, human (day 2601, for 0 days); insulin glargine (day 2601, for 0 days); insulin glargine (day 2643, for 0 days); insulin aspart, human (day 2643, for 0 days); insulin glargine (day 2733, for 0 days); insulin aspart, human (day 2758, for 0 days); insulin glargine (day 2804, for 0 days); insulin aspart, human (day 2829, for 0 days); insulin glargine (day 2859, for 0 days); insulin aspart, human (day 2886, for 0 days); insulin aspart, human (day 2941, for 0 days); insulin glargine (day 2941, for 0 days); insulin aspart, human (day 3006, for 0 days); insulin glargine (day 3006, for 0 days); insulin glargine (day 3067, for 0 days); insulin aspart, human (day 3090, for 0 days); insulin glargine (day 3144, for 0 days); insulin aspart, human (day 3159, for 0 days); insulin aspart, human (day 3208, for 0 days); insulin glargine (day 3208, for 0 days); insulin glargine (day 3283, for 0 days); insulin aspart, human (day 3306, for 0 days); insulin glargine (day 3347, for 0 days); insulin aspart, human (day 3377, for 0 days); insulin glargine (day 3424, for 0 days); insulin aspart, human (day 3444, for 0 days); insulin glargine (day 3483, for 0 days); insulin aspart, human (day 3515, for 0 days); | U51: PROBABLE
A52: C | C52: 888710791 | D52: 12 | E52: Female | F52: -4300 days - 2667 days | G52: Office Visit | H52: Type 1 diabetes mellitus (EHR); | S52: insulin aspart, human (day 2, for 27 days); insulin aspart, human (day 61, for 815 days); insulin aspart, human (day 929, for 1742 days); | U52: CASE
A53: N | B53: Steroid-induced diabetes ? | C53: 932610840 | D53: 13 | E53: Female | F53: -2926 days - 3431 days | G53: Office Visit | H53: Type 1 diabetes mellitus (EHR); | I53: Autoimmune hepatitis (day -61) | K53: Steroid-induced diabetes (day -64) | S53: insulin aspart, human (day 0, for 27 days); | U53: NON-CASE | V53: Likely index date misclassification (steroid use)
A54: P | C54: 954410764 | D54: 19 | E54: Female | F54: -3400 days - 4459 days | G54: Office Visit | H54: Type 1 diabetes mellitus (EHR); | S54: insulin aspart, human (day 0, for 37 days); insulin aspart, human (day 70, for 14 days); insulin aspart, human (day 128, for 21 days); insulin aspart, human (day 181, for 0 days); insulin aspart, human (day 213, for 0 days); insulin aspart, human (day 269, for 0 days); insulin aspart, human (day 321, for 0 days); insulin aspart, human (day 359, for 15 days); insulin aspart, human (day 666, for 0 days); insulin aspart, human (day 700, for 0 days); insulin aspart, human (day 860, for 0 days); insulin aspart, human (day 969, for 28 days); insulin aspart, human (day 1154, for 29 days); insulin aspart, human (day 1505, for 29 days); insulin aspart, human (day 1711, for 29 days); insulin aspart, human (day 1948, for 29 days); insulin aspart, human (day 2142, for 29 days); insulin aspart, human (day 2354, for 29 days); insulin aspart, human (day 2597, for 29 days); insulin glargine (day 2676, for 47 days); insulin glargine (day 2794, for 0 days); insulin glargine (day 2841, for 23 days); insulin aspart, human (day 2841, for 29 days); insulin glargine (day 2898, for 49 days); insulin glargine (day 2998, for 0 days); insulin aspart, human (day 2998, for 29 days); insulin aspart, human (day 3069, for 29 days); insulin glargine (day 3069, for 0 days); insulin glargine (day 3142, for 30 days); insulin glargine (day 3205, for 0 days); insulin glargine (day 3237, for 20 days); insulin glargine (day 3292, for 0 days); insulin glargine (day 3332, for 2 days); insulin glargine (day 3373, for 2 days); insulin aspart, human (day 3373, for 29 days); insulin glargine (day 3447, for 2 days); insulin glargine (day 3500, for 2 days); insulin glargine (day 3549, for 2 days); insulin aspart, human (day 3550, for 29 days); insulin glargine (day 3625, for 2 days); insulin glargine (day 3705, for 2 days); insulin glargine (day 3767, for 2 days); insulin glargine (day 3807, for 31 days); insulin aspart, human (day 3844, for 89 days); insulin glargine (day 3870, for 4 days); insulin aspart, human (day 4020, for 3 days); insulin aspart, human (day 4055, for 3 days); insulin aspart, human (day 4130, for 3 days); insulin aspart, human (day 4202, for 3 days); insulin aspart, human (day 4249, for 3 days); insulin aspart, human (day 4284, for 3 days); insulin aspart, human (day 4321, for 3 days); insulin aspart, human (day 4392, for 3 days); | U54: PROBABLE
A55: C | C55: 959010761 | D55: 9 | E55: Female | F55: -3233 days - 5447 days | G55: Office Visit | H55: Type 1 diabetes mellitus (EHR); | Q55: Depressive disorder (day 3611); Ketoacidosis due to type 1 diabetes mellitus (day 3149); Nonproliferative retinopathy of left eye due to diabetes mellitus (day 1262, 1968, 4751, 4852); Nonproliferative retinopathy of right eye due to diabetes mellitus (day 4299, 4751, 4852) | S55: insulin, regular, human (day 5, for 97 days); insulin aspart, human (day 5, for 0 days); insulin aspart, human (day 93, for 27 days); insulin, regular, human (day 258, for 27 days); insulin aspart, human (day 258, for 37 days); insulin, regular, human (day 322, for 27 days); insulin aspart, human (day 364, for 61 days); insulin, regular, human (day 422, for 81 days); insulin aspart, human (day 511, for 27 days); insulin, regular, human (day 580, for 27 days); insulin aspart, human (day 692, for 112 days); insulin, regular, human (day 692, for 27 days); insulin, regular, human (day 777, for 27 days); insulin, regular, human (day 841, for 27 days); insulin aspart, human (day 841, for 27 days); insulin, regular, human (day 936, for 27 days); insulin aspart, human (day 936, for 27 days); insulin glargine (day 961, for 27 days); insulin aspart, human (day 999, for 491 days); insulin glargine (day 1062, for 27 days); insulin glargine (day 1155, for 27 days); insulin glargine (day 1213, for 129 days); insulin glargine (day 1406, for 84 days); insulin aspart, human (day 1574, for 97 days); insulin glargine (day 1574, for 27 days); insulin glargine (day 1644, for 27 days); insulin aspart, human (day 1707, for 113 days); insulin glargine (day 1707, for 113 days); insulin glargine (day 1888, for 65 days); insulin aspart, human (day 1888, for 87 days); insulin aspart, human (day 2037, for 27 days); insulin aspart, human (day 2123, for 79 days); insulin aspart, human (day 2240, for 55 days); insulin aspart, human (day 2351, for 464 days); insulin aspart, human (day 2861, for 26 days); insulin aspart, human (day 2925, for 3 days); insulin aspart, human (day 2968, for 194 days); insulin aspart, human (day 3197, for 3 days); insulin aspart, human (day 3240, for 3 days); insulin aspart, human (day 3281, for 3 days); insulin aspart, human (day 3324, for 3 days); insulin aspart, human (day 3369, for 36 days); insulin aspart, human (day 3457, for 157 days); insulin aspart, human (day 3654, for 3 days); insulin aspart, human (day 3702, for 47 days); insulin aspart, human (day 3838, for 3 days); insulin aspart, human (day 3912, for 27 days); insulin aspart, human (day 3974, for 3 days); insulin aspart, human (day 4032, for 86 days); insulin aspart, human (day 4160, for 3 days); insulin aspart, human (day 4200, for 3 days); insulin aspart, human (day 4283, for 3 days); insulin aspart, human (day 4356, for 3 days); insulin aspart, human (day 4422, for 52 days); insulin aspart, human (day 4528, for 3 days); insulin aspart, human (day 4564, for 3 days); insulin aspart, human (day 4613, for 3 days); insulin aspart, human (day 4669, for 3 days); insulin aspart, human (day 4724, for 3 days); insulin aspart, human (day 4760, for 3 days); insulin aspart, human (day 4802, for 66 days); insulin aspart, human (day 4986, for 3 days); insulin aspart, human (day 5041, for 3 days); insulin aspart, human (day 5091, for 51 days); insulin aspart, human (day 5203, for 57 days); insulin aspart, human (day 5305, for 110 days); | U55: CASE
A56: N | B56: Metformin | C56: 1026210195 | D56: 37 | E56: Male | F56: -7836 days - 2083 days | G56: Office Visit | H56: Type 1 diabetes mellitus (EHR); | Q56: Depressive disorder (day 2022); Diabetes mellitus (day 1225); Nonproliferative retinopathy of left eye due to diabetes mellitus (day 1685) | S56: insulin lispro (day 1, for 27 days); insulin lispro (day 82, for 27 days); insulin lispro (day 153, for 27 days); insulin lispro (day 251, for 27 days); insulin lispro (day 356, for 27 days); insulin lispro (day 441, for 27 days); insulin lispro (day 585, for 27 days); insulin lispro (day 694, for 139 days); insulin lispro (day 876, for 27 days); insulin lispro (day 944, for 27 days); insulin glargine (day 985, for 117 days); insulin lispro (day 1002, for 275 days); insulin glargine (day 1145, for 27 days); insulin glargine (day 1219, for 58 days); insulin lispro (day 1308, for 182 days); insulin glargine (day 1392, for 0 days); insulin glargine (day 1441, for 22 days); insulin lispro (day 1524, for 565 days); insulin glargine (day 1524, for 28 days); insulin glargine (day 1636, for 0 days); insulin glargine (day 1709, for 0 days); insulin glargine (day 1748, for 23 days); metformin (day 1834, for 136 days); insulin glargine (day 1853, for 0 days); insulin glargine (day 1909, for 0 days); insulin glargine (day 1943, for 0 days); metformin (day 2022, for 67 days); insulin glargine (day 2034, for 0 days); | U56: NON-CASE | V56: Likely index date misclassification (metformin use)
A57: P | C57: 1084310679 | D57: 14 | E57: Male | F57: -3543 days - 3451 days | G57: Office Visit | H57: Type 1 diabetes mellitus (EHR); | S57: insulin aspart, human (day 13, for 3428 days); | U57: PROBABLE
A58: P | C58: 1086910999 | D58: 27 | E58: Male | F58: -6397 days - 478 days | G58: Office Visit | H58: Type 1 diabetes mellitus (EHR); | S58: insulin degludec (day 7, for 20 days); insulin aspart, human (day 7, for 20 days); insulin degludec (day 96, for 0 days); insulin aspart, human (day 96, for 0 days); insulin aspart, human (day 166, for 30 days); insulin degludec (day 195, for 0 days); insulin aspart, human (day 232, for 8 days); insulin degludec (day 232, for 8 days); insulin degludec (day 271, for 0 days); insulin aspart, human (day 271, for 94 days); insulin degludec (day 327, for 0 days); | U58: PROBABLE
A59: P | C59: 1112310707 | D59: 17 | E59: Male | F59: -2965 days - 2738 days | G59: Office Visit | H59: Type 1 diabetes mellitus (EHR); | Q59: Mixed anxiety and depressive disorder (day 1530); Type 1 diabetes mellitus (day 637) | S59: insulin glargine (day 7, for 0 days); insulin aspart, human (day 7, for 0 days); insulin glargine (day 107, for 0 days); insulin aspart, human (day 179, for 27 days); insulin glargine (day 266, for 0 days); insulin glargine (day 371, for 0 days); insulin glargine (day 428, for 0 days); insulin aspart, human (day 428, for 83 days); insulin glargine (day 548, for 0 days); insulin glargine (day 675, for 27 days); insulin aspart, human (day 753, for 66 days); insulin glargine (day 753, for 0 days); insulin glargine (day 792, for 0 days); insulin glargine (day 855, for 0 days); insulin aspart, human (day 855, for 27 days); insulin glargine (day 918, for 0 days); insulin aspart, human (day 963, for 82 days); insulin glargine (day 988, for 30 days); insulin glargine (day 1141, for 0 days); insulin glargine (day 1207, for 0 days); insulin glargine (day 1239, for 0 days); insulin aspart, human (day 1239, for 83 days); insulin glargine (day 1295, for 0 days); insulin glargine (day 1354, for 0 days); insulin aspart, human (day 1354, for 118 days); insulin glargine (day 1404, for 0 days); insulin glargine (day 1445, for 0 days); insulin glargine (day 1488, for 0 days); insulin aspart, human (day 1530, for 298 days); insulin glargine (day 1530, for 0 days); insulin glargine (day 1591, for 0 days); insulin glargine (day 1628, for 0 days); insulin glargine (day 1680, for 22 days); insulin glargine (day 1743, for 51 days); insulin glargine (day 1828, for 0 days); insulin aspart, human (day 1876, for 0 days); insulin glargine (day 1876, for 0 days); insulin aspart, human (day 1926, for 0 days); insulin glargine (day 1926, for 0 days); insulin aspart, human (day 1962, for 0 days); insulin glargine (day 1962, for 0 days); insulin aspart, human (day 2011, for 23 days); insulin glargine (day 2011, for 21 days); insulin aspart, human (day 2074, for 28 days); insulin glargine (day 2074, for 28 days); insulin glargine (day 2139, for 0 days); insulin aspart, human (day 2139, for 0 days); insulin glargine (day 2171, for 0 days); insulin aspart, human (day 2171, for 0 days); insulin glargine (day 2202, for 0 days); insulin glargine (day 2233, for 1 days); insulin glargine (day 2276, for 112 days); insulin aspart, human (day 2276, for 57 days); insulin aspart, human (day 2387, for 0 days); insulin aspart, human (day 2424, for 0 days); insulin glargine (day 2424, for 0 days); insulin glargine (day 2465, for 0 days); insulin aspart, human (day 2465, for 0 days); insulin aspart, human (day 2507, for 0 days); insulin glargine (day 2507, for 0 days); insulin glargine (day 2545, for 0 days); insulin aspart, human (day 2545, for 0 days); insulin aspart, human (day 2576, for 29 days); insulin glargine (day 2576, for 7 days); | U59: PROBABLE
A60: P | C60: 1146710626 | D60: 9 | E60: Male | F60: -1111 days - 1403 days | G60: Office Visit | H60: Type 1 diabetes mellitus (EHR); | S60: insulin aspart, human (day 6, for 132 days); insulin aspart, human (day 189, for 663 days); insulin aspart, human (day 1071, for 169 days); | U60: PROBABLE
A61: P | C61: 1244410740 | D61: 12 | E61: Female | F61: -942 days - 128 days | G61: Office Visit | H61: Type 1 diabetes mellitus (EHR); | S61: insulin aspart, human (day 2, for 104 days); | U61: PROBABLE
A62: C | C62: 1292410740 | D62: 29 | E62: Male | F62: -491 days - 383 days | G62: Office Visit | H62: Type 1 diabetes mellitus (EHR); | Q62: Nonproliferative retinopathy of left eye due to diabetes mellitus (day 56); Type 1 diabetes mellitus (day 80) | S62: insulin aspart, human (day 55, for 27 days); insulin degludec (day 55, for 27 days); insulin aspart, human (day 160, for 0 days); insulin degludec (day 166, for 42 days); insulin aspart, human (day 195, for 13 days); insulin aspart, human (day 308, for 21 days); insulin aspart, human (day 362, for 8 days); insulin degludec (day 367, for 3 days); | U62: CASE
A63: C | C63: 1344710011 | D63: 4 | E63: Female | F63: -1342 days - 228 days | G63: Office Visit | H63: Type 1 diabetes mellitus (EHR); | Q63: Ketoacidosis due to type 1 diabetes mellitus (day 32) | S63: insulin aspart, human (day 0, for 231 days); | U63: CASE
A64: P | C64: 1419010939 | D64: 16 | E64: Female | F64: -6083 days - 2955 days | G64: Office Visit | H64: Type 1 diabetes mellitus (EHR); | J64: Tired all the time (day -29) | S64: insulin aspart, human (day 45, for 4 days); insulin glargine (day 90, for 14 days); insulin aspart, human (day 104, for 4 days); insulin aspart, human (day 142, for 32 days); insulin aspart, human (day 213, for 14 days); insulin glargine (day 223, for 16 days); insulin aspart, human (day 266, for 1 days); insulin aspart, human (day 307, for 1 days); insulin glargine (day 380, for 0 days); insulin aspart, human (day 405, for 1 days); insulin glargine (day 426, for 0 days); insulin aspart, human (day 454, for 1 days); insulin aspart, human (day 493, for 1 days); insulin glargine (day 493, for 0 days); insulin aspart, human (day 535, for 1 days); insulin glargine (day 580, for 0 days); insulin aspart, human (day 588, for 52 days); insulin glargine (day 650, for 0 days); insulin aspart, human (day 672, for 0 days); insulin glargine (day 707, for 0 days); insulin aspart, human (day 763, for 0 days); insulin glargine (day 804, for 0 days); insulin aspart, human (day 833, for 727 days); insulin glargine (day 1532, for 0 days); insulin aspart, human (day 1612, for 500 days); insulin glargine (day 2071, for 0 days); insulin aspart, human (day 2144, for 27 days); insulin aspart, human (day 2255, for 27 days); insulin aspart, human (day 2325, for 56 days); insulin aspart, human (day 2414, for 27 days); insulin aspart, human (day 2507, for 215 days); insulin aspart, human (day 2764, for 27 days); insulin aspart, human (day 2830, for 40 days); insulin glargine (day 2838, for 0 days); insulin aspart, human (day 2904, for 63 days); | U64: PROBABLE
A65: P | C65: 1591110113 | D65: 3 | E65: Female | F65: -1197 days - 451 days | G65: Office Visit | H65: Type 1 diabetes mellitus (EHR); | S65: insulin aspart, human (day 31, for 125 days); insulin aspart, human (day 213, for 27 days); insulin aspart, human (day 283, for 65 days); insulin aspart, human (day 388, for 27 days); | U65: PROBABLE
A66: P | C66: 1654310321 | D66: 15 | E66: Male | F66: -2530 days - 2397 days | G66: Office Visit | H66: Type 1 diabetes mellitus (EHR); | Q66: Depressive disorder (day 1716); Diabetes mellitus (day 2131); Type 1 diabetes mellitus (day 1543, 1635, 2131) | S66: insulin aspart, human (day 3, for 0 days); insulin glargine (day 3, for 0 days); insulin glargine (day 38, for 0 days); insulin aspart, human (day 38, for 0 days); insulin aspart, human (day 92, for 0 days); insulin glargine (day 130, for 0 days); insulin aspart, human (day 296, for 98 days); insulin glargine (day 339, for 49 days); insulin aspart, human (day 469, for 0 days); insulin aspart, human (day 505, for 24 days); insulin glargine (day 596, for 0 days); insulin aspart, human (day 665, for 0 days); insulin glargine (day 666, for 0 days); insulin aspart, human (day 738, for 0 days); insulin glargine (day 738, for 0 days); insulin aspart, human (day 869, for 0 days); insulin glargine (day 1569, for 0 days); insulin aspart, human (day 1569, for 0 days); insulin glargine (day 2016, for 0 days); insulin aspart, human (day 2016, for 0 days); | U66: PROBABLE
A67: P | C67: 1697510114 | D67: 10 | E67: Male | F67: -3063 days - 80 days | G67: Office Visit | H67: Type 1 diabetes mellitus (EHR); | S67: insulin aspart, human (day 32, for 27 days); | U67: PROBABLE
A68: P | C68: 1721910713 | D68: 12 | E68: Female | F68: -2714 days - 871 days | G68: Office Visit | H68: Type 1 diabetes mellitus (EHR); | Q68: Diabetes mellitus (day 445, 845) | S68: insulin aspart, human (day 445, for 4 days); insulin glargine (day 445, for 0 days); insulin aspart, human (day 745, for 38 days); insulin glargine (day 779, for 0 days); | U68: PROBABLE
A69: C | C69: 1833510766 | D69: 4 | E69: Female | F69: -1405 days - 5656 days | G69: Office Visit | H69: Type 1 diabetes mellitus (EHR); | Q69: Ketoacidosis due to type 1 diabetes mellitus (day 4718) | S69: insulin, regular, human (day 2, for 28 days); insulin lispro (day 58, for 27 days); insulin, regular, human (day 75, for 27 days); insulin, regular, human (day 191, for 133 days); insulin lispro (day 303, for 27 days); insulin glargine (day 362, for 0 days); insulin lispro (day 388, for 27 days); insulin aspart, human (day 423, for 0 days); insulin aspart, human (day 456, for 1582 days); insulin lispro (day 542, for 27 days); insulin glargine (day 542, for 0 days); insulin glargine (day 905, for 0 days); insulin lispro (day 905, for 65 days); insulin lispro (day 1115, for 27 days); insulin lispro (day 1186, for 27 days); insulin glargine (day 1376, for 27 days); insulin lispro (day 1376, for 53 days); insulin aspart, human (day 2087, for 1248 days); insulin lispro (day 2546, for 27 days); insulin glargine (day 2546, for 27 days); insulin glargine (day 3035, for 27 days); insulin lispro (day 3035, for 27 days); insulin aspart, human (day 3400, for 0 days); insulin lispro (day 3400, for 27 days); insulin aspart, human (day 3448, for 0 days); insulin aspart, human (day 3516, for 0 days); insulin aspart, human (day 3557, for 0 days); insulin aspart, human (day 3636, for 29 days); insulin glargine (day 3665, for 27 days); insulin lispro (day 3665, for 27 days); insulin aspart, human (day 3742, for 0 days); insulin aspart, human (day 3792, for 25 days); insulin aspart, human (day 3888, for 0 days); insulin aspart, human (day 3972, for 0 days); insulin aspart, human (day 4113, for 0 days); insulin aspart, human (day 4166, for 0 days); insulin aspart, human (day 4257, for 0 days); insulin aspart, human (day 4300, for 0 days); insulin aspart, human (day 4363, for 0 days); insulin aspart, human (day 4432, for 0 days); insulin aspart, human (day 4490, for 0 days); insulin aspart, human (day 4595, for 0 days); insulin aspart, human (day 4642, for 0 days); insulin aspart, human (day 4679, for 0 days); insulin aspart, human (day 4741, for 0 days); insulin aspart, human (day 4792, for 0 days); insulin aspart, human (day 4826, for 0 days); insulin aspart, human (day 4868, for 0 days); insulin aspart, human (day 4911, for 0 days); insulin aspart, human (day 4986, for 0 days); insulin aspart, human (day 5079, for 0 days); insulin aspart, human (day 5167, for 0 days); insulin aspart, human (day 5261, for 0 days); insulin glargine (day 5294, for 0 days); insulin aspart, human (day 5294, for 2 days); insulin aspart, human (day 5384, for 23 days); insulin aspart, human (day 5482, for 0 days); insulin aspart, human (day 5561, for 0 days); insulin aspart, human (day 5622, for 0 days); | U69: CASE
A70: P | C70: 1837010125 | D70: 12 | E70: Female | F70: -4588 days - 2179 days | G70: Office Visit | H70: Type 1 diabetes mellitus (EHR); | Q70: Type 1 diabetes mellitus (day 1644) | S70: insulin aspart, human (day 0, for 83 days); insulin aspart, human (day 119, for 27 days); insulin aspart, human (day 202, for 27 days); insulin aspart, human (day 525, for 73 days); insulin aspart, human (day 1166, for 27 days); insulin aspart, human (day 1533, for 27 days); insulin aspart, human (day 2149, for 27 days); | U70: PROBABLE
A71: C | C71: 1865510448 | D71: 13 | E71: Male | F71: -2805 days - 862 days | G71: Office Visit | H71: Type 1 diabetes mellitus (EHR); | J71: Fatigue (day -4) | S71: insulin aspart, human (day 8, for 4 days); insulin glargine (day 29, for 0 days); insulin aspart, human (day 57, for 26 days); insulin aspart, human (day 125, for 4 days); insulin glargine (day 125, for 0 days); insulin aspart, human (day 210, for 4 days); insulin glargine (day 210, for 0 days); insulin aspart, human (day 262, for 49 days); insulin glargine (day 273, for 0 days); insulin aspart, human (day 405, for 4 days); insulin aspart, human (day 471, for 4 days); insulin aspart, human (day 568, for 4 days); insulin aspart, human (day 610, for 4 days); insulin aspart, human (day 680, for 4 days); insulin aspart, human (day 715, for 4 days); insulin glargine (day 715, for 0 days); insulin aspart, human (day 814, for 4 days); insulin glargine (day 853, for 0 days); insulin aspart, human (day 853, for 4 days); | U71: CASE
A72: P | C72: 2000210593 | D72: 7 | E72: Male | F72: -2213 days - 173 days | G72: Office Visit | H72: Type 1 diabetes mellitus (EHR); | S72: insulin glargine (day 4, for 27 days); insulin aspart, human (day 4, for 27 days); | U72: PROBABLE
A73: P | C73: 2062710552 | D73: 19 | E73: Male | F73: -384 days - 630 days | G73: Office Visit | H73: Type 1 diabetes mellitus (EHR); | Q73: Diabetes mellitus (day 17); Endogenous depression first episode (day 415) | S73: insulin aspart, human (day 62, for 0 days); insulin aspart, human (day 170, for 0 days); insulin aspart, human (day 415, for 0 days); insulin aspart, human (day 496, for 0 days); insulin aspart, human (day 588, for 0 days); | U73: PROBABLE
A74: P | C74: 2072410974 | D74: 17 | E74: Male | F74: -5305 days - 2323 days | G74: Office Visit | H74: Type 1 diabetes mellitus (EHR); | Q74: Mixed anxiety and depressive disorder (day 2251); Type 1 diabetes mellitus (day 43) | S74: insulin aspart, human (day 19, for 17 days); insulin glargine (day 34, for 2 days); insulin glargine (day 67, for 70 days); insulin aspart, human (day 70, for 67 days); insulin glargine (day 175, for 49 days); insulin aspart, human (day 175, for 49 days); insulin aspart, human (day 258, for 0 days); insulin glargine (day 258, for 0 days); insulin aspart, human (day 301, for 83 days); insulin glargine (day 301, for 83 days); insulin glargine (day 540, for 0 days); insulin aspart, human (day 540, for 26 days); insulin aspart, human (day 606, for 72 days); insulin glargine (day 651, for 27 days); insulin aspart, human (day 715, for 82 days); insulin glargine (day 715, for 82 days); insulin aspart, human (day 834, for 84 days); insulin glargine (day 837, for 81 days); insulin aspart, human (day 949, for 87 days); insulin glargine (day 949, for 87 days); insulin aspart, human (day 1076, for 29 days); insulin glargine (day 1076, for 29 days); insulin aspart, human (day 1142, for 28 days); insulin glargine (day 1142, for 28 days); insulin aspart, human (day 1210, for 0 days); insulin glargine (day 1210, for 0 days); insulin aspart, human (day 1243, for 0 days); insulin glargine (day 1243, for 0 days); insulin aspart, human (day 1280, for 30 days); insulin glargine (day 1280, for 30 days); insulin aspart, human (day 1341, for 51 days); insulin glargine (day 1341, for 51 days); insulin glargine (day 1426, for 0 days); insulin aspart, human (day 1426, for 0 days); insulin aspart, human (day 1468, for 0 days); insulin glargine (day 1468, for 0 days); insulin glargine (day 1509, for 25 days); insulin aspart, human (day 1509, for 25 days); insulin glargine (day 1567, for 27 days); insulin aspart, human (day 1567, for 27 days); insulin glargine (day 1651, for 0 days); insulin aspart, human (day 1651, for 0 days); insulin aspart, human (day 1712, for 46 days); insulin glargine (day 1712, for 46 days); insulin glargine (day 1807, for 28 days); insulin aspart, human (day 1807, for 28 days); insulin glargine (day 1875, for 0 days); insulin aspart, human (day 1875, for 0 days); insulin glargine (day 1932, for 26 days); insulin aspart, human (day 1932, for 26 days); insulin glargine (day 2041, for 23 days); insulin aspart, human (day 2041, for 23 days); insulin aspart, human (day 2101, for 0 days); insulin glargine (day 2101, for 0 days); insulin glargine (day 2140, for 0 days); insulin aspart, human (day 2140, for 0 days); insulin glargine (day 2177, for 22 days); insulin aspart, human (day 2177, for 22 days); insulin glargine (day 2233, for 0 days); insulin aspart, human (day 2233, for 0 days); insulin glargine (day 2280, for 28 days); insulin aspart, human (day 2280, for 28 days); | U74: PROBABLE
A75: P | C75: 2196210387 | D75: 6 | E75: Male | F75: -914 days - 935 days | G75: Office Visit | H75: Type 1 diabetes mellitus (EHR); | S75: insulin, regular, human (day 2, for 137 days); insulin, regular, human (day 199, for 27 days); insulin aspart, human (day 239, for 27 days); insulin, regular, human (day 331, for 27 days); insulin, regular, human (day 389, for 66 days); insulin aspart, human (day 389, for 66 days); insulin, regular, human (day 486, for 27 days); insulin aspart, human (day 568, for 83 days); insulin, regular, human (day 568, for 267 days); insulin aspart, human (day 710, for 59 days); insulin, regular, human (day 899, for 27 days); | U75: PROBABLE
A76: P | C76: 2220510348 | D76: 19 | E76: Male | F76: -943 days - 1218 days | G76: Office Visit | H76: Type 1 diabetes mellitus (EHR); | S76: insulin aspart, human (day 6, for 219 days); insulin aspart, human (day 258, for 205 days); | U76: PROBABLE
A77: P | C77: 2353710622 | D77: 16 | E77: Female | F77: -1658 days - 672 days | G77: Office Visit | H77: Type 1 diabetes mellitus (EHR); | I77: Celiac disease (day -742) | Q77: Type 1 diabetes mellitus (day 435) | S77: insulin aspart, human (day 0, for 13 days); insulin glargine (day 0, for 13 days); insulin aspart, human (day 55, for 86 days); insulin glargine (day 55, for 23 days); insulin glargine (day 141, for 0 days); insulin glargine (day 188, for 0 days); insulin aspart, human (day 188, for 28 days); insulin aspart, human (day 266, for 41 days); insulin glargine (day 307, for 0 days); insulin degludec (day 346, for 0 days); insulin aspart, human (day 357, for 0 days); insulin aspart, human (day 391, for 0 days); insulin degludec (day 391, for 0 days); insulin aspart, human (day 434, for 0 days); insulin degludec (day 434, for 0 days); insulin aspart, human (day 469, for 0 days); insulin degludec (day 469, for 0 days); insulin aspart, human (day 513, for 0 days); insulin aspart, human (day 561, for 0 days); insulin degludec (day 561, for 0 days); insulin degludec (day 637, for 0 days); insulin aspart, human (day 637, for 0 days); | U77: PROBABLE
A78: P | C78: 2459710934 | D78: 3 | E78: Male | F78: -951 days - 602 days | G78: Office Visit | H78: Type 1 diabetes mellitus (EHR); | S78: insulin aspart, human (day 1, for 228 days); insulin aspart, human (day 293, for 319 days); | U78: PROBABLE
A79: C | C79: 2625910670 | D79: 13 | E79: Female | F79: -2079 days - 1974 days | G79: Office Visit | H79: Type 1 diabetes mellitus (EHR); | Q79: Ketoacidosis due to type 1 diabetes mellitus (day 1248) | S79: insulin aspart, human (day 34, for 0 days); insulin, regular, human (day 37, for 50 days); insulin aspart, human (day 81, for 218 days); insulin aspart, human (day 338, for 288 days); insulin aspart, human (day 663, for 52 days); insulin aspart, human (day 746, for 27 days); insulin aspart, human (day 815, for 114 days); insulin aspart, human (day 993, for 27 days); insulin aspart, human (day 1083, for 97 days); insulin aspart, human (day 1217, for 194 days); insulin aspart, human (day 1451, for 115 days); insulin aspart, human (day 1663, for 222 days); insulin aspart, human (day 1945, for 27 days); | U79: CASE
A80: P | C80: 2850010979 | D80: 2 | E80: Male | F80: -630 days - 2283 days | G80: Office Visit | H80: Type 1 diabetes mellitus (EHR); | S80: insulin aspart, human (day 12, for 1 days); insulin aspart, human (day 55, for 1 days); insulin aspart, human (day 97, for 1 days); insulin aspart, human (day 201, for 127 days); insulin aspart, human (day 369, for 125 days); insulin aspart, human (day 541, for 58 days); insulin aspart, human (day 686, for 103 days); insulin aspart, human (day 832, for 27 days); insulin aspart, human (day 910, for 340 days); insulin aspart, human (day 1314, for 300 days); insulin aspart, human (day 1647, for 310 days); insulin aspart, human (day 1994, for 310 days); | U80: PROBABLE
A81: P | C81: 2990210861 | D81: 1 | E81: Male | F81: -367 days - 508 days | G81: Office Visit | H81: Type 1 diabetes mellitus (EHR); | S81: insulin aspart, human (day 106, for 3 days); insulin aspart, human (day 150, for 27 days); insulin aspart, human (day 220, for 27 days); insulin aspart, human (day 303, for 3 days); insulin aspart, human (day 373, for 3 days); insulin aspart, human (day 421, for 3 days); insulin aspart, human (day 488, for 15 days); | U81: PROBABLE
A82: P | C82: 3525210465 | D82: 53 | E82: Male | F82: -2268 days - 2189 days | G82: Office Visit | H82: Type 1 diabetes mellitus (EHR); | Q82: Type 1 diabetes mellitus (day 1266) | S82: insulin, regular, human (day 0, for 69 days); insulin, regular, human (day 383, for 27 days); insulin, regular, human (day 508, for 27 days); insulin, regular, human (day 605, for 27 days); insulin, regular, human (day 721, for 66 days); insulin, regular, human (day 1096, for 27 days); insulin, regular, human (day 1235, for 27 days); insulin, regular, human (day 1369, for 27 days); insulin, regular, human (day 1453, for 27 days); insulin, regular, human (day 1530, for 57 days); insulin, regular, human (day 1634, for 84 days); insulin, regular, human (day 1769, for 202 days); insulin, regular, human (day 2019, for 69 days); insulin, regular, human (day 2121, for 27 days); | U82: PROBABLE
A83: P | C83: 3782210815 | D83: 43 | E83: Female | F83: -1462 days - 4578 days | G83: Office Visit | H83: Type 1 diabetes mellitus (EHR); | S83: insulin aspart, human (day 2, for 0 days); insulin aspart, human (day 166, for 36 days); insulin glargine (day 175, for 0 days); insulin glargine (day 238, for 27 days); insulin aspart, human (day 238, for 27 days); insulin glargine (day 299, for 27 days); insulin aspart, human (day 383, for 27 days); insulin glargine (day 383, for 27 days); insulin aspart, human (day 537, for 27 days); insulin glargine (day 537, for 27 days); insulin glargine (day 737, for 27 days); insulin aspart, human (day 737, for 27 days); insulin aspart, human (day 807, for 27 days); insulin glargine (day 807, for 27 days); insulin aspart, human (day 1015, for 27 days); insulin glargine (day 1015, for 27 days); insulin aspart, human (day 1282, for 27 days); insulin glargine (day 1282, for 27 days); insulin glargine (day 1374, for 27 days); insulin aspart, human (day 1374, for 27 days); insulin aspart, human (day 1759, for 27 days); insulin glargine (day 1759, for 27 days); insulin glargine (day 1913, for 27 days); insulin aspart, human (day 1913, for 27 days); insulin aspart, human (day 2091, for 27 days); insulin glargine (day 2091, for 27 days); insulin aspart, human (day 2234, for 27 days); insulin glargine (day 2234, for 27 days); insulin aspart, human (day 2515, for 27 days); insulin glargine (day 2515, for 27 days); insulin aspart, human (day 2602, for 27 days); insulin glargine (day 2602, for 27 days); insulin aspart, human (day 2667, for 27 days); insulin glargine (day 2667, for 27 days); insulin glargine (day 2883, for 27 days); insulin aspart, human (day 2883, for 27 days); insulin glargine (day 3019, for 27 days); insulin aspart, human (day 3019, for 27 days); insulin glargine (day 3254, for 27 days); insulin aspart, human (day 3254, for 27 days); insulin glargine (day 3352, for 27 days); insulin aspart, human (day 3352, for 27 days); insulin glargine (day 3439, for 62 days); insulin aspart, human (day 3439, for 62 days); insulin glargine (day 3569, for 27 days); insulin aspart, human (day 3569, for 27 days); insulin aspart, human (day 3718, for 27 days); insulin glargine (day 3718, for 27 days); insulin glargine (day 3877, for 27 days); insulin aspart, human (day 3877, for 27 days); insulin aspart, human (day 4018, for 27 days); insulin glargine (day 4018, for 27 days); insulin aspart, human (day 4221, for 27 days); insulin glargine (day 4221, for 27 days); insulin aspart, human (day 4404, for 27 days); insulin glargine (day 4404, for 27 days); | U83: PROBABLE
A84: P | C84: 4946010229 | D84: 5 | E84: Female | F84: -1750 days - 6407 days | G84: Office Visit | H84: Type 1 diabetes mellitus (EHR); | Q84: Mixed anxiety and depressive disorder (day 5237); Type 1 diabetes mellitus (day 333) | S84: insulin lispro (day 1186, for 27 days); insulin glargine (day 1186, for 27 days); insulin glargine (day 1254, for 27 days); insulin lispro (day 1254, for 27 days); insulin lispro (day 1430, for 27 days); insulin lispro (day 1526, for 27 days); insulin glargine (day 1539, for 80 days); insulin lispro (day 1592, for 27 days); insulin lispro (day 1665, for 126 days); insulin glargine (day 1665, for 27 days); insulin glargine (day 1870, for 27 days); insulin lispro (day 1890, for 27 days); insulin lispro (day 1959, for 92 days); insulin glargine (day 2066, for 27 days); insulin lispro (day 2115, for 27 days); insulin lispro (day 2177, for 27 days); insulin glargine (day 2218, for 27 days); insulin lispro (day 2247, for 243 days); insulin glargine (day 2304, for 27 days); insulin glargine (day 2407, for 83 days); insulin lispro (day 2526, for 27 days); insulin lispro (day 2605, for 257 days); insulin glargine (day 2605, for 27 days); insulin glargine (day 2731, for 27 days); insulin glargine (day 2806, for 27 days); insulin lispro (day 2911, for 107 days); insulin glargine (day 2911, for 27 days); insulin glargine (day 2991, for 27 days); insulin lispro (day 3065, for 181 days); insulin glargine (day 3118, for 80 days); insulin glargine (day 3279, for 27 days); insulin lispro (day 3279, for 660 days); insulin glargine (day 3353, for 78 days); insulin glargine (day 3482, for 27 days); insulin glargine (day 3563, for 121 days); insulin glargine (day 3775, for 123 days); insulin lispro (day 3975, for 134 days); insulin glargine (day 3975, for 27 days); insulin glargine (day 4048, for 61 days); insulin glargine (day 4145, for 74 days); insulin lispro (day 4146, for 75 days); insulin lispro (day 4263, for 349 days); insulin glargine (day 4298, for 72 days); insulin glargine (day 4454, for 123 days); insulin lispro (day 4692, for 89 days); insulin glargine (day 4727, for 54 days); insulin glargine (day 4839, for 27 days); insulin lispro (day 4839, for 27 days); insulin glargine (day 4930, for 80 days); insulin lispro (day 4930, for 104 days); insulin lispro (day 5105, for 27 days); insulin glargine (day 5105, for 27 days); insulin glargine (day 6064, for 49 days); insulin lispro (day 6064, for 49 days); insulin lispro (day 6162, for 27 days); insulin glargine (day 6162, for 27 days); insulin glargine (day 6223, for 27 days); insulin lispro (day 6223, for 27 days); insulin glargine (day 6285, for 27 days); insulin glargine (day 6351, for 41 days); insulin lispro (day 6351, for 67 days); | U84: PROBABLE

Sheet Clinician-DPA
A1: personId | B1: age | C1: gender | D1: observationPeriod | E1: visitContext | F1: presentation | G1: comorbidities | H1: symptoms | I1: priorDisease | J1: priorDrugs | K1: priorTreatmentProcedures | L1: diagnosticProcedures | M1: measurements | N1: alternativeDiagnosis | O1: afterDisease | P1: afterTreatmentProcedures | Q1: afterDrugs | R1: death | S1: DANI | T1: NOTES
A2: 643110884 | B2: 50 | C2: Male | D2: -833 days - 4200 days | E2: Office Visit | F2: 10g monofilament sensation R foot normal (EHR); All pulses present in left foot (EHR); All pulses present in right foot (EHR); Type 1 diabetes mellitus (EHR); | O2: Type 1 diabetes mellitus (day 1516) | Q2: insulin aspart, human (day 36, for 2022 days); insulin aspart, human (day 2091, for 372 days); insulin aspart, human (day 2497, for 28 days); insulin aspart, human (day 2561, for 26 days); insulin aspart, human (day 2629, for 0 days); insulin aspart, human (day 2666, for 0 days); insulin aspart, human (day 2699, for 0 days); insulin aspart, human (day 2738, for 0 days); insulin aspart, human (day 2770, for 49 days); insulin aspart, human (day 2861, for 155 days); insulin aspart, human (day 3052, for 104 days); insulin aspart, human (day 3203, for 766 days); | S2: Probable (treatment-only)
A3: 706710306 | B3: 48 | C3: Male | D3: -2693 days - 5002 days | E3: Office Visit | F3: Acute pancreatitis (EHR); Type 1 diabetes mellitus (EHR); | O3: Chronic kidney disease stage 3 (day 2341); Diabetes mellitus (day 1670, 1800, 1922, 1985, 3353, 3612, 4397); Nonproliferative retinopathy due to diabetes mellitus (day 3251, 4517); Nonproliferative retinopathy of right eye due to diabetes mellitus (day 3251); Type 1 diabetes mellitus (day 1669) | Q3: insulin glargine (day 1670, for 157 days); insulin aspart, human (day 1823, for 27 days); insulin aspart, human (day 1894, for 55 days); insulin aspart, human (day 1985, for 27 days); insulin aspart, human (day 2066, for 94 days); insulin aspart, human (day 2227, for 0 days); insulin aspart, human (day 2271, for 0 days); insulin aspart, human (day 2334, for 0 days); insulin aspart, human (day 2387, for 0 days); insulin aspart, human (day 2478, for 0 days); insulin aspart, human (day 2517, for 0 days); insulin aspart, human (day 2591, for 0 days); insulin aspart, human (day 2642, for 0 days); insulin aspart, human (day 2706, for 0 days); insulin aspart, human (day 2765, for 0 days); insulin aspart, human (day 2823, for 0 days); insulin aspart, human (day 2871, for 0 days); insulin aspart, human (day 2934, for 0 days); insulin aspart, human (day 2990, for 0 days); insulin aspart, human (day 3060, for 0 days); insulin aspart, human (day 3129, for 0 days); insulin aspart, human (day 3182, for 0 days); insulin aspart, human (day 3244, for 0 days); insulin aspart, human (day 3313, for 0 days); insulin aspart, human (day 3353, for 0 days); insulin aspart, human (day 3452, for 0 days); insulin aspart, human (day 3538, for 0 days); insulin aspart, human (day 3612, for 0 days); insulin aspart, human (day 3697, for 0 days); insulin aspart, human (day 3760, for 0 days); insulin aspart, human (day 3843, for 0 days); insulin aspart, human (day 3922, for 0 days); insulin aspart, human (day 3998, for 0 days); insulin aspart, human (day 4081, for 0 days); insulin aspart, human (day 4148, for 0 days); insulin aspart, human (day 4211, for 0 days); insulin aspart, human (day 4308, for 0 days); insulin aspart, human (day 4397, for 0 days); insulin aspart, human (day 4461, for 0 days); insulin aspart, human (day 4533, for 0 days); insulin aspart, human (day 4595, for 0 days); insulin aspart, human (day 4649, for 0 days); insulin aspart, human (day 4698, for 0 days); insulin aspart, human (day 4756, for 0 days); insulin aspart, human (day 4824, for 0 days); insulin aspart, human (day 4887, for 14 days); | S3: Case
A4: 384210994 | B4: 30 | C4: Male | D4: -7106 days - 903 days | E4: Office Visit | F4: Asymptomatic periapical periodontitis (EHR); Dental caries (EHR); Type 1 diabetes mellitus (EHR); | Q4: insulin glargine (day 8, for 178 days); insulin aspart, human (day 8, for 178 days); insulin aspart, human (day 218, for 243 days); insulin glargine (day 218, for 243 days); insulin aspart, human (day 543, for 28 days); insulin glargine (day 543, for 28 days); | S4: Probable (treatment-only)
A5: 1502010397 | B5: 15 | C5: Male | D5: -1969 days - 1588 days | E5: Office Visit | F5: Atypical chest pain (EHR); Type 1 diabetes mellitus (EHR); | O5: Type 1 diabetes mellitus (day 47, 677) | Q5: insulin aspart, human (day 1, for 1586 days); insulin, regular, human (day 1, for 44 days); metformin (day 1091, for 29 days); insulin glargine (day 1091, for 28 days); insulin glargine (day 1155, for 0 days); metformin (day 1155, for 41 days); insulin glargine (day 1189, for 89 days); metformin (day 1238, for 69 days); insulin glargine (day 1327, for 0 days); insulin glargine (day 1359, for 0 days); insulin glargine (day 1400, for 26 days); insulin glargine (day 1482, for 0 days); | S5: No case | T5: metformin
A6: 503810366 | B6: 72 | C6: Male | D6: -5496 days - 1202 days | E6: Office Visit | F6: Blood pressure finding (EHR); Diabetes mellitus (EHR); Type 1 diabetes mellitus (EHR); | I6: Cerebrovascular accident (day -162); Reactive depression (situational) (day -2647) | O6: Depressive disorder (day 157, 262); Recurrent major depressive episodes (day 350) | Q6: insulin aspart, human (day 33, for 60 days); insulin glargine (day 125, for 98 days); insulin glargine (day 279, for 27 days); insulin glargine (day 369, for 67 days); insulin glargine (day 510, for 27 days); insulin glargine (day 614, for 74 days); insulin glargine (day 754, for 35 days); insulin glargine (day 930, for 27 days); insulin glargine (day 991, for 73 days); insulin glargine (day 1189, for 0 days); | S6: Case
A7: 5282710166 | B7: 22 | C7: Male | D7: -3845 days - 3300 days | E7: Office Visit | F7: Blood pressure finding (EHR); Diabetes mellitus (EHR); Type 1 diabetes mellitus (EHR); | O7: Diabetic ketoacidosis (day 5); Ketoacidosis due to type 1 diabetes mellitus (day 2315) | Q7: insulin aspart, human (day 4, for 128 days); insulin aspart, human (day 245, for 27 days); insulin aspart, human (day 326, for 0 days); insulin aspart, human (day 441, for 0 days); insulin aspart, human (day 490, for 78 days); insulin aspart, human (day 636, for 85 days); insulin aspart, human (day 753, for 0 days); insulin aspart, human (day 788, for 0 days); insulin aspart, human (day 819, for 0 days); insulin aspart, human (day 854, for 0 days); insulin aspart, human (day 887, for 87 days); insulin aspart, human (day 1034, for 160 days); insulin aspart, human (day 1247, for 90 days); insulin aspart, human (day 1380, for 857 days); insulin aspart, human (day 2286, for 84 days); insulin aspart, human (day 2406, for 120 days); insulin aspart, human (day 2568, for 194 days); insulin aspart, human (day 2825, for 176 days); insulin lispro (day 3001, for 0 days); insulin lispro (day 3049, for 18 days); insulin lispro (day 3101, for 26 days); insulin lispro (day 3169, for 126 days); | S7: Case
A8: 153910595 | B8: 60 | C8: Male | D8: -938 days - 1257 days | E8: Office Visit | F8: Diabetes mellitus (EHR); Insulin treated type 2 diabetes mellitus (EHR); Type 1 diabetes mellitus (EHR); | O8: Diabetes mellitus (day 323, 406, 1006); Type 1 diabetes mellitus (day 778, 1006); Type 2 diabetes mellitus (day 406) | S8: No case | T8: t2dm
A9: 239110163 | B9: 11 | C9: Female | D9: -893 days - 7129 days | E9: Office Visit | F9: Diabetes mellitus (EHR); Type 1 diabetes mellitus (EHR); | O9: Diabetes mellitus (day 1418, 1936); Retinopathy due to diabetes mellitus (day 923) | Q9: insulin aspart, human (day 0, for 27 days); insulin aspart, human (day 66, for 27 days); insulin aspart, human (day 150, for 0 days); insulin aspart, human (day 229, for 0 days); insulin aspart, human (day 292, for 0 days); insulin aspart, human (day 354, for 0 days); insulin aspart, human (day 385, for 0 days); insulin glargine (day 445, for 27 days); insulin aspart, human (day 488, for 0 days); insulin glargine (day 528, for 27 days); insulin aspart, human (day 528, for 0 days); insulin glargine (day 586, for 27 days); insulin aspart, human (day 586, for 0 days); insulin aspart, human (day 633, for 0 days); insulin glargine (day 661, for 77 days); insulin aspart, human (day 691, for 0 days); insulin aspart, human (day 728, for 0 days); insulin glargine (day 769, for 84 days); insulin aspart, human (day 826, for 0 days); insulin aspart, human (day 886, for 0 days); insulin glargine (day 889, for 290 days); insulin aspart, human (day 944, for 53 days); insulin aspart, human (day 1047, for 0 days); insulin aspart, human (day 1099, for 0 days); insulin aspart, human (day 1152, for 0 days); insulin aspart, human (day 1187, for 0 days); insulin glargine (day 1215, for 1178 days); insulin aspart, human (day 1236, for 0 days); insulin aspart, human (day 1272, for 0 days); insulin aspart, human (day 1315, for 0 days); insulin aspart, human (day 1369, for 0 days); insulin aspart, human (day 1414, for 0 days); insulin aspart, human (day 1449, for 0 days); insulin aspart, human (day 1524, for 0 days); insulin aspart, human (day 1566, for 0 days); insulin aspart, human (day 1600, for 15 days); insulin aspart, human (day 1673, for 0 days); insulin aspart, human (day 1715, for 53 days); insulin aspart, human (day 1812, for 0 days); insulin aspart, human (day 1845, for 0 days); insulin aspart, human (day 1909, for 30 days); insulin aspart, human (day 2012, for 0 days); insulin aspart, human (day 2055, for 21 days); insulin aspart, human (day 2126, for 0 days); insulin aspart, human (day 2168, for 0 days); insulin aspart, human (day 2254, for 28 days); insulin aspart, human (day 2320, for 0 days); insulin aspart, human (day 2366, for 0 days); insulin aspart, human (day 2405, for 0 days); insulin glargine (day 2432, for 154 days); insulin aspart, human (day 2457, for 0 days); insulin aspart, human (day 2499, for 0 days); insulin aspart, human (day 2541, for 45 days); insulin glargine (day 2624, for 0 days); insulin glargine (day 2658, for 0 days); insulin aspart, human (day 2671, for 0 days); insulin glargine (day 2700, for 21 days); insulin aspart, human (day 2721, for 0 days); insulin glargine (day 2761, for 29 days); insulin aspart, human (day 2761, for 0 days); insulin aspart, human (day 2821, for 0 days); insulin glargine (day 2848, for 28 days); insulin aspart, human (day 2876, for 0 days); insulin aspart, human (day 2909, for 0 days); insulin glargine (day 2910, for 0 days); insulin aspart, human (day 2959, for 56 days); insulin glargine (day 2986, for 29 days); insulin aspart, human (day 3052, for 0 days); insulin glargine (day 3052, for 0 days); insulin aspart, human (day 3119, for 0 days); insulin glargine (day 3119, for 0 days); insulin aspart, human (day 3157, for 0 days); insulin glargine (day 3157, for 0 days); insulin glargine (day 3205, for 0 days); insulin glargine (day 3237, for 29 days); insulin aspart, human (day 3237, for 29 days); insulin glargine (day 3316, for 28 days); insulin aspart, human (day 3316, for 28 days); insulin glargine (day 3394, for 43 days); insulin aspart, human (day 3394, for 43 days); insulin glargine (day 3497, for 0 days); insulin aspart, human (day 3532, for 0 days); insulin glargine (day 3532, for 0 days); insulin glargine (day 3566, for 0 days); insulin aspart, human (day 3566, for 0 days); insulin glargine (day 3609, for 0 days); insulin aspart, human (day 3609, for 0 days); insulin glargine (day 3640, for 0 days); insulin aspart, human (day 3640, for 0 days); insulin glargine (day 3674, for 0 days); insulin aspart, human (day 3674, for 0 days); insulin glargine (day 3720, for 0 days); insulin aspart, human (day 3720, for 0 days); insulin aspart, human (day 3771, for 0 days); insulin glargine (day 3771, for 0 days); insulin glargine (day 3806, for 0 days); insulin aspart, human (day 3806, for 29 days); insulin glargine (day 3854, for 0 days); insulin aspart, human (day 3876, for 0 days); insulin glargine (day 3892, for 0 days); insulin aspart, human (day 3912, for 56 days); insulin glargine (day 3939, for 29 days); insulin glargine (day 4018, for 0 days); insulin aspart, human (day 4018, for 27 days); insulin glargine (day 4084, for 0 days); insulin aspart, human (day 4088, for 0 days); insulin glargine (day 4120, for 0 days); insulin aspart, human (day 4120, for 0 days); insulin aspart, human (day 4163, for 0 days); insulin glargine (day 4163, for 0 days); insulin glargine (day 4217, for 0 days); insulin aspart, human (day 4217, for 0 days); insulin aspart, human (day 4261, for 58 days); insulin glargine (day 4261, for 30 days); insulin glargine (day 4367, for 0 days); insulin aspart, human (day 4367, for 0 days); insulin aspart, human (day 4414, for 0 days); insulin glargine (day 4414, for 28 days); insulin glargine (day 4478, for 0 days); insulin aspart, human (day 4478, for 0 days); insulin glargine (day 4535, for 0 days); insulin aspart, human (day 4535, for 0 days); insulin glargine (day 4567, for 0 days); insulin aspart, human (day 4567, for 0 days); insulin aspart, human (day 4641, for 0 days); insulin glargine (day 4641, for 0 days); insulin glargine (day 4694, for 1 days); insulin aspart, human (day 4694, for 1 days); insulin aspart, human (day 4749, for 0 days); insulin glargine (day 4812, for 0 days); insulin aspart, human (day 4812, for 0 days); insulin glargine (day 4847, for 0 days); insulin aspart, human (day 4884, for 0 days); insulin glargine (day 4884, for 0 days); insulin glargine (day 4924, for 0 days); insulin aspart, human (day 4924, for 0 days); insulin aspart, human (day 5001, for 0 days); insulin glargine (day 5001, for 0 days); insulin glargine (day 5036, for 29 days); insulin aspart, human (day 5036, for 29 days); insulin aspart, human (day 5134, for 0 days); insulin glargine (day 5134, for 0 days); insulin glargine (day 5179, for 0 days); insulin aspart, human (day 5215, for 0 days); insulin glargine (day 5215, for 0 days); insulin aspart, human (day 5254, for 0 days); insulin glargine (day 5254, for 0 days); insulin glargine (day 5288, for 0 days); insulin aspart, human (day 5288, for 0 days); insulin glargine (day 5374, for 0 days); insulin aspart, human (day 5374, for 0 days); insulin glargine (day 5409, for 0 days); insulin aspart, human (day 5409, for 0 days); insulin aspart, human (day 5445, for 0 days); insulin glargine (day 5445, for 0 days); insulin aspart, human (day 5516, for 0 days); insulin glargine (day 5516, for 0 days); insulin aspart, human (day 5592, for 0 days); insulin glargine (day 5592, for 0 days); insulin glargine (day 5631, for 0 days); insulin aspart, human (day 5631, for 0 days); insulin glargine (day 5673, for 0 days); insulin aspart, human (day 5708, for 0 days); insulin glargine (day 5708, for 0 days); insulin glargine (day 5759, for 0 days); insulin aspart, human (day 5759, for 0 days); insulin glargine (day 5802, for 0 days); insulin aspart, human (day 5802, for 0 days); insulin glargine (day 5870, for 0 days); insulin aspart, human (day 5919, for 0 days); insulin glargine (day 5919, for 0 days); insulin glargine (day 5961, for 24 days); insulin aspart, human (day 5961, for 24 days); insulin degludec (day 6019, for 27 days); insulin aspart, human (day 6046, for 0 days); insulin degludec (day 6107, for 0 days); insulin aspart, human (day 6107, for 0 days); insulin aspart, human (day 6139, for 0 days); insulin degludec (day 6139, for 0 days); insulin aspart, human (day 6177, for 101 days); insulin degludec (day 6195, for 17 days); insulin degludec (day 6251, for 0 days); insulin glargine (day 6310, for 0 days); insulin aspart, human (day 6310, for 883 days); insulin glargine (day 6396, for 0 days); insulin glargine (day 6737, for 0 days); insulin glargine (day 7003, for 0 days); | S9: Case
A10: 258510963 | B10: 48 | C10: Male | D10: -611 days - 763 days | E10: Office Visit | F10: Diabetes mellitus (EHR); Type 1 diabetes mellitus (EHR); | Q10: insulin glargine (day 0, for 30 days); insulin aspart, human (day 16, for 52 days); insulin glargine (day 92, for 27 days); insulin aspart, human (day 104, for 27 days); insulin aspart, human (day 171, for 27 days); insulin aspart, human (day 233, for 27 days); insulin aspart, human (day 358, for 76 days); insulin glargine (day 479, for 27 days); insulin aspart, human (day 479, for 27 days); insulin glargine (day 686, for 27 days); insulin aspart, human (day 686, for 27 days); insulin aspart, human (day 751, for 27 days); | S10: Probable (treatment-only)
A11: 366910461 | B11: 15 | C11: Male | D11: -3416 days - 64 days | E11: Office Visit | F11: Diabetes mellitus (EHR); Type 1 diabetes mellitus (EHR); | Q11: insulin aspart, human (day 3, for 30 days); | S11: Probable (treatment-only)
A12: 592410349 | B12: 21 | C12: Male | D12: -851 days - 1213 days | E12: Office Visit | F12: Diabetes mellitus (EHR); Mass of skin (EHR); Type 1 diabetes mellitus (EHR); | O12: Agitated depression (day 801); Diabetes mellitus (day 511, 750, 801, 854, 1014); Endogenous depression first episode (day 638); Reactive depression (situational) (day 24); Type 1 diabetes mellitus (day 194) | Q12: insulin, regular, human (day 7, for 27 days); insulin, regular, human (day 84, for 27 days); insulin, regular, human (day 143, for 311 days); insulin, regular, human (day 510, for 141 days); insulin, regular, human (day 706, for 153 days); insulin, regular, human (day 909, for 181 days); insulin, regular, human (day 1154, for 52 days); | S12: Probable (treatment-only)
A13: 1094310233 | B13: 4 | C13: Male | D13: -1374 days - 6593 days | E13: Office Visit | F13: Diabetes mellitus (EHR); Type 1 diabetes mellitus (EHR); | O13: Herpes zoster (day 5397); Type 1 diabetes mellitus (day 4064) | Q13: insulin, regular, human (day 4, for 541 days); insulin, regular, human (day 710, for 27 days); insulin, regular, human (day 770, for 118 days); insulin, regular, human (day 920, for 27 days); insulin, regular, human (day 1013, for 620 days); insulin, regular, human (day 1669, for 62 days); insulin lispro (day 1747, for 1394 days); insulin glargine (day 3111, for 0 days); insulin glargine (day 3161, for 0 days); insulin lispro (day 3177, for 27 days); insulin glargine (day 3216, for 73 days); insulin lispro (day 3244, for 125 days); insulin glargine (day 3342, for 0 days); insulin glargine (day 3385, for 0 days); insulin glargine (day 3419, for 0 days); insulin lispro (day 3419, for 27 days); insulin lispro (day 3482, for 27 days); insulin glargine (day 3482, for 29 days); insulin glargine (day 3554, for 0 days); insulin lispro (day 3573, for 27 days); insulin glargine (day 3601, for 0 days); insulin glargine (day 3636, for 0 days); insulin lispro (day 3650, for 120 days); insulin glargine (day 3671, for 49 days); insulin glargine (day 3757, for 0 days); insulin glargine (day 3792, for 29 days); insulin lispro (day 3821, for 27 days); insulin glargine (day 3874, for 0 days); insulin lispro (day 3895, for 27 days); insulin glargine (day 3912, for 0 days); insulin glargine (day 3947, for 0 days); insulin lispro (day 3965, for 83 days); insulin glargine (day 3996, for 25 days); insulin glargine (day 4052, for 0 days); insulin lispro (day 4098, for 27 days); insulin glargine (day 4098, for 0 days); insulin glargine (day 4147, for 23 days); insulin lispro (day 4170, for 27 days); insulin glargine (day 4220, for 15 days); insulin lispro (day 4235, for 27 days); insulin glargine (day 4288, for 17 days); insulin lispro (day 4305, for 27 days); insulin glargine (day 4358, for 20 days); insulin lispro (day 4378, for 27 days); insulin glargine (day 4427, for 0 days); insulin lispro (day 4441, for 27 days); insulin glargine (day 4469, for 0 days); insulin glargine (day 4511, for 30 days); insulin lispro (day 4511, for 27 days); insulin glargine (day 4582, for 0 days); insulin lispro (day 4595, for 83 days); insulin glargine (day 4623, for 52 days); insulin lispro (day 4711, for 27 days); insulin glargine (day 4711, for 0 days); insulin glargine (day 4744, for 0 days); insulin lispro (day 4772, for 27 days); insulin glargine (day 4784, for 0 days); insulin glargine (day 4815, for 25 days); insulin lispro (day 4840, for 27 days); insulin glargine (day 4907, for 0 days); insulin lispro (day 4931, for 27 days); insulin glargine (day 4942, for 0 days); insulin glargine (day 4977, for 0 days); insulin lispro (day 4989, for 27 days); insulin glargine (day 5024, for 30 days); insulin lispro (day 5054, for 27 days); insulin glargine (day 5096, for 0 days); insulin glargine (day 5131, for 0 days); insulin lispro (day 5131, for 27 days); insulin glargine (day 5166, for 20 days); insulin lispro (day 5214, for 27 days); insulin glargine (day 5253, for 29 days); insulin lispro (day 5282, for 27 days); insulin glargine (day 5325, for 0 days); insulin lispro (day 5359, for 68 days); insulin glargine (day 5359, for 0 days); insulin glargine (day 5400, for 0 days); insulin glargine (day 5435, for 0 days); insulin glargine (day 5470, for 0 days); insulin lispro (day 5470, for 27 days); insulin glargine (day 5513, for 0 days); insulin glargine (day 5549, for 0 days); insulin lispro (day 5562, for 27 days); insulin glargine (day 5590, for 30 days); insulin lispro (day 5620, for 27 days); insulin glargine (day 5674, for 0 days); insulin lispro (day 5710, for 27 days); insulin glargine (day 5710, for 0 days); insulin glargine (day 5750, for 29 days); insulin lispro (day 5779, for 27 days); insulin glargine (day 5827, for 0 days); insulin glargine (day 5869, for 0 days); insulin lispro (day 5869, for 64 days); insulin glargine (day 5906, for 0 days); insulin glargine (day 5942, for 0 days); insulin glargine (day 5984, for 0 days); insulin lispro (day 6020, for 74 days); insulin glargine (day 6020, for 0 days); insulin glargine (day 6067, for 0 days); insulin glargine (day 6108, for 0 days); insulin lispro (day 6143, for 27 days); insulin glargine (day 6143, for 27 days); insulin glargine (day 6219, for 0 days); insulin lispro (day 6219, for 70 days); insulin glargine (day 6262, for 29 days); insulin lispro (day 6339, for 27 days); insulin glargine (day 6339, for 0 days); insulin glargine (day 6374, for 0 days); insulin glargine (day 6415, for 0 days); insulin lispro (day 6415, for 27 days); insulin glargine (day 6453, for 0 days); insulin glargine (day 6487, for 0 days); insulin lispro (day 6487, for 111 days); insulin glargine (day 6521, for 0 days); insulin glargine (day 6571, for 0 days); | S13: Probable (treatment-only)
A14: 1237910593 | B14: 4 | C14: Male | D14: -552 days - 4726 days | E14: Office Visit | F14: Diabetes mellitus (EHR); Type 1 diabetes mellitus (EHR); | O14: Diabetic ketoacidosis (day 3178) | Q14: insulin, regular, human (day 407, for 205 days); insulin, regular, human (day 672, for 56 days); insulin, regular, human (day 782, for 119 days); insulin, regular, human (day 945, for 168 days); insulin, regular, human (day 1147, for 155 days); insulin, regular, human (day 1441, for 57 days); insulin, regular, human (day 1803, for 27 days); insulin, regular, human (day 1876, for 49 days); insulin aspart, human (day 1953, for 69 days); insulin glargine (day 1953, for 0 days); insulin glargine (day 2036, for 0 days); insulin aspart, human (day 2083, for 27 days); insulin aspart, human (day 2150, for 276 days); insulin glargine (day 2371, for 0 days); insulin aspart, human (day 2462, for 224 days); insulin glargine (day 2640, for 19 days); insulin aspart, human (day 2742, for 160 days); insulin glargine (day 2875, for 0 days); insulin aspart, human (day 2954, for 74 days); insulin glargine (day 2954, for 0 days); insulin glargine (day 3001, for 0 days); insulin aspart, human (day 3070, for 150 days); insulin glargine (day 3106, for 0 days); insulin glargine (day 3162, for 0 days); insulin glargine (day 3253, for 0 days); insulin aspart, human (day 3253, for 180 days); insulin glargine (day 3351, for 0 days); insulin glargine (day 3452, for 0 days); insulin aspart, human (day 3470, for 341 days); insulin glargine (day 3505, for 0 days); insulin glargine (day 3541, for 0 days); insulin glargine (day 3606, for 0 days); insulin glargine (day 3708, for 27 days); insulin glargine (day 3784, for 0 days); insulin aspart, human (day 3857, for 270 days); insulin glargine (day 3997, for 0 days); insulin glargine (day 4065, for 0 days); insulin aspart, human (day 4170, for 266 days); insulin glargine (day 4261, for 0 days); insulin glargine (day 4346, for 0 days); insulin glargine (day 4389, for 0 days); insulin aspart, human (day 4480, for 215 days); insulin glargine (day 4480, for 0 days); insulin glargine (day 4529, for 0 days); insulin glargine (day 4598, for 0 days); insulin glargine (day 4631, for 0 days); | S14: Case
A15: 1489110030 | B15: 60 | C15: Female | D15: -5976 days - 17 days | E15: Office Visit | F15: Diabetes mellitus (EHR); Type 1 diabetes mellitus (EHR); | S15: No case | T15: No insulin treatment
A16: 3333010111 | B16: 5 | C16: Female | D16: -1970 days - 1022 days | E16: Office Visit | F16: Diabetes mellitus (EHR); Diabetic ketoacidosis (EHR); Type 1 diabetes mellitus (EHR); | Q16: insulin aspart, human (day 1, for 0 days); insulin aspart, human (day 43, for 33 days); insulin aspart, human (day 118, for 76 days); insulin aspart, human (day 259, for 59 days); insulin aspart, human (day 349, for 27 days); insulin aspart, human (day 433, for 83 days); insulin aspart, human (day 553, for 389 days); insulin aspart, human (day 973, for 60 days); | S16: Probable (treatment-only)
A17: 4298610465 | B17: 33 | C17: Male | D17: -572 days - 3364 days | E17: Office Visit | F17: Diabetes mellitus (EHR); Type 1 diabetes mellitus (EHR); | O17: Diabetes mellitus (day 126, 2656, 2979); Neuropathy due to diabetes mellitus (day 2445); Type 1 diabetes mellitus (day 1886) | Q17: insulin, regular, human (day 22, for 27 days); insulin, regular, human (day 98, for 27 days); insulin, regular, human (day 156, for 27 days); insulin, regular, human (day 225, for 27 days); insulin, regular, human (day 311, for 55 days); insulin, regular, human (day 483, for 176 days); insulin, regular, human (day 743, for 623 days); insulin, regular, human (day 1453, for 55 days); insulin, regular, human (day 1540, for 55 days); insulin, regular, human (day 1673, for 76 days); insulin, regular, human (day 1843, for 55 days); insulin, regular, human (day 1985, for 292 days); insulin, regular, human (day 2422, for 27 days); insulin, regular, human (day 2548, for 2 days); insulin, regular, human (day 2621, for 2 days); insulin, regular, human (day 2662, for 30 days); insulin, regular, human (day 2741, for 2 days); insulin, regular, human (day 2800, for 2 days); insulin, regular, human (day 2864, for 2 days); insulin, regular, human (day 2919, for 2 days); insulin, regular, human (day 2979, for 2 days); insulin, regular, human (day 3125, for 2 days); | S17: Case
A18: 863610325 | B18: 23 | C18: Female | D18: -4706 days - 3281 days | E18: Office Visit | F18: Diabetic ketoacidosis (EHR); Type 1 diabetes mellitus (EHR); | Q18: insulin glargine (day 7, for 0 days); insulin aspart, human (day 7, for 0 days); insulin aspart, human (day 64, for 0 days); insulin aspart, human (day 105, for 0 days); insulin glargine (day 138, for 0 days); insulin aspart, human (day 174, for 0 days); insulin aspart, human (day 228, for 0 days); insulin glargine (day 228, for 0 days); insulin aspart, human (day 307, for 0 days); insulin aspart, human (day 354, for 0 days); insulin glargine (day 354, for 0 days); insulin glargine (day 447, for 0 days); insulin aspart, human (day 447, for 0 days); insulin glargine (day 496, for 0 days); insulin aspart, human (day 496, for 0 days); insulin aspart, human (day 588, for 0 days); insulin glargine (day 650, for 0 days); insulin aspart, human (day 650, for 0 days); insulin aspart, human (day 691, for 0 days); insulin glargine (day 691, for 0 days); insulin aspart, human (day 868, for 0 days); insulin glargine (day 868, for 0 days); insulin glargine (day 1027, for 0 days); insulin aspart, human (day 1027, for 0 days); insulin glargine (day 1077, for 22 days); insulin aspart, human (day 1077, for 22 days); insulin glargine (day 1223, for 0 days); insulin aspart, human (day 1223, for 0 days); insulin aspart, human (day 1364, for 20 days); insulin glargine (day 1384, for 0 days); insulin aspart, human (day 1470, for 0 days); insulin glargine (day 1470, for 0 days); insulin aspart, human (day 1727, for 0 days); insulin glargine (day 1727, for 0 days); insulin aspart, human (day 1790, for 0 days); insulin glargine (day 1790, for 0 days); insulin aspart, human (day 1869, for 28 days); insulin glargine (day 1869, for 28 days); insulin aspart, human (day 1950, for 0 days); insulin glargine (day 1950, for 0 days); insulin aspart, human (day 2021, for 0 days); insulin glargine (day 2021, for 0 days); insulin aspart, human (day 2056, for 0 days); insulin glargine (day 2056, for 0 days); insulin aspart, human (day 2106, for 0 days); insulin glargine (day 2106, for 0 days); insulin aspart, human (day 2183, for 0 days); insulin aspart, human (day 2241, for 0 days); insulin glargine (day 2241, for 0 days); insulin aspart, human (day 2332, for 0 days); insulin glargine (day 2427, for 0 days); insulin aspart, human (day 2427, for 0 days); insulin glargine (day 2462, for 0 days); insulin aspart, human (day 2462, for 0 days); insulin aspart, human (day 2568, for 0 days); insulin glargine (day 2660, for 0 days); insulin aspart, human (day 2660, for 0 days); insulin glargine (day 2756, for 0 days); insulin aspart, human (day 2756, for 0 days); insulin glargine (day 2819, for 0 days); insulin aspart, human (day 2819, for 0 days); insulin aspart, human (day 2862, for 0 days); insulin aspart, human (day 2923, for 0 days); insulin glargine (day 2923, for 0 days); insulin glargine (day 2988, for 0 days); insulin aspart, human (day 2988, for 0 days); insulin aspart, human (day 3046, for 0 days); insulin aspart, human (day 3100, for 0 days); insulin glargine (day 3217, for 0 days); insulin aspart, human (day 3217, for 0 days); insulin aspart, human (day 3268, for 0 days); insulin glargine (day 3268, for 0 days); | S18: Case
A19: 3882310263 | B19: 6 | C19: Male | D19: -2146 days - 399 days | E19: Office Visit | F19: Hyperglycemia (EHR); Type 1 diabetes mellitus (EHR); | Q19: insulin aspart, human (day 9, for 27 days); insulin aspart, human (day 74, for 27 days); insulin aspart, human (day 134, for 27 days); insulin aspart, human (day 212, for 69 days); insulin degludec (day 319, for 0 days); insulin aspart, human (day 351, for 27 days); insulin degludec (day 351, for 0 days); | S19: Probable (treatment-only)
A20: 502810717 | B20: 35 | C20: Male | D20: -6642 days - 967 days | E20: Office Visit | F20: Ketoacidosis due to type 1 diabetes mellitus (EHR); Type 1 diabetes mellitus (EHR); | I20: Mixed anxiety and depressive disorder (day -5692); Recurrent depression (day -930) | Q20: insulin glargine (day 6, for 101 days); insulin aspart, human (day 6, for 101 days); insulin glargine (day 147, for 211 days); insulin aspart, human (day 147, for 211 days); insulin glargine (day 392, for 0 days); insulin aspart, human (day 392, for 0 days); insulin aspart, human (day 425, for 56 days); insulin glargine (day 425, for 56 days); insulin aspart, human (day 512, for 140 days); insulin glargine (day 512, for 140 days); insulin glargine (day 685, for 27 days); insulin aspart, human (day 685, for 27 days); insulin glargine (day 748, for 0 days); insulin aspart, human (day 748, for 0 days); insulin aspart, human (day 782, for 0 days); insulin glargine (day 782, for 0 days); insulin glargine (day 825, for 0 days); insulin aspart, human (day 825, for 0 days); insulin glargine (day 870, for 0 days); insulin aspart, human (day 870, for 0 days); insulin glargine (day 910, for 27 days); insulin aspart, human (day 910, for 27 days); | S20: Case
A21: 811810047 | B21: 66 | C21: Male | D21: -6128 days - 302 days | E21: Office Visit | F21: Ketoacidosis due to type 1 diabetes mellitus (EHR); Type 1 diabetes mellitus (EHR); | Q21: insulin glargine (day 25, for 150 days); insulin aspart, human (day 28, for 0 days); insulin aspart, human (day 63, for 0 days); insulin aspart, human (day 148, for 0 days); insulin glargine (day 206, for 69 days); insulin aspart, human (day 206, for 0 days); insulin aspart, human (day 248, for 0 days); insulin aspart, human (day 298, for 0 days); | S21: Case
A22: 1626210870 | B22: 4 | C22: Female | D22: -1373 days - 1158 days | E22: Office Visit | F22: Ketoacidosis due to type 1 diabetes mellitus (EHR); Type 1 diabetes mellitus (EHR); | Q22: insulin glargine (day 7, for 46 days); insulin aspart, human (day 7, for 46 days); insulin aspart, human (day 160, for 27 days); insulin aspart, human (day 221, for 926 days); insulin glargine (day 221, for 309 days); | S22: Case
A23: 2213210607 | B23: 45 | C23: Female | D23: -5870 days - 361 days | E23: Office Visit | F23: Ketoacidosis due to type 1 diabetes mellitus (EHR); | O23: Type 1 diabetes mellitus (day 13) | Q23: insulin aspart, human (day 14, for 0 days); insulin glargine (day 14, for 0 days); insulin glargine (day 55, for 0 days); insulin aspart, human (day 55, for 0 days); insulin glargine (day 124, for 54 days); insulin aspart, human (day 154, for 24 days); insulin aspart, human (day 228, for 0 days); insulin glargine (day 242, for 0 days); insulin aspart, human (day 291, for 0 days); insulin glargine (day 291, for 0 days); insulin glargine (day 343, for 0 days); insulin aspart, human (day 343, for 0 days); | S23: Case
A24: 5494710200 | B24: 13 | C24: Male | D24: -4682 days - 160 days | E24: Office Visit | F24: Nocturia (EHR); Type 1 diabetes mellitus (EHR); | Q24: insulin aspart, human (day 15, for 27 days); insulin degludec (day 15, for 27 days); insulin degludec (day 74, for 0 days); insulin aspart, human (day 74, for 0 days); insulin aspart, human (day 107, for 0 days); insulin degludec (day 107, for 0 days); insulin aspart, human (day 143, for 0 days); insulin degludec (day 143, for 0 days); | S24: Probable (treatment-only)
A25: 1525510677 | B25: 36 | C25: Male | D25: -1456 days - 7966 days | E25: Office Visit | F25: Thyrotoxicosis (EHR); Type 1 diabetes mellitus (EHR); | O25: Diabetes mellitus (day 204); Disorder of left macula due to diabetes mellitus (day 6596); Disorder of macula due to diabetes mellitus (day 6524, 6596); Nonproliferative retinopathy due to diabetes mellitus (day 5136, 5586, 6524, 6596, 6827); Nonproliferative retinopathy of left eye due to diabetes mellitus (day 5136, 5586, 6524, 6596); Nonproliferative retinopathy of right eye due to diabetes mellitus (day 5586, 6524, 6596); Peripheral nerve disease (day 4493); Type 1 diabetes mellitus (day 245, 1184, 1227, 1281, 1342, 1609, 1771, 2051) | Q25: insulin aspart, human (day 218, for 152 days); insulin aspart, human (day 413, for 0 days); insulin aspart, human (day 469, for 0 days); insulin aspart, human (day 510, for 0 days); insulin aspart, human (day 566, for 0 days); insulin aspart, human (day 621, for 0 days); insulin aspart, human (day 672, for 0 days); insulin aspart, human (day 716, for 0 days); insulin aspart, human (day 775, for 0 days); insulin aspart, human (day 819, for 0 days); insulin aspart, human (day 873, for 0 days); insulin aspart, human (day 931, for 0 days); insulin aspart, human (day 972, for 0 days); insulin aspart, human (day 1041, for 0 days); insulin aspart, human (day 1076, for 0 days); insulin aspart, human (day 1136, for 0 days); insulin aspart, human (day 1189, for 0 days); insulin aspart, human (day 1230, for 0 days); insulin aspart, human (day 1294, for 0 days); insulin aspart, human (day 1337, for 0 days); insulin aspart, human (day 1395, for 0 days); insulin aspart, human (day 1437, for 0 days); insulin aspart, human (day 1498, for 0 days); insulin aspart, human (day 1541, for 0 days); insulin aspart, human (day 1595, for 0 days); insulin aspart, human (day 1631, for 0 days); insulin aspart, human (day 1679, for 0 days); insulin aspart, human (day 1735, for 0 days); insulin aspart, human (day 1791, for 0 days); insulin aspart, human (day 1833, for 0 days); insulin aspart, human (day 1881, for 0 days); insulin aspart, human (day 1940, for 0 days); insulin aspart, human (day 1974, for 0 days); insulin aspart, human (day 2037, for 0 days); insulin aspart, human (day 2092, for 0 days); insulin aspart, human (day 2140, for 0 days); insulin aspart, human (day 2199, for 0 days); insulin aspart, human (day 2234, for 0 days); insulin aspart, human (day 2287, for 0 days); insulin aspart, human (day 2346, for 28 days); insulin aspart, human (day 2428, for 0 days); insulin aspart, human (day 2485, for 0 days); insulin aspart, human (day 2521, for 0 days); insulin aspart, human (day 2581, for 0 days); insulin aspart, human (day 2631, for 0 days); insulin aspart, human (day 2674, for 0 days); insulin aspart, human (day 2744, for 0 days); insulin aspart, human (day 2785, for 0 days); insulin aspart, human (day 2870, for 0 days); insulin aspart, human (day 2906, for 0 days); insulin aspart, human (day 2968, for 0 days); insulin aspart, human (day 3003, for 0 days); insulin aspart, human (day 3065, for 0 days); insulin aspart, human (day 3122, for 0 days); insulin aspart, human (day 3176, for 0 days); insulin aspart, human (day 3220, for 0 days); insulin aspart, human (day 3271, for 0 days); insulin aspart, human (day 3317, for 0 days); insulin aspart, human (day 3369, for 0 days); insulin aspart, human (day 3430, for 0 days); insulin aspart, human (day 3486, for 0 days); insulin aspart, human (day 3534, for 0 days); insulin aspart, human (day 3584, for 0 days); insulin aspart, human (day 3628, for 164 days); insulin glargine (day 3746, for 26 days); insulin glargine (day 3810, for 21 days); insulin aspart, human (day 3831, for 0 days); insulin glargine (day 3884, for 0 days); insulin glargine (day 3918, for 0 days); insulin aspart, human (day 3918, for 0 days); insulin glargine (day 3974, for 21 days); insulin aspart, human (day 3974, for 21 days); insulin glargine (day 4051, for 0 days); insulin aspart, human (day 4122, for 0 days); insulin aspart, human (day 4269, for 0 days); insulin aspart, human (day 4325, for 0 days); insulin aspart, human (day 4424, for 0 days); insulin aspart, human (day 4510, for 0 days); insulin aspart, human (day 4629, for 0 days); insulin aspart, human (day 4689, for 0 days); insulin aspart, human (day 4836, for 0 days); insulin aspart, human (day 4927, for 0 days); insulin aspart, human (day 5054, for 0 days); insulin aspart, human (day 5091, for 0 days); insulin aspart, human (day 5146, for 0 days); insulin aspart, human (day 5208, for 0 days); insulin aspart, human (day 5406, for 0 days); insulin aspart, human (day 5560, for 0 days); insulin aspart, human (day 5671, for 0 days); insulin aspart, human (day 5759, for 0 days); insulin aspart, human (day 5819, for 0 days); insulin aspart, human (day 5936, for 0 days); insulin aspart, human (day 6041, for 0 days); insulin aspart, human (day 6091, for 0 days); insulin aspart, human (day 6195, for 0 days); insulin aspart, human (day 6260, for 27 days); insulin aspart, human (day 6518, for 0 days); insulin aspart, human (day 6560, for 0 days); insulin aspart, human (day 6676, for 0 days); insulin aspart, human (day 6772, for 4 days); insulin aspart, human (day 6928, for 0 days); insulin aspart, human (day 7019, for 0 days); insulin glargine (day 7022, for 48 days); insulin aspart, human (day 7070, for 0 days); insulin glargine (day 7103, for 0 days); insulin glargine (day 7141, for 27 days); insulin aspart, human (day 7160, for 8 days); insulin glargine (day 7208, for 25 days); insulin glargine (day 7280, for 6 days); insulin aspart, human (day 7286, for 0 days); insulin glargine (day 7330, for 0 days); insulin aspart, human (day 7379, for 0 days); insulin glargine (day 7379, for 0 days); insulin glargine (day 7415, for 0 days); insulin aspart, human (day 7440, for 0 days); insulin glargine (day 7471, for 0 days); insulin aspart, human (day 7483, for 0 days); insulin glargine (day 7506, for 0 days); insulin glargine (day 7539, for 0 days); insulin aspart, human (day 7548, for 0 days); insulin glargine (day 7593, for 0 days); insulin aspart, human (day 7630, for 0 days); insulin glargine (day 7630, for 21 days); insulin glargine (day 7692, for 24 days); insulin aspart, human (day 7692, for 0 days); insulin aspart, human (day 7771, for 0 days); insulin glargine (day 7771, for 0 days); insulin glargine (day 7814, for 0 days); insulin aspart, human (day 7814, for 0 days); insulin aspart, human (day 7863, for 0 days); insulin glargine (day 7863, for 26 days); insulin glargine (day 7923, for 0 days); insulin aspart, human (day 7937, for 0 days); | S25: Case
A26: 3810766 | B26: 11 | C26: Male | D26: -2710 days - 2698 days | E26: Office Visit | F26: Type 1 diabetes mellitus (EHR); | O26: Nonproliferative retinopathy of left eye due to diabetes mellitus (day 2465) | Q26: insulin aspart, human (day 3, for 27 days); insulin, regular, human (day 3, for 1 days); insulin aspart, human (day 179, for 27 days); insulin glargine (day 213, for 0 days); insulin glargine (day 325, for 0 days); insulin aspart, human (day 403, for 27 days); insulin glargine (day 403, for 0 days); insulin glargine (day 456, for 30 days); insulin glargine (day 584, for 0 days); insulin aspart, human (day 598, for 186 days); insulin glargine (day 630, for 0 days); insulin glargine (day 672, for 0 days); insulin glargine (day 708, for 49 days); insulin glargine (day 805, for 0 days); insulin aspart, human (day 871, for 27 days); insulin glargine (day 871, for 0 days); insulin glargine (day 906, for 20 days); insulin aspart, human (day 934, for 27 days); insulin glargine (day 966, for 0 days); insulin glargine (day 1005, for 21 days); insulin aspart, human (day 1026, for 27 days); insulin glargine (day 1073, for 49 days); insulin aspart, human (day 1122, for 27 days); insulin glargine (day 1162, for 35 days); insulin aspart, human (day 1221, for 31 days); insulin glargine (day 1334, for 0 days); insulin aspart, human (day 1387, for 27 days); insulin glargine (day 1431, for 0 days); insulin glargine (day 1586, for 0 days); insulin glargine (day 1753, for 27 days); insulin aspart, human (day 1780, for 27 days); insulin glargine (day 1885, for 0 days); insulin aspart, human (day 1885, for 27 days); insulin aspart, human (day 2038, for 27 days); insulin glargine (day 2038, for 0 days); insulin aspart, human (day 2130, for 27 days); insulin glargine (day 2130, for 0 days); insulin aspart, human (day 2219, for 27 days); insulin glargine (day 2345, for 0 days); insulin aspart, human (day 2345, for 27 days); insulin glargine (day 2415, for 0 days); insulin aspart, human (day 2415, for 27 days); insulin glargine (day 2479, for 0 days); insulin aspart, human (day 2479, for 27 days); insulin glargine (day 2642, for 0 days); insulin aspart, human (day 2683, for 27 days); insulin glargine (day 2683, for 0 days); | S26: Case
A27: 4610438 | B27: 72 | C27: Male | D27: -7344 days - 1896 days | E27: Office Visit | F27: Type 1 diabetes mellitus (EHR); Type 2 diabetes mellitus (EHR); | I27: Chronic kidney disease stage 3A (day -379) | O27: Carpal tunnel syndrome (day 1788); Chronic kidney disease stage 3B (day 175) | Q27: insulin aspart, human (day 3, for 0 days); insulin glargine (day 41, for 27 days); insulin aspart, human (day 41, for 27 days); insulin aspart, human (day 160, for 49 days); insulin glargine (day 160, for 49 days); insulin glargine (day 461, for 27 days); insulin glargine (day 577, for 27 days); insulin aspart, human (day 681, for 27 days); insulin glargine (day 681, for 27 days); insulin aspart, human (day 794, for 27 days); insulin glargine (day 794, for 27 days); insulin glargine (day 864, for 27 days); insulin glargine (day 941, for 27 days); insulin glargine (day 1018, for 27 days); insulin glargine (day 1122, for 27 days); insulin glargine (day 1204, for 27 days); insulin glargine (day 1277, for 27 days); insulin glargine (day 1351, for 27 days); insulin glargine (day 1434, for 27 days); insulin glargine (day 1533, for 27 days); insulin glargine (day 1613, for 27 days); insulin glargine (day 1697, for 79 days); insulin glargine (day 1827, for 27 days); insulin aspart, human (day 1833, for 0 days); | S27: Case
A28: 9710983 | B28: 12 | C28: Male | D28: -2448 days - 5280 days | E28: Office Visit | F28: Type 1 diabetes mellitus (EHR); | O28: Nonproliferative retinopathy of right eye due to diabetes mellitus (day 2176) | Q28: insulin aspart, human (day 3, for 30 days); insulin aspart, human (day 68, for 30 days); insulin aspart, human (day 130, for 56 days); insulin aspart, human (day 250, for 28 days); insulin aspart, human (day 314, for 1088 days); insulin aspart, human (day 1441, for 377 days); insulin aspart, human (day 1875, for 1910 days); insulin aspart, human (day 3839, for 27 days); insulin aspart, human (day 3931, for 78 days); insulin aspart, human (day 4078, for 63 days); insulin aspart, human (day 4248, for 110 days); insulin aspart, human (day 4441, for 27 days); insulin aspart, human (day 4499, for 27 days); insulin aspart, human (day 4689, for 136 days); insulin aspart, human (day 4870, for 112 days); insulin aspart, human (day 5066, for 103 days); insulin aspart, human (day 5255, for 27 days); | S28: Case
A29: 62910668 | B29: 59 | C29: Male | D29: -3237 days - 2951 days | E29: Office Visit | F29: Type 1 diabetes mellitus (EHR); | O29: Type 1 diabetes mellitus (day 392, 803) | Q29: insulin glargine (day 66, for 27 days); insulin aspart, human (day 66, for 27 days); insulin aspart, human (day 158, for 0 days); insulin glargine (day 180, for 0 days); insulin aspart, human (day 223, for 0 days); insulin aspart, human (day 279, for 0 days); insulin glargine (day 279, for 0 days); insulin aspart, human (day 349, for 0 days); insulin glargine (day 349, for 0 days); insulin aspart, human (day 392, for 0 days); insulin glargine (day 434, for 0 days); insulin aspart, human (day 434, for 0 days); insulin glargine (day 475, for 0 days); insulin aspart, human (day 475, for 0 days); insulin aspart, human (day 508, for 0 days); insulin aspart, human (day 542, for 0 days); insulin glargine (day 542, for 0 days); insulin aspart, human (day 607, for 0 days); insulin glargine (day 607, for 0 days); insulin glargine (day 661, for 0 days); insulin aspart, human (day 661, for 24 days); insulin aspart, human (day 738, for 0 days); insulin glargine (day 738, for 0 days); insulin glargine (day 782, for 0 days); insulin aspart, human (day 782, for 0 days); insulin aspart, human (day 819, for 21 days); insulin glargine (day 840, for 0 days); insulin aspart, human (day 875, for 0 days); insulin glargine (day 901, for 0 days); insulin aspart, human (day 927, for 30 days); insulin glargine (day 957, for 0 days); insulin aspart, human (day 1005, for 23 days); insulin glargine (day 1028, for 0 days); insulin aspart, human (day 1081, for 24 days); insulin glargine (day 1081, for 0 days); insulin aspart, human (day 1152, for 23 days); insulin glargine (day 1152, for 0 days); insulin aspart, human (day 1217, for 54 days); insulin glargine (day 1217, for 0 days); insulin glargine (day 1271, for 0 days); insulin aspart, human (day 1322, for 22 days); insulin glargine (day 1344, for 0 days); insulin aspart, human (day 1389, for 57 days); insulin glargine (day 1389, for 0 days); insulin glargine (day 1474, for 0 days); insulin aspart, human (day 1495, for 28 days); insulin glargine (day 1523, for 0 days); insulin aspart, human (day 1593, for 0 days); insulin glargine (day 1617, for 0 days); insulin aspart, human (day 1629, for 741 days); insulin glargine (day 1699, for 0 days); insulin glargine (day 1743, for 0 days); insulin glargine (day 1825, for 0 days); insulin glargine (day 1888, for 0 days); insulin glargine (day 1958, for 0 days); insulin glargine (day 2028, for 0 days); insulin glargine (day 2113, for 0 days); insulin glargine (day 2190, for 0 days); insulin glargine (day 2252, for 0 days); insulin glargine (day 2323, for 0 days); insulin glargine (day 2407, for 0 days); insulin aspart, human (day 2407, for 567 days); insulin glargine (day 2442, for 0 days); insulin glargine (day 2518, for 0 days); insulin glargine (day 2632, for 0 days); insulin glargine (day 2714, for 0 days); insulin glargine (day 2792, for 0 days); insulin glargine (day 2869, for 0 days); insulin glargine (day 2931, for 0 days); | S29: Probable (treatment-only)
A30: 70210987 | B30: 75 | C30: Male | D30: -8396 days - 223 days | E30: Office Visit | F30: Type 1 diabetes mellitus (EHR); | S30: No case | T30: No insulin treatment
A31: 87610928 | B31: 14 | C31: Male | D31: -607 days - 2057 days | E31: Office Visit | F31: Type 1 diabetes mellitus (EHR); | O31: Retinopathy due to diabetes mellitus (day 310) | Q31: insulin aspart, human (day 11, for 1265 days); insulin aspart, human (day 1308, for 214 days); insulin aspart, human (day 1598, for 209 days); insulin aspart, human (day 1852, for 27 days); insulin aspart, human (day 1917, for 67 days); insulin aspart, human (day 2049, for 27 days); | S31: Case
A32: 92810885 | B32: 24 | C32: Male | D32: -4424 days - 2396 days | E32: Office Visit | F32: Type 1 diabetes mellitus (EHR); | O32: Nonproliferative retinopathy of right eye due to diabetes mellitus (day 1269, 1971); Type 1 diabetes mellitus (day 555, 1862) | Q32: insulin aspart, human (day 176, for 27 days); insulin aspart, human (day 249, for 27 days); insulin aspart, human (day 555, for 27 days); insulin aspart, human (day 617, for 902 days); insulin aspart, human (day 1576, for 167 days); insulin aspart, human (day 1808, for 187 days); insulin aspart, human (day 2073, for 82 days); insulin aspart, human (day 2219, for 156 days); | S32: Case
A33: 129310347 | B33: 30 | C33: Male | D33: -1008 days - 1233 days | E33: Office Visit | F33: Type 1 diabetes mellitus (EHR); | O33: Ketoacidosis due to type 1 diabetes mellitus (day 5) | Q33: insulin aspart, human (day 9, for 137 days); insulin aspart, human (day 181, for 113 days); insulin aspart, human (day 342, for 642 days); insulin aspart, human (day 1038, for 188 days); | S33: Case
A34: 214510962 | B34: 67 | C34: Female | D34: -4356 days - 3806 days | E34: Office Visit | F34: Type 1 diabetes mellitus (EHR); | I34: Nephrocalcinosis (day -1793) | Q34: insulin glargine (day 0, for 0 days); insulin aspart, human (day 0, for 0 days); insulin aspart, human (day 241, for 0 days); insulin glargine (day 241, for 0 days); insulin glargine (day 377, for 0 days); insulin aspart, human (day 377, for 0 days); insulin glargine (day 461, for 0 days); insulin aspart, human (day 461, for 0 days); insulin glargine (day 574, for 0 days); insulin aspart, human (day 574, for 0 days); insulin aspart, human (day 670, for 0 days); insulin glargine (day 670, for 0 days); insulin aspart, human (day 759, for 0 days); insulin glargine (day 759, for 0 days); insulin glargine (day 847, for 0 days); insulin aspart, human (day 847, for 0 days); insulin aspart, human (day 945, for 0 days); insulin glargine (day 945, for 0 days); insulin aspart, human (day 1053, for 0 days); insulin glargine (day 1053, for 0 days); insulin aspart, human (day 1124, for 0 days); insulin glargine (day 1124, for 0 days); insulin glargine (day 1231, for 0 days); insulin aspart, human (day 1231, for 0 days); insulin degludec (day 1316, for 0 days); insulin aspart, human (day 1316, for 0 days); insulin degludec (day 1392, for 0 days); insulin aspart, human (day 1407, for 0 days); insulin degludec (day 1463, for 0 days); insulin aspart, human (day 1463, for 0 days); insulin degludec (day 1609, for 0 days); insulin aspart, human (day 1609, for 0 days); insulin aspart, human (day 1659, for 0 days); insulin degludec (day 1659, for 0 days); insulin degludec (day 1796, for 0 days); insulin aspart, human (day 1796, for 0 days); insulin degludec (day 1834, for 0 days); insulin aspart, human (day 1834, for 0 days); insulin degludec (day 2021, for 0 days); insulin aspart, human (day 2021, for 0 days); insulin aspart, human (day 2068, for 0 days); insulin degludec (day 2121, for 0 days); insulin degludec (day 2240, for 0 days); insulin aspart, human (day 2240, for 0 days); insulin degludec (day 2322, for 0 days); insulin aspart, human (day 2322, for 0 days); insulin aspart, human (day 2405, for 0 days); insulin degludec (day 2405, for 0 days); insulin degludec (day 2526, for 0 days); insulin aspart, human (day 2526, for 0 days); insulin degludec (day 2635, for 0 days); insulin aspart, human (day 2635, for 0 days); insulin degludec (day 2744, for 0 days); insulin aspart, human (day 2744, for 0 days); insulin degludec (day 2847, for 0 days); insulin aspart, human (day 2847, for 0 days); insulin degludec (day 2974, for 0 days); insulin aspart, human (day 2974, for 0 days); insulin degludec (day 3080, for 0 days); insulin aspart, human (day 3080, for 0 days); insulin degludec (day 3181, for 0 days); insulin aspart, human (day 3181, for 0 days); insulin aspart, human (day 3274, for 0 days); insulin degludec (day 3274, for 12 days); insulin aspart, human (day 3388, for 0 days); insulin aspart, human (day 3470, for 0 days); insulin degludec (day 3476, for 0 days); insulin degludec (day 3574, for 0 days); insulin aspart, human (day 3574, for 0 days); insulin aspart, human (day 3689, for 0 days); insulin degludec (day 3728, for 0 days); insulin aspart, human (day 3777, for 0 days); insulin degludec (day 3778, for 0 days); | S34: Probable (treatment-only)
A35: 244010017 | B35: 17 | C35: Female | D35: -2243 days - 4576 days | E35: Office Visit | F35: Type 1 diabetes mellitus (EHR); Vulva sore (EHR); | O35: Diabetes mellitus (day 1714); Ketoacidotic coma due to type 1 diabetes mellitus (day 1909); Type 1 diabetes mellitus (day 104) | Q35: insulin, regular, human (day 6, for 408 days); insulin lispro (day 6, for 27 days); insulin lispro (day 163, for 27 days); insulin, regular, human (day 451, for 107 days); insulin lispro (day 485, for 27 days); insulin, regular, human (day 621, for 27 days); insulin, regular, human (day 697, for 27 days); insulin lispro (day 697, for 27 days); insulin aspart, human (day 733, for 27 days); insulin aspart, human (day 794, for 27 days); insulin aspart, human (day 893, for 27 days); insulin glargine (day 951, for 66 days); insulin glargine (day 1049, for 79 days); insulin aspart, human (day 1049, for 79 days); insulin aspart, human (day 1161, for 27 days); insulin glargine (day 1161, for 27 days); insulin glargine (day 1221, for 194 days); insulin aspart, human (day 1265, for 27 days); insulin aspart, human (day 1355, for 60 days); insulin glargine (day 1473, for 65 days); insulin aspart, human (day 1473, for 27 days); insulin glargine (day 1598, for 59 days); insulin aspart, human (day 1598, for 59 days); insulin aspart, human (day 1717, for 27 days); insulin glargine (day 1717, for 27 days); insulin glargine (day 1775, for 176 days); insulin aspart, human (day 1822, for 129 days); insulin glargine (day 1986, for 27 days); insulin aspart, human (day 1986, for 115 days); insulin glargine (day 2048, for 53 days); insulin aspart, human (day 2151, for 209 days); insulin glargine (day 2151, for 209 days); insulin aspart, human (day 2398, for 69 days); insulin glargine (day 2398, for 69 days); insulin aspart, human (day 2526, for 109 days); insulin glargine (day 2526, for 109 days); insulin aspart, human (day 2680, for 27 days); insulin glargine (day 2680, for 27 days); insulin aspart, human (day 2749, for 83 days); insulin glargine (day 2749, for 83 days); insulin aspart, human (day 2867, for 134 days); insulin glargine (day 2867, for 134 days); insulin aspart, human (day 3033, for 27 days); insulin glargine (day 3033, for 27 days); insulin glargine (day 3104, for 167 days); insulin aspart, human (day 3104, for 167 days); insulin glargine (day 3341, for 111 days); insulin aspart, human (day 3387, for 65 days); insulin glargine (day 3506, for 27 days); insulin aspart, human (day 3506, for 27 days); insulin aspart, human (day 3568, for 27 days); insulin glargine (day 3568, for 27 days); insulin glargine (day 3642, for 27 days); insulin aspart, human (day 3670, for 125 days); insulin glargine (day 3761, for 34 days); insulin glargine (day 3838, for 0 days); insulin aspart, human (day 3838, for 132 days); insulin glargine (day 3881, for 0 days); insulin glargine (day 3930, for 13 days); insulin aspart, human (day 4020, for 27 days); insulin glargine (day 4020, for 0 days); insulin aspart, human (day 4086, for 104 days); insulin glargine (day 4086, for 0 days); insulin glargine (day 4125, for 38 days); insulin glargine (day 4238, for 0 days); insulin aspart, human (day 4238, for 27 days); insulin aspart, human (day 4302, for 27 days); insulin glargine (day 4302, for 0 days); insulin aspart, human (day 4384, for 27 days); insulin glargine (day 4384, for 0 days); insulin aspart, human (day 4500, for 27 days); insulin glargine (day 4500, for 0 days); | S35: Case
