Workbook

Sheet KEEPER LLM Sensitivity All
A1: Model
A2: Label | C2: GPT 5o | D2: % | E2: Copilot 4o | F2: % | G2: Copilot 5o | H2: % | I2: Gemini | J2: %
B3: No Case | C3: 18 | D3: =C3/81 -> 0.22222222 | E3: 21 | F3: =E3/81 -> 0.25925926 | G3: 11 | H3: =G3/81 -> 0.13580247 | I3: 4 | J3: =I3/81 -> 0.049382716
B4: Probable | C4: 63 | D4: =C4/81 -> 0.77777778 | E4: 60 | F4: =E4/81 -> 0.74074074 | G4: 50 | H4: =G4/91 -> 0.54945055 | I4: 47 | J4: =I4/81 -> 0.58024691
B5: Case | C5: 0 | D5: =C5/81 -> 0 | E5: 0 | F5: =E5/81 -> 0 | G5: 20 | H5: =G5/81 -> 0.24691358 | I5: 30 | J5: =I5/81 -> 0.37037037

Sheet All by All
A1: personId | B1: Clinician | C1: GPT 5o | D1: Copilot 4o | E1: Copilot 5o | F1: Gemini
A2: 7810823 | B2: =INDEX(Clinician!S:S,MATCH('All by All'!A2,Clinician!A:A,0)) -> CASE (complications + treatment) | C2: =INDEX('GPT 5o'!T:T,MATCH('All by All'!A2,'GPT 5o'!B:B,0)) -> Probable | D2: =INDEX('Copilot 4o'!A:A,MATCH('All by All'!A2,'Copilot 4o'!B:B,0)) -> Probable (Treatment Only) | E2: =INDEX('Copilot 5o'!A:A,MATCH('All by All'!A2,'Copilot 5o'!B:B,0)) -> Probable (Treatment Only) | F2: =INDEX(Gemini!A:A,MATCH('All by All'!A2,Gemini!B:B,0)) -> Case (Symptom+Treatment)
A3: 2352010389 | B3: =INDEX(Clinician!S:S,MATCH('All by All'!A3,Clinician!A:A,0)) -> CASE (complications + treatment) | C3: =INDEX('GPT 5o'!T:T,MATCH('All by All'!A3,'GPT 5o'!B:B,0)) -> Probable | D3: =INDEX('Copilot 4o'!A:A,MATCH('All by All'!A3,'Copilot 4o'!B:B,0)) -> Probable (Treatment Only) | E3: =INDEX('Copilot 5o'!A:A,MATCH('All by All'!A3,'Copilot 5o'!B:B,0)) -> Case (Symptom+Treatment) | F3: =INDEX(Gemini!A:A,MATCH('All by All'!A3,Gemini!B:B,0)) -> Case (Symptom+Treatment)
A4: 244010017 | B4: =INDEX(Clinician!S:S,MATCH('All by All'!A4,Clinician!A:A,0)) -> CASE (complications + treatment) | C4: =INDEX('GPT 5o'!T:T,MATCH('All by All'!A4,'GPT 5o'!B:B,0)) -> Probable | D4: =INDEX('Copilot 4o'!A:A,MATCH('All by All'!A4,'Copilot 4o'!B:B,0)) -> Probable (Treatment Only) | E4: =INDEX('Copilot 5o'!A:A,MATCH('All by All'!A4,'Copilot 5o'!B:B,0)) -> Case (Symptom+Treatment) | F4: =INDEX(Gemini!A:A,MATCH('All by All'!A4,Gemini!B:B,0)) -> Probable (Treatment Only)
A5: 5359010662 | B5: =INDEX(Clinician!S:S,MATCH('All by All'!A5,Clinician!A:A,0)) -> PROBABLE (treatment only) | C5: =INDEX('GPT 5o'!T:T,MATCH('All by All'!A5,'GPT 5o'!B:B,0)) -> Probable | D5: =INDEX('Copilot 4o'!A:A,MATCH('All by All'!A5,'Copilot 4o'!B:B,0)) -> Probable (Treatment Only) | E5: =INDEX('Copilot 5o'!A:A,MATCH('All by All'!A5,'Copilot 5o'!B:B,0)) -> Case (Symptom+Treatment) | F5: =INDEX(Gemini!A:A,MATCH('All by All'!A5,Gemini!B:B,0)) -> Case (Symptom+Treatment)
A6: 261610479 | B6: =INDEX(Clinician!S:S,MATCH('All by All'!A6,Clinician!A:A,0)) -> PROBABLE (treatment only) | C6: =INDEX('GPT 5o'!T:T,MATCH('All by All'!A6,'GPT 5o'!B:B,0)) -> Probable | D6: =INDEX('Copilot 4o'!A:A,MATCH('All by All'!A6,'Copilot 4o'!B:B,0)) -> Probable (Treatment Only) | E6: =INDEX('Copilot 5o'!A:A,MATCH('All by All'!A6,'Copilot 5o'!B:B,0)) -> Probable (Treatment Only) | F6: =INDEX(Gemini!A:A,MATCH('All by All'!A6,Gemini!B:B,0)) -> Case (Symptom+Treatment)
A7: 378410775 | B7: =INDEX(Clinician!S:S,MATCH('All by All'!A7,Clinician!A:A,0)) -> CASE (complications + treatment) | C7: =INDEX('GPT 5o'!T:T,MATCH('All by All'!A7,'GPT 5o'!B:B,0)) -> No Case | D7: =INDEX('Copilot 4o'!A:A,MATCH('All by All'!A7,'Copilot 4o'!B:B,0)) -> No | E7: =INDEX('Copilot 5o'!A:A,MATCH('All by All'!A7,'Copilot 5o'!B:B,0)) -> Probable (Treatment Only) | F7: =INDEX(Gemini!A:A,MATCH('All by All'!A7,Gemini!B:B,0)) -> Probable (Treatment Only)
A8: 1502010397 | B8: =INDEX(Clinician!S:S,MATCH('All by All'!A8,Clinician!A:A,0)) -> PROBABLE (treatment only) | C8: =INDEX('GPT 5o'!T:T,MATCH('All by All'!A8,'GPT 5o'!B:B,0)) -> Probable | D8: =INDEX('Copilot 4o'!A:A,MATCH('All by All'!A8,'Copilot 4o'!B:B,0)) -> Probable (Treatment Only) | E8: =INDEX('Copilot 5o'!A:A,MATCH('All by All'!A8,'Copilot 5o'!B:B,0)) -> Probable (Treatment Only) | F8: =INDEX(Gemini!A:A,MATCH('All by All'!A8,Gemini!B:B,0)) -> Probable (Treatment Only)
A9: 2353710622 | B9: =INDEX(Clinician!S:S,MATCH('All by All'!A9,Clinician!A:A,0)) -> PROBABLE (treatment only) | C9: =INDEX('GPT 5o'!T:T,MATCH('All by All'!A9,'GPT 5o'!B:B,0)) -> Probable | D9: =INDEX('Copilot 4o'!A:A,MATCH('All by All'!A9,'Copilot 4o'!B:B,0)) -> Probable (Treatment Only) | E9: =INDEX('Copilot 5o'!A:A,MATCH('All by All'!A9,'Copilot 5o'!B:B,0)) -> Probable (Treatment Only) | F9: =INDEX(Gemini!A:A,MATCH('All by All'!A9,Gemini!B:B,0)) -> Case (Symptom+Treatment)
A10: 1045410614 | B10: =INDEX(Clinician!S:S,MATCH('All by All'!A10,Clinician!A:A,0)) -> CASE (complications + treatment) | C10: =INDEX('GPT 5o'!T:T,MATCH('All by All'!A10,'GPT 5o'!B:B,0)) -> Probable | D10: =INDEX('Copilot 4o'!A:A,MATCH('All by All'!A10,'Copilot 4o'!B:B,0)) -> Probable (Treatment Only) | E10: =INDEX('Copilot 5o'!A:A,MATCH('All by All'!A10,'Copilot 5o'!B:B,0)) -> Probable (Treatment Only) | F10: =INDEX(Gemini!A:A,MATCH('All by All'!A10,Gemini!B:B,0)) -> Probable (Treatment Only)
A11: 4803410866 | B11: =INDEX(Clinician!S:S,MATCH('All by All'!A11,Clinician!A:A,0)) -> PROBABLE (treatment only) | C11: =INDEX('GPT 5o'!T:T,MATCH('All by All'!A11,'GPT 5o'!B:B,0)) -> No Case | D11: =INDEX('Copilot 4o'!A:A,MATCH('All by All'!A11,'Copilot 4o'!B:B,0)) -> No | E11: =INDEX('Copilot 5o'!A:A,MATCH('All by All'!A11,'Copilot 5o'!B:B,0)) -> Probable (Treatment Only) | F11: =INDEX(Gemini!A:A,MATCH('All by All'!A11,Gemini!B:B,0)) -> Probable (Treatment Only)
A12: 384210994 | B12: =INDEX(Clinician!S:S,MATCH('All by All'!A12,Clinician!A:A,0)) -> PROBABLE (treatment only) | C12: =INDEX('GPT 5o'!T:T,MATCH('All by All'!A12,'GPT 5o'!B:B,0)) -> Probable | D12: =INDEX('Copilot 4o'!A:A,MATCH('All by All'!A12,'Copilot 4o'!B:B,0)) -> Probable (Treatment Only) | E12: =INDEX('Copilot 5o'!A:A,MATCH('All by All'!A12,'Copilot 5o'!B:B,0)) -> Probable (Treatment Only) | F12: =INDEX(Gemini!A:A,MATCH('All by All'!A12,Gemini!B:B,0)) -> Probable (Treatment Only)
A13: 77110497 | B13: =INDEX(Clinician!S:S,MATCH('All by All'!A13,Clinician!A:A,0)) -> CASE (complications + treatment) | C13: =INDEX('GPT 5o'!T:T,MATCH('All by All'!A13,'GPT 5o'!B:B,0)) -> Probable | D13: =INDEX('Copilot 4o'!A:A,MATCH('All by All'!A13,'Copilot 4o'!B:B,0)) -> No | E13: =INDEX('Copilot 5o'!A:A,MATCH('All by All'!A13,'Copilot 5o'!B:B,0)) -> Probable (Treatment Only) | F13: =INDEX(Gemini!A:A,MATCH('All by All'!A13,Gemini!B:B,0)) -> Probable (Treatment Only)
... A82: 9461110544 | B82: =INDEX(Clinician!S:S,MATCH('All by All'!A82,Clinician!A:A,0)) -> PROBABLE (treatment only) | C82: =INDEX('GPT 5o'!T:T,MATCH('All by All'!A82,'GPT 5o'!B:B,0)) -> Probable | D82: =INDEX('Copilot 4o'!A:A,MATCH('All by All'!A82,'Copilot 4o'!B:B,0)) -> Probable (Treatment Only) | E82: =INDEX('Copilot 5o'!A:A,MATCH('All by All'!A82,'Copilot 5o'!B:B,0)) -> Probable (Treatment Only) | F82: =INDEX(Gemini!A:A,MATCH('All by All'!A82,Gemini!B:B,0)) -> Probable (Treatment Only)

Sheet Clinician
A1: personId | B1: age | C1: gender | D1: observationPeriod | E1: visitContext | F1: presentation (day 0) | G1: comorbidities (day 0) | H1: symptoms (day 0) | I1: priorDisease (before day 0) | J1: priorDrugs (before day 0) | K1: priorTreatmentProcedures (before day 0) | L1: diagnosticProcedures (before and after day 0) | M1: measurements (before and after day 0) | N1: alternativeDiagnosis (after day 0) | O1: afterDisease (after day 0) | P1: afterTreatmentProcedures (after day 0) | Q1: afterDrugs (after day 0) | R1: death | S1: DANI_CLASSIFICATION | T1: COMMENTS
A2: 7810823 | B2: 53 | C2: Female | D2: -2979 days - 4196 days | E2: Office Visit->Office Visit | F2: 10g monofilament sensation L foot normal (EHR); 10g monofilament sensation R foot normal (EHR); All pulses present in left foot (EHR); All pulses present in left lower limb (EHR); All pulses present in right foot (EHR); All pulses present in right lower l | I2: Proliferative retinopathy due to diabetes mellitus (day -458); Severe nonproliferative retinopathy due to diabetes mellitus (day -2234) | J2: insulin isophane (day -2864, for 55 days); insulin, regular, human (day -2864, for 55 days); insulin, regular, human (day -2775, for 149 days); insulin isophane (day -2775, for 149 days); insulin, regular, human (day -2568, for 55 days); insulin isophane | M2: HbA1c measurement (DCCT aligned) (82 millimole per mole, day 0); | O2: Nonproliferative retinopathy of left eye due to diabetes mellitus (day 818, 1161); Nonproliferative retinopathy of right eye due to diabetes mellitus (day 182, 818); Preproliferative retinopathy of left eye due to diabetes mellitus (day 1651); Proliferati | Q2: insulin isophane (day 61, for 27 days); insulin, regular, human (day 61, for 55 days); insulin isophane (day 151, for 27 days); insulin, regular, human (day 151, for 55 days); insulin isophane (day 221, for 69 days); insulin, regular, human (day 263, for | S2: CASE (complications + treatment) | T2: Likely index date misclassification (complications before index)
A3: 2352010389 | B3: 20 | C3: Male | D3: -85 days - 166 days | F3: Acquired deviated nasal septum (EHR); All pulses present in left lower limb (EHR); All pulses present in right lower limb (EHR); Blood pressure finding (EHR); Finding of foot region (EHR); Normal tactile sensation (EHR); Temporomandibular joint disorder ( | G3: Family history of diabetes mellitus (day -85) | I3: Type 1 diabetes mellitus (day -69) | M3: Glucose measurement, blood (6.4 millimole per liter, abnormal - high, day -17); HbA1c measurement (DCCT aligned) (58 millimole per mole, day -17); | Q3: insulin aspart, human (day 89, for 11 days); insulin glargine (day 89, for 27 days); | S3: CASE (complications + treatment) | T3: Likely index date misclassification (t1dm diagnosis before index?)
A4: 244010017 | B4: 17 | C4: Female | D4: -2281 days - 4538 days | F4: Acute upper respiratory infection (EHR); Acute upper respiratory infection (EHR); Type 1 diabetes mellitus (EHR); Type 1 diabetes mellitus (EHR); | I4: Type 1 diabetes mellitus (day -38) | J4: insulin, regular, human (day -32, for 408 days); insulin lispro (day -32, for 27 days); insulin isophane (day -32, for 408 days); | O4: Ketoacidotic coma due to type 1 diabetes mellitus (day 1871); Type 1 diabetes mellitus (day 66) | Q4: insulin lispro (day 125, for 27 days); insulin, regular, human (day 413, for 107 days); insulin isophane (day 413, for 107 days); insulin lispro (day 447, for 27 days); insulin isophane (day 583, for 27 days); insulin, regular, human (day 583, for 27 days | S4: CASE (complications + treatment) | T4: Likely index date misclassification (t1dm diagnosis before index?)
A5: 5359010662 | B5: 51 | C5: Male | D5: -2 days - 854 days | E5: Office Visit | F5: Alcohol dependence (EHR); Alcoholic cirrhosis (EHR); Asthma (EHR); Epilepsy (EHR); Glaucoma (EHR); Retinal detachment (EHR); Traumatic or nontraumatic brain injury (EHR); Type 1 diabetes mellitus (EHR); | M5: HbA1c measurement (DCCT aligned) (84 millimole per mole, abnormal - high, day 14); | Q5: insulin isophane (day 0, for 627 days); insulin, regular, human (day 0, for 627 days); insulin, regular, human (day 742, for 0 days); insulin isophane (day 742, for 0 days); insulin detemir (day 742, for 0 days); insulin, regular, human (day 783, for 0 da | S5: PROBABLE (treatment only)
A6: 261610479 | B6: 39 | C6: Female | D6: -4686 days - 3219 days | F6: All pulses present in left lower limb (EHR); All pulses present in right lower limb (EHR); Blood pressure finding (EHR); Type 1 diabetes mellitus (EHR); | G6: Diabetes mellitus (day -4670, -4635, -4228, -4130, -3731, -2970, -1745, -576, -499, -430, -317) | I6: Type 1 diabetes mellitus (day -476) | J6: insulin isophane (day -4565, for 3234 days); insulin, regular, human (day -4565, for 77 days); insulin, regular, human (day -4419, for 393 days); insulin, regular, human (day -3965, for 29 days); insulin, regular, human (day -3878, for 2350 days); metform | M6: HbA1c measurement (DCCT aligned) (7.7 percent, day 0); | Q6: insulin aspart, human (day 53, for 30 days); insulin aspart, human (day 115, for 0 days); insulin aspart, human (day 151, for 0 days); insulin aspart, human (day 196, for 0 days); insulin aspart, human (day 245, for 0 days); insulin aspart, human (day 276 | S6: PROBABLE (treatment only) | T6: Likely index date misclassification (t1dm diagnosis before index?). Some records of metformin, indicated for type 2 dm
A7: 378410775 | B7: 34 | C7: Male | D7: -274 days - 8161 days | F7: All pulses present in left lower limb (EHR); All pulses present in right lower limb (EHR); Type 1 diabetes mellitus (EHR); | G7: Essential hypertension (day -69) | I7: Type 1 diabetes mellitus (day -48) | J7: insulin, regular, human (day -207, for 291 days); insulin isophane (day -207, for 291 days); | M7: HbA1c measurement (DCCT aligned) (0 , day -28); HbA1c measurement (DCCT aligned) (7.8 , day -28); | N7: Essential hypertension (day -69) | O7: Disorder of left macula due to diabetes mellitus (day 3108, 7617, 7703); Disorder of right macula due to diabetes mellitus (day 7617, 7703); Nonproliferative retinopathy due to diabetes mellitus (day 371); Nonproliferative retinopathy of left eye due to d | Q7: insulin, regular, human (day 115, for 146 days); insulin isophane (day 115, for 146 days); insulin isophane (day 296, for 53 days); insulin, regular, human (day 296, for 53 days); insulin, regular, human (day 382, for 368 days); insulin isophane (day 382, | S7: CASE (complications + treatment) | T7: Likely index date misclassification (t1dm diagnosis before index?)
A8: 1502010397 | B8: 16 | C8: Male | D8: -2646 days - 911 days | F8: All pulses present in left lower limb (EHR); All pulses present in right lower limb (EHR); Blood pressure finding (EHR); Type 1 diabetes mellitus (EHR); | I8: Type 1 diabetes mellitus (day -677, -630) | J8: insulin aspart, human (day -676, for 1586 days); insulin isophane (day -676, for 44 days); insulin, regular, human (day -676, for 44 days); insulin aspart protamine, human (day -645, for 1150 days); insulin detemir (day -104, for 23 days); insulin detemir | Q8: insulin detemir (day 55, for 30 days); insulin detemir (day 140, for 0 days); insulin detemir (day 232, for 0 days); insulin detemir (day 315, for 30 days); insulin glargine (day 414, for 28 days); metformin (day 414, for 29 days); metformin (day 478, for | S8: PROBABLE (treatment only) | T8: Likely index date misclassification (t1dm diagnosis before index?). Some records of metformin, indicated for type 2 dm
A9: 2353710622 | B9: 18 | C9: Female | D9: -2093 days - 237 days | F9: All pulses present in left lower limb (EHR); All pulses present in right lower limb (EHR); Blood pressure finding (EHR); Type 1 diabetes mellitus (EHR); | G9: Candidiasis (day -160) | I9: Type 1 diabetes mellitus (day -435) | J9: insulin glargine (day -435, for 13 days); insulin aspart, human (day -435, for 13 days); insulin glargine (day -380, for 23 days); insulin aspart, human (day -380, for 86 days); insulin glargine (day -294, for 0 days); insulin aspart, human (day -247, for | M9: HbA1c measurement (DCCT aligned) (86 millimole per mole, day -7); | Q9: insulin aspart, human (day 34, for 0 days); insulin degludec (day 34, for 0 days); insulin aspart, human (day 78, for 0 days); insulin aspart, human (day 126, for 0 days); insulin degludec (day 126, for 0 days); insulin degludec (day 202, for 0 days); ins | S9: PROBABLE (treatment only) | T9: Likely index date misclassification (t1dm diagnosis before index?)
A10: 1045410614 | B10: 40 | C10: Female | D10: -14 days - 5874 days | E10: Office Visit | F10: Allergic reaction to drug (EHR); Type 1 diabetes mellitus (EHR); | O10: Disorder of nervous system due to diabetes mellitus (day 3240, 5340) | Q10: insulin, regular, human (day 50, for 29 days); insulin isophane (day 50, for 29 days); insulin, regular, human (day 178, for 29 days); insulin isophane (day 178, for 29 days); insulin, regular, human (day 246, for 29 days); insulin isophane (day 246, for | S10: CASE (complications + treatment)
A11: 4803410866 | B11: 20 | C11: Female | D11: -12 days - 83 days | E11: Office Visit | F11: Asthma (EHR); Obesity (EHR); Type 1 diabetes mellitus (EHR); | N11: Obesity (day 0) | Q11: insulin aspart, human (day 0, for 55 days); insulin glargine (day 0, for 0 days); insulin glargine (day 70, for 0 days); | S11: PROBABLE (treatment only)
A12: 384210994 | B12: 30 | C12: Male | D12: -7106 days - 903 days | E12: Office Visit | F12: Asymptomatic periapical periodontitis (EHR); Dental caries (EHR); Type 1 diabetes mellitus (EHR); | G12: Cyst of pancreas (day -5967, -4488, -3139) | Q12: insulin glargine (day 8, for 178 days); insulin aspart, human (day 8, for 178 days); insulin aspart, human (day 218, for 243 days); insulin glargine (day 218, for 243 days); insulin aspart, human (day 543, for 28 days); insulin glargine (day 543, for 28 d | S12: PROBABLE (treatment only)
A13: 77110497 | B13: 26 | C13: Male | D13: -3834 days - 107 days | F13: Atopic conjunctivitis (EHR); Type 1 diabetes mellitus (EHR); | G13: Diabetes mellitus (day -2101, -1801, -576); Diabetic - good control (day -2085, -1779, -1289, -1107, -771) | I13: Retinopathy due to diabetes mellitus (day -341); Type 1 diabetes mellitus (day -2008, -1304) | J13: insulin, regular, human (day -2095, for 35 days); insulin isophane (day -2095, for 35 days); insulin, regular, human (day -2024, for 29 days); insulin isophane (day -2024, for 29 days); insulin, regular, human (day -1954, for 29 days); insulin isophane (d | S13: CASE (complications + treatment) | T13: Likely index date misclassification (complications before index)
A14: 35210409 | B14: 29 | C14: Male | D14: -2078 days - 851 days | F14: Blood pressure finding (EHR); Type 1 diabetes mellitus (EHR); | G14: Diabetes mellitus (day -1829, -1186, -286) | I14: Type 1 diabetes mellitus (day -972) | J14: insulin, regular, human (day -2052, for 98 days); insulin isophane (day -1996, for 42 days); insulin isophane (day -1878, for 632 days); insulin, regular, human (day -1878, for 156 days); insulin lispro (day -1707, for 353 days); insulin lispro (day -1323 | O14: Type 1 diabetes mellitus (day 624, 704) | Q14: insulin lispro (day 25, for 27 days); insulin lispro (day 104, for 67 days); insulin glargine (day 180, for 57 days); insulin lispro (day 210, for 27 days); insulin glargine (day 277, for 154 days); insulin lispro (day 343, for 27 days); insulin lispro (d | S14: PROBABLE (treatment only) | T14: Likely index date misclassification (t1dm diagnosis before index?)
A15: 153910595 | B15: 62 | C15: Male | D15: -1716 days - 479 days | F15: Blood pressure finding (EHR); Finding of vibration sense (EHR); Pulse present in left dorsalis pedis artery (EHR); Pulse present in left posterior tibial artery (EHR); Pulse present in right dorsalis pedis artery (EHR); Pulse present in right posterior ti | G15: Diabetes mellitus (day -778, -455, -372); Essential hypertension (day -1008); Insulin treated type 2 diabetes mellitus (day -778); Type 2 diabetes mellitus (day -372) | I15: Type 1 diabetes mellitus (day -778) | J15: insulin isophane (day -35, for 312 days); | M15: Glucose measurement, blood (14.8 , day -9); HbA1c measurement (DCCT aligned) (5.8 , day -9); Glucose measurement, blood (14.8 , day 0); HbA1c measurement (DCCT aligned) (5.8 , day 0); Urine screening for glucose (day 0); | O15: Type 1 diabetes mellitus (day 228) | Q15: insulin isophane (day 322, for 144 days); | S15: NON-CASE (T2DM records) | T15: Likely index date misclassification (t2dm diagnosis before index?)
A16: 274210173 | B16: 77 | C16: Female | D16: -357 days - 765 days | F16: Blood pressure finding (EHR); Type 1 diabetes mellitus (EHR); | G16: Diabetes mellitus (day -91) | I16: Type 1 diabetes mellitus (day -91) | J16: insulin, regular, human (day -91, for 163 days); insulin isophane (day -91, for 163 days); | Q16: insulin isophane (day 164, for 44 days); insulin, regular, human (day 164, for 44 days); insulin isophane (day 282, for 27 days); insulin, regular, human (day 282, for 27 days); insulin isophane (day 357, for 27 days); insulin, regular, human (day 357, fo | S16: PROBABLE (treatment only) | T16: Likely index date misclassification (t1dm diagnosis before index?)
A17: 436610288 | B17: 67 | C17: Female | D17: -5268 days - 480 days | F17: Blood pressure finding (EHR); Type 1 diabetes mellitus (EHR); | G17: Diabetes mellitus (day -4682, -4472, -4000, -3916, -2986); Family history of diabetes mellitus (day -3923); Type 2 diabetes mellitus (day -5140, -4197, -4063, -3309, -2993) | I17: Autonomic neuropathy due to diabetes mellitus (day -3779); Disorder of nervous system due to diabetes mellitus (day -3552, -3281, -3090); Neuropathy due to diabetes mellitus (day -4609); Type 1 diabetes mellitus (day -2979, -88) | J17: metformin (day -5250, for 1522 days); insulin isophane (day -5241, for 2196 days); acarbose (day -5236, for 1728 days); pioglitazone (day -4000, for 27 days); pioglitazone (day -3916, for 184 days); insulin glargine (day -3902, for 37 days); metformin (da | M17: HbA1c measurement (DCCT aligned) (34 millimole per mole, normal, day -7); | Q17: insulin isophane (day 323, for 27 days); insulin isophane (day 385, for 112 days); | S17: NON-CASE (T2DM records) | T17: Likely index date misclassification (t2dm diagnosis and complications before index?)
A18: 503810366 | B18: 72 | C18: Male | D18: -5496 days - 1202 days | E18: Office Visit | F18: Blood pressure finding (EHR); Diabetes mellitus (EHR); Type 1 diabetes mellitus (EHR); | G18: Acute pancreatitis (day -38); Essential hypertension (day -1177, -830, -674) | N18: Acute pancreatitis (day -38); Diabetes mellitus (day 0) | Q18: insulin aspart, human (day 33, for 60 days); insulin aspart protamine, human (day 33, for 60 days); insulin glargine (day 125, for 98 days); insulin glargine (day 279, for 27 days); insulin glargine (day 369, for 67 days); insulin glargine (day 510, for 2 | S18: PROBABLE (treatment only) | T18: Maybe secondary diabetes (differential) as presentation coincides with acute pancreatitis
A19: 559910689 | B19: 34 | C19: Male | D19: -1186 days - 4197 days | E19: Office Visit->Office Visit | F19: Blood pressure finding (EHR); Type 1 diabetes mellitus (EHR); | G19: Diabetes mellitus (day -350) | J19: insulin, regular, human (day -1108, for 27 days); insulin, regular, human (day -1043, for 27 days); insulin, regular, human (day -892, for 85 days); insulin, regular, human (day -599, for 27 days); insulin, regular, human (day -487, for 27 days); insulin, | M19: HbA1c measurement (DCCT aligned) (8.4 , day 0); | O19: Diabetic hand syndrome (day 882, 958); Nonproliferative retinopathy due to diabetes mellitus (day 376); Retinopathy due to diabetes mellitus (day 3657, 4043); Type 1 diabetes mellitus (day 950, 1137) | Q19: insulin, regular, human (day 21, for 27 days); insulin, regular, human (day 112, for 27 days); insulin, regular, human (day 207, for 27 days); insulin, regular, human (day 341, for 27 days); insulin, regular, human (day 416, for 27 days); insulin, regular | S19: CASE (complications + treatment) | T19: Likely index date misclassification (insulin treatment before index)
A20: 644210241 | B20: 66 | C20: Male | D20: -4926 days - 262 days | E20: Office Visit | F20: Blood pressure finding (EHR); Type 1 diabetes mellitus (EHR); | G20: Diabetes mellitus (day -2589, -469); Essential hypertension (day -155); Type 2 diabetes mellitus (day -2589) | I20: Nonproliferative retinopathy due to diabetes mellitus (day -173) | J20: glyburide (day -1513, for 111 days); | Q20: insulin isophane (day 0, for 27 days); insulin, regular, human (day 0, for 27 days); insulin isophane (day 80, for 27 days); insulin, regular, human (day 80, for 27 days); insulin isophane (day 142, for 27 days); insulin, regular, human (day 142, for 27 d | S20: NON-CASE (T2DM records) | T20: Likely index date misclassification (t2dm diagnosis before index?)
A21: 812210207 | B21: 38 | C21: Female | D21: -85 days - 4750 days | E21: Office Visit | F21: Blood pressure finding (EHR); Type 1 diabetes mellitus (EHR); | M21: Serum fasting glucose measurement (15 millimole per liter, day 12); | Q21: insulin isophane (day 0, for 76 days); insulin, regular, human (day 0, for 76 days); insulin, regular, human (day 113, for 133 days); insulin isophane (day 113, for 133 days); insulin, regular, human (day 289, for 27 days); insulin isophane (day 289, for | S21: PROBABLE (treatment only)
A22: 925810409 | B22: 31 | C22: Female | D22: -2831 days - 1990 days | F22: Blood pressure finding (EHR); Blood pressure finding (EHR); Blood pressure finding (EHR); Blood pressure finding (EHR); Blood pressure finding (EHR); Blood pressure finding (EHR); Blood pressure finding (EHR); Type 1 diabetes mellitus (EHR); Type 1 diabet | G22: Candidiasis (day -2698, -2159); Candidiasis of vagina (day -2699); Diabetes mellitus (day -1851, -1669, -1368, -1168) | I22: Retinopathy due to diabetes mellitus (day -2272, -1424, -866, -140); Type 1 diabetes mellitus (day -853, -140, -28) | J22: insulin isophane (day -2791, for 230 days); insulin, regular, human (day -2791, for 230 days); insulin isophane (day -2527, for 142 days); insulin, regular, human (day -2527, for 142 days); insulin, regular, human (day -2337, for 54 days); insulin isophan | M22: HbA1c measurement (DCCT aligned) (8.3 percent, day 14); Glucose measurement, blood (9.2 millimole per liter, day 14); HbA1c measurement (DCCT aligned) (8.8 percent, day 28); | O22: Retinopathy due to diabetes mellitus (day 794, 849, 1682, 1745); Type 1 diabetes mellitus (day 80, 303, 337, 458, 591, 819, 917, 962, 997, 1193, 1234) | Q22: insulin aspart, human (day 17, for 27 days); insulin glargine (day 211, for 27 days); insulin aspart, human (day 211, for 27 days); insulin aspart, human (day 309, for 27 days); insulin glargine (day 309, for 27 days); insulin glargine (day 367, for 425 d | S22: CASE (complications + treatment) | T22: Likely index date misclassification (complications before index)
A23: 1054010302 | B23: 33 | C23: Female | D23: -4416 days - 710 days | F23: Blood pressure finding (EHR); Blood pressure finding (EHR); Blood pressure finding (EHR); Blood pressure finding (EHR); Type 1 diabetes mellitus (EHR); Type 1 diabetes mellitus (EHR); Type 1 diabetes mellitus (EHR); Type 1 diabetes mellitus (EHR); | G23: Candidiasis (day -3653, -3374, -2751, -2520, -2473, -1795, -1539, -1274, -1177, -335); Candidiasis of vagina (day -3047, -2179, -2123, -1896); Diabetes mellitus (day -4042, -3471, -3110, -2960, -2737, -2544, -2330, -2270, -2226, -2192, -2044, -1974, -1647 | I23: Hypoglycemic coma due to type 1 diabetes mellitus (day -2197, -2158); Ketoacidosis due to type 1 diabetes mellitus (day -3038); Loss of hypoglycemic warning due to diabetes mellitus (day -836, -581); Proliferative retinopathy due to diabetes mellitus (day | J23: insulin lispro (day -4396, for 29 days); insulin lispro (day -4336, for 29 days); insulin isophane (day -4336, for 29 days); insulin lispro (day -4251, for 29 days); insulin isophane (day -4251, for 29 days); insulin lispro (day -4129, for 29 days); insul | M23: Serum fasting glucose measurement (3.4 millimole per liter, normal, day 0); HbA1c measurement (DCCT aligned) (83 millimole per mole, abnormal - high, day 0); | O23: Proliferative retinopathy due to diabetes mellitus (day 639); Type 1 diabetes mellitus (day 40) | Q23: insulin lispro (day 77, for 0 days); insulin detemir (day 77, for 74 days); insulin lispro (day 124, for 0 days); insulin detemir (day 182, for 179 days); insulin lispro (day 182, for 0 days); insulin lispro (day 238, for 0 days); insulin lispro (day 295, | S23: CASE (complications + treatment) | T23: Likely index date misclassification (complications before index)
A24: 1525510677 | B24: 39 | C24: Male | D24: -2640 days - 6782 days | F24: Blood pressure finding (EHR); Blood pressure finding (EHR); Blood pressure finding (EHR); Blood pressure finding (EHR); Type 1 diabetes mellitus (EHR); Type 1 diabetes mellitus (EHR); Type 1 diabetes mellitus (EHR); Type 1 diabetes mellitus (EHR); | G24: Diabetes mellitus (day -980) | I24: Type 1 diabetes mellitus (day -1184, -939) | J24: insulin aspart protamine, human (day -966, for 152 days); insulin aspart, human (day -966, for 152 days); insulin aspart, human (day -771, for 0 days); insulin aspart protamine, human (day -771, for 0 days); insulin aspart protamine, human (day -715, for | M24: Self-monitoring of blood glucose (day 0); Glucose measurement, blood (11.5 , day 0); | O24: Disorder of left macula due to diabetes mellitus (day 5412); Disorder of macula due to diabetes mellitus (day 5340, 5412); Nonproliferative retinopathy due to diabetes mellitus (day 3952, 4402, 5340, 5412, 5643); Nonproliferative retinopathy of left eye d | Q24: insulin aspart protamine, human (day 5, for 0 days); insulin aspart, human (day 5, for 0 days); insulin aspart protamine, human (day 46, for 0 days); insulin aspart, human (day 46, for 0 days); insulin aspart protamine, human (day 110, for 0 days); insuli | S24: CASE (complications + treatment) | T24: Likely index date misclassification (complications before index)
A25: 1721910803 | B25: 34 | C25: Male | D25: days - days | E25: Office Visit->Office Visit | F25: Blood pressure finding (EHR); Blood pressure finding (EHR); Type 1 diabetes mellitus (EHR); Type 1 diabetes mellitus (EHR); | Q25: insulin detemir (day 10, for 1158 days); insulin aspart, human (day 10, for 2252 days); insulin degludec (day 1164, for 72 days); insulin degludec (day 1270, for 0 days); insulin degludec (day 1316, for 319 days); insulin degludec (day 1667, for 164 days) | S25: PROBABLE (treatment only)
A26: 1985010365 | B26: 72 | C26: Male | D26: -300 days - 1502 days | E26: Office Visit->Office Visit | F26: Blood pressure finding (EHR); Type 1 diabetes mellitus (EHR); | J26: insulin isophane (day -289, for 142 days); insulin, regular, human (day -287, for 0 days); insulin, regular, human (day -217, for 172 days); insulin isophane (day -72, for 29 days); insulin, regular, human (day -12, for 191 days); insulin isophane (day -1 | M26: Glucose measurement, blood (12.7 millimole per liter, day -12); | O26: Persistent microalbuminuria due to type 1 diabetes mellitus (day 1080); Type 1 diabetes mellitus (day 48, 517, 595) | Q26: insulin isophane (day 96, for 29 days); insulin, regular, human (day 211, for 82 days); insulin isophane (day 211, for 29 days); insulin, regular, human (day 327, for 792 days); insulin isophane (day 327, for 29 days); insulin isophane (day 418, for 101 d | S26: PROBABLE (treatment only)
A27: 2020510974 | B27: 55 | C27: Male | D27: -3204 days - 4530 days | E27: Office Visit->Office Visit | F27: Blood pressure finding (EHR); Type 1 diabetes mellitus (EHR); | G27: Essential hypertension (day -3113); Hyperlipidemia (day -2840, -2667, -2030, -1952, -1862, -1077, -894, -230); Insulin treated type 2 diabetes mellitus (day -3204); Obesity (day -2484); Type 2 diabetes mellitus (day -3204, -2675, -2303, -2041, -824, -467) | I27: Nonproliferative retinopathy due to diabetes mellitus (day -3070); Retinopathy due to diabetes mellitus (day -2484) | J27: metformin (day -3178, for 56 days); insulin, regular, human (day -3143, for 206 days); insulin isophane (day -3143, for 206 days); metformin (day -3086, for 104 days); metformin (day -2945, for 89 days); insulin aspart, human (day -2939, for 4424 days); i | O27: Type 1 diabetes mellitus (day 1198) | Q27: metformin (day 115, for 54 days); metformin (day 205, for 138 days); metformin (day 391, for 371 days); metformin (day 822, for 116 days); metformin (day 981, for 57 days); metformin (day 1127, for 27 days); metformin (day 1198, for 27 days); metformin (d | S27: NON-CASE (T2DM records) | T27: Likely index date misclassification (t2dm diagnosis and metformin treatment before index?)
A28: 2520610627 | B28: 44 | C28: Female | D28: days - days | E28: Office Visit->Office Visit | F28: Blood pressure finding (EHR); Type 1 diabetes mellitus (EHR); | O28: Retinopathy due to diabetes mellitus (day 188); Type 1 diabetes mellitus (day 539) | Q28: insulin aspart, human (day 82, for 0 days); insulin detemir (day 82, for 84 days); insulin aspart, human (day 367, for 44 days); insulin aspart, human (day 454, for 27 days); insulin detemir (day 454, for 27 days); insulin detemir (day 553, for 122 days); | S28: CASE (complications + treatment)
A29: 3954810544 | B29: 58 | C29: Male | D29: -2017 days - 3651 days | F29: Blood pressure finding (EHR); Finding of foot region (EHR); Type 1 diabetes mellitus (EHR); | G29: Calculus of pancreas (day -1068); Diabetes mellitus (day -581); Type 2 diabetes mellitus (day -1919, -581) | I29: Type 1 diabetes mellitus (day -581) | J29: glipizide (day -1596, for 124 days); glipizide (day -1410, for 27 days); glipizide (day -1305, for 96 days); glipizide (day -1165, for 55 days); glipizide (day -1065, for 55 days); insulin isophane (day -1023, for 27 days); insulin, regular, human (day -9 | M29: HbA1c measurement (DCCT aligned) (7.3 percent, day 0); | O29: Nonproliferative retinopathy due to diabetes mellitus (day 2692); Preproliferative retinopathy due to diabetes mellitus (day 3024); Retinopathy due to type 2 diabetes mellitus (day 2446) | Q29: insulin isophane (day 39, for 27 days); insulin lispro (day 39, for 27 days); insulin isophane (day 472, for 132 days); insulin lispro (day 528, for 76 days); insulin lispro (day 781, for 27 days); insulin isophane (day 781, for 27 days); insulin glargine | S29: NON-CASE (T2DM records) | T29: Likely index date misclassification (t2dm diagnosis and metformin treatment before index?)
A30: 726710461 | B30: 47 | C30: Male | D30: -1428 days - 6734 days | E30: Office Visit->Office Visit | F30: Diabetes mellitus (EHR); Diabetes mellitus (EHR); Type 1 diabetes mellitus (EHR); Type 1 diabetes mellitus (EHR); | G30: Diabetes mellitus (day -1047) | J30: insulin, protamine zinc, beef (day -1422, for 27 days); insulin, protamine zinc, beef (day -1348, for 27 days); insulin, protamine zinc, beef (day -1264, for 27 days); insulin, protamine zinc, beef (day -1198, for 27 days); insulin, protamine zinc, beef ( | N30: Diabetes mellitus (day 0); Retinopathy due to diabetes mellitus (day 76) | O30: Proliferative retinopathy due to diabetes mellitus (day 3989, 4187, 4898); Retinopathy due to diabetes mellitus (day 76); Type 1 diabetes mellitus (day 3836, 3995, 4195, 4797, 5033, 5098, 5546) | Q30: insulin, regular, human (day 315, for 460 days); insulin, regular, human (day 838, for 630 days); insulin, regular, human (day 1504, for 27 days); insulin isophane (day 1567, for 1167 days); insulin, regular, human (day 1567, for 1141 days); insulin, regu | S30: CASE (complications + treatment) | T30: Likely index date misclassification (insulin treatment before index)
A31: 833410289 | B31: 24 | C31: Female | D31: -2491 days - 4727 days | E31: Office Visit->Office Visit | F31: Diabetes mellitus (EHR); Type 1 diabetes mellitus (EHR); | N31: Diabetes mellitus (day 0); Type 2 diabetes mellitus (day 1) | O31: Diabetic ketoacidosis (day 2350, 2965, 3454, 3982); Retinopathy due to diabetes mellitus (day 3925); Type 1 diabetes mellitus (day 1627, 3035) | Q31: metformin (day 3, for 29 days); metformin (day 72, for 29 days); metformin (day 302, for 29 days); metformin (day 423, for 29 days); insulin, regular, human (day 436, for 27 days); insulin isophane (day 436, for 27 days); insulin isophane (day 519, for 27 | S31: CASE (complications + treatment)
A32: 971510284 | B32: 60 | C32: Male | D32: -350 days - 4511 days | E32: Office Visit->Office Visit | F32: Diabetes mellitus (EHR); Type 1 diabetes mellitus (EHR); | N32: Diabetes mellitus (day 0) | O32: Neuropathy due to diabetes mellitus (day 2914) | Q32: insulin, regular, human (day 989, for 27 days); insulin isophane (day 989, for 27 days); insulin isophane (day 1150, for 27 days); insulin, regular, human (day 1150, for 27 days); insulin isophane (day 1239, for 27 days); insulin, regular, human (day 1239 | S32: CASE (complications + treatment)
A33: 1094310233 | B33: 4 | C33: Male | D33: -1374 days - 6593 days | E33: Office Visit->Office Visit | F33: Diabetes mellitus (EHR); Type 1 diabetes mellitus (EHR); | M33: Urine screening for glucose (day 0); | N33: Diabetes mellitus (day 0) | O33: Type 1 diabetes mellitus (day 4064) | Q33: insulin, regular, human (day 4, for 541 days); insulin isophane (day 4, for 541 days); insulin isophane (day 710, for 27 days); insulin, regular, human (day 710, for 27 days); insulin isophane (day 770, for 118 days); insulin, regular, human (day 770, for | S33: PROBABLE (treatment only) | T33: Very young (4yo). We could say that new diabetes at this age is almost warrantee that this is a t1dm CASE
A34: 38410333 | B34: 33 | C34: Female | D34: -157 days - 4631 days | E34: Office Visit->Office Visit | F34: Hyperlipidemia (EHR); Neuropathic arthropathy due to diabetes mellitus (EHR); Neuropathy due to diabetes mellitus (EHR); Retinopathy due to diabetes mellitus (EHR); Type 1 diabetes mellitus (EHR); | J34: insulin isophane (day -153, for 398 days); insulin lispro (day -153, for 230 days); | N34: Hyperlipidemia (day 0); Neuropathic arthropathy due to diabetes mellitus (day 0); Neuropathy due to diabetes mellitus (day 0); Retinopathy due to diabetes mellitus (day 0) | O34: Mixed diabetic ulcer - foot (day 3620); Neuropathic arthropathy due to diabetes mellitus (day 320); Retinopathy due to diabetes mellitus (day 327); Type 1 diabetes mellitus (day 722) | Q34: metformin (day 112, for 3000 days); insulin lispro (day 126, for 119 days); insulin lispro (day 293, for 186 days); insulin isophane (day 340, for 139 days); insulin lispro (day 529, for 121 days); insulin glargine (day 529, for 121 days); insulin lispro | S34: CASE (complications + treatment) | T34: Likely index date misclassification (insulin before index)
A35: 3525210465 | B35: 56 | C35: Male | D35: -3534 days - 923 days | F35: Pain of knee region (EHR); Type 1 diabetes mellitus (EHR); | I35: Type 1 diabetes mellitus (day -1266) | J35: insulin, regular, human (day -1266, for 69 days); insulin isophane (day -1266, for 69 days); insulin isophane (day -883, for 27 days); insulin, regular, human (day -883, for 27 days); insulin isophane (day -758, for 27 days); insulin, regular, human (day | Q35: insulin, regular, human (day 103, for 27 days); insulin isophane (day 103, for 27 days); insulin, regular, human (day 187, for 27 days); insulin isophane (day 187, for 27 days); insulin isophane (day 264, for 57 days); insulin, regular, human (day 264, fo | S35: PROBABLE (treatment only)
A36: 2010394 | B36: 33 | C36: Male | D36: -1662 days - 3112 days | E36: Office Visit->Office Visit | F36: Type 1 diabetes mellitus (EHR); Type 1 diabetes mellitus (EHR); | J36: insulin isophane (day -1654, for 27 days); insulin, regular, human (day -1654, for 27 days); insulin, regular, human (day -1581, for 161 days); insulin isophane (day -1581, for 163 days); insulin isophane (day -1366, for 84 days); insulin, regular, human | O36: Disorder of eye due to type 1 diabetes mellitus (day 1141); Type 1 diabetes mellitus (day 105) | Q36: insulin isophane (day 78, for 88 days); insulin, regular, human (day 78, for 88 days); insulin, regular, human (day 212, for 27 days); insulin isophane (day 212, for 27 days); insulin, regular, human (day 279, for 257 days); insulin isophane (day 279, for | S36: CASE (complications + treatment) | T36: Likely index date misclassification (insulin before index)
A37: 62910668 | B37: 59 | C37: Male | D37: -3237 days - 2951 days | E37: Office Visit->Office Visit | F37: Type 1 diabetes mellitus (EHR); | G37: Essential hypertension (day -2509) | M37: HbA1c measurement (DCCT aligned) (11 percent, day 0); HbA1c measurement (DCCT aligned) (97 millimole per mole, day 0); | O37: Type 1 diabetes mellitus (day 392, 803) | Q37: insulin glargine (day 66, for 27 days); insulin aspart, human (day 66, for 27 days); insulin aspart, human (day 158, for 0 days); insulin glargine (day 180, for 0 days); insulin aspart, human (day 223, for 0 days); insulin aspart, human (day 279, for 0 da | S37: PROBABLE (treatment only)
A38: 75310568 | B38: 54 | C38: Female | D38: -871 days - 493 days | E38: Office Visit | F38: Type 1 diabetes mellitus (EHR); | G38: Diabetes mellitus (day -222) | I38: Skin ulcer due to diabetes mellitus (day -222) | J38: metformin (day -639, for 439 days); insulin, regular, human (day -220, for 182 days); | M38: HbA1c measurement (DCCT aligned) (0 , day 27); | Q38: metformin (day 2, for 68 days); insulin, regular, human (day 8, for 126 days); metformin (day 111, for 27 days); insulin, regular, human (day 219, for 274 days); insulin isophane (day 250, for 27 days); insulin isophane (day 393, for 27 days); | S38: NON-CASE (T2DM treatment, metformin) | T38: Likely index date misclassification (complications before index)
A39: 120310166 | B39: 33 | C39: Female | D39: -5336 days - 3561 days | E39: Office Visit | F39: Type 1 diabetes mellitus (EHR); | G39: Diabetes mellitus (day -3540); Family history of diabetes mellitus (day -3214, -1877) | I39: Disorder of right macula due to diabetes mellitus (day -484); Nonproliferative retinopathy due to diabetes mellitus (day -2041); Nonproliferative retinopathy of left eye due to diabetes mellitus (day -484); Nonproliferative retinopathy of right eye due to | J39: insulin, regular, human (day -5335, for 122 days); insulin isophane (day -5333, for 95 days); insulin lispro (day -5214, for 1975 days); insulin isophane (day -5185, for 1666 days); insulin glargine (day -3540, for 299 days); insulin lispro (day -3106, fo | N39: Disorder of right macula due to diabetes mellitus (day 20); Nonproliferative retinopathy of left eye due to diabetes mellitus (day 20); Nonproliferative retinopathy of right eye due to diabetes mellitus (day 20) | O39: Disorder of right macula due to diabetes mellitus (day 20); Nonproliferative retinopathy of left eye due to diabetes mellitus (day 20, 601, 975, 1507, 1885, 2947, 3437); Nonproliferative retinopathy of right eye due to diabetes mellitus (day 20, 975, 1507 | Q39: insulin lispro (day 38, for 4 days); insulin lispro (day 94, for 4 days); insulin detemir (day 94, for 0 days); insulin detemir (day 146, for 0 days); insulin lispro (day 146, for 4 days); insulin lispro (day 225, for 27 days); insulin detemir (day 248, f | S39: CASE (complications + treatment) | T39: Likely index date misclassification (complications before index)
A40: 319810053 | B40: 13 | C40: Male | D40: -1520 days - 2785 days | E40: Office Visit->Office Visit | F40: Type 1 diabetes mellitus (EHR); Type 1 diabetes mellitus (EHR); | M40: Glucose measurement, blood (31.1 millimole per liter, abnormal - high, day 0); Urine screening for glucose (day 0); HbA1c measurement (DCCT aligned) (10.1 international unit per liter, abnormal - high, day 3); | O40: Diabetic ketoacidosis (day 2134); Type 1 diabetes mellitus (day 1666) | Q40: insulin isophane (day 4, for 628 days); insulin, regular, human (day 4, for 628 days); insulin isophane (day 665, for 583 days); insulin, regular, human (day 665, for 583 days); insulin aspart, human (day 1159, for 61 days); insulin glargine (day 1159, fo | S40: CASE (complications + treatment)
A41: 341210634 | B41: 17 | C41: Male | D41: -187 days - 8514 days | E41: Office Visit | F41: Type 1 diabetes mellitus (EHR); | J41: insulin, regular, human (day -179, for 62 days); insulin, regular, human (day -84, for 27 days); | O41: Nonproliferative retinopathy of left eye due to diabetes mellitus (day 7427, 7827); Nonproliferative retinopathy of right eye due to diabetes mellitus (day 7434, 7827) | Q41: insulin, regular, human (day 0, for 27 days); insulin, regular, human (day 66, for 27 days); insulin, regular, human (day 128, for 181 days); insulin isophane (day 240, for 27 days); insulin, regular, human (day 351, for 139 days); insulin, regular, human | S41: CASE (complications + treatment) | T41: Likely index date misclassification (insulin before index)
A42: 362110891 | B42: 40 | C42: Male | D42: -1928 days - 7690 days | F42: Type 1 diabetes mellitus (EHR); | G42: Type 2 diabetes mellitus without complication (day -1775, -666) | I42: Type 1 diabetes mellitus without complication (day -1787) | J42: insulin, regular, human (day -1775, for 29 days); insulin isophane (day -1676, for 84 days); insulin isophane (day -1547, for 192 days); insulin isophane (day -1313, for 125 days); insulin isophane (day -1116, for 433 days); insulin isophane (day -640, fo | O42: Nonproliferative retinopathy of left eye due to diabetes mellitus (day 5528, 6958); Nonproliferative retinopathy of right eye due to diabetes mellitus (day 5528, 6958); Proliferative retinopathy due to diabetes mellitus (day 2254); Type 1 diabetes mellitu | Q42: insulin isophane (day 766, for 561 days); insulin isophane (day 1368, for 437 days); insulin isophane (day 1852, for 111 days); insulin isophane (day 2014, for 224 days); insulin isophane (day 2275, for 55 days); insulin isophane (day 2391, for 120 days); | S42: NON-CASE (T2DM records) | T42: Likely index date misclassification (insulin before index?)
A43: 370010311 | B43: 79 | C43: Male | D43: -549 days - 605 days | E43: Office Visit | F43: Type 1 diabetes mellitus (EHR); | J43: insulin, regular, human (day -505, for 1058 days); insulin isophane (day -505, for 1058 days); | S43: PROBABLE (treatment only)
A44: 461910966 | B44: 31 | C44: Male | D44: -10893 days - 2316 days | E44: Office Visit | F44: Type 1 diabetes mellitus (EHR); | Q44: insulin lispro protamine, human (day 0, for 0 days); insulin lispro (day 0, for 0 days); insulin degludec (day 52, for 28 days); insulin aspart, human (day 52, for 28 days); insulin aspart, human (day 111, for 0 days); insulin degludec (day 111, for 0 day | S44: PROBABLE (treatment only)
A45: 515410701 | B45: 58 | C45: Female | D45: -59 days - 6072 days | E45: Office Visit | F45: Type 1 diabetes mellitus (EHR); Type 2 diabetes mellitus (EHR); | J45: insulin isophane (day -32, for 335 days); | N45: Type 2 diabetes mellitus (day 0) | O45: Nonproliferative retinopathy of right eye due to diabetes mellitus (day 2733); Preproliferative retinopathy of left eye due to diabetes mellitus (day 2847); Preproliferative retinopathy of right eye due to diabetes mellitus (day 2847) | Q45: insulin isophane (day 335, for 340 days); insulin glargine (day 662, for 43 days); insulin aspart protamine, human (day 690, for 1248 days); insulin aspart, human (day 690, for 1248 days); metformin (day 721, for 761 days); metformin (day 1516, for 409 da | S45: NON-CASE (T2DM records) | T45: Likely index date misclassification (insulin before index?)
A46: 603810956 | B46: 18 | C46: Female | D46: -1360 days - 114 days | E46: Office Visit | F46: Type 1 diabetes mellitus (EHR); | J46: insulin, regular, human (day -722, for 29 days); insulin isophane (day -722, for 27 days); | S46: PROBABLE (treatment only) | T46: Likely index date misclassification (insulin before index?)
A47: 689210365 | B47: 71 | C47: Male | D47: -616 days - 4781 days | E47: Office Visit->Office Visit | F47: Type 1 diabetes mellitus (EHR); Type 1 diabetes mellitus (EHR); | G47: Type 2 diabetes mellitus (day -275) | J47: metformin (day -535, for 27 days); metformin (day -468, for 27 days); metformin (day -401, for 27 days); metformin (day -343, for 27 days); metformin (day -275, for 27 days); metformin (day -147, for 80 days); rosiglitazone (day -52, for 52 days); metform | M47: Glucose measurement, blood (13.3 millimole per liter, abnormal - high, day -8); HbA1c measurement (DCCT aligned) (10.6 percent, day -7); | O47: Neuropathic arthropathy due to diabetes mellitus (day 2801); Retinopathy due to diabetes mellitus (day 1747, 2909); Type 1 diabetes mellitus (day 116, 174) | Q47: insulin isophane (day 0, for 29 days); insulin, regular, human (day 25, for 27 days); insulin, regular, human (day 118, for 83 days); insulin isophane (day 121, for 29 days); insulin isophane (day 263, for 29 days); insulin isophane (day 370, for 29 days) | S47: NON-CASE (T2DM records) | T47: Likely index date misclassification (complications before index?)
A48: 726310128 | B48: 17 | C48: Female | D48: -2750 days - 3041 days | E48: Office Visit | F48: Type 1 diabetes mellitus (EHR); | M48: Glucose measurement, blood (33.2 millimole per liter, day 0); | Q48: insulin detemir (day 7, for 0 days); insulin aspart, human (day 7, for 0 days); insulin aspart, human (day 41, for 0 days); insulin detemir (day 41, for 0 days); insulin detemir (day 154, for 22 days); insulin aspart, human (day 154, for 22 days); insulin | S48: PROBABLE (treatment only)
A49: 740710960 | B49: 12 | C49: Female | D49: -4109 days - 3892 days | E49: Office Visit | F49: Type 1 diabetes mellitus (EHR); | M49: HbA1c measurement (DCCT aligned) (102 millimole per mole, day 0); | O49: Nonproliferative retinopathy of left eye due to diabetes mellitus (day 1909, 2798, 3771) | Q49: insulin detemir (day 7, for 29 days); insulin aspart, human (day 7, for 27 days); insulin glargine (day 64, for 0 days); insulin aspart, human (day 75, for 27 days); insulin glargine (day 103, for 0 days); insulin aspart, human (day 135, for 548 days); in | S49: CASE (complications + treatment)
A50: 741610129 | B50: 24 | C50: Male | D50: -269 days - 3335 days | E50: Office Visit | F50: Type 1 diabetes mellitus (EHR); | G50: Diabetes mellitus (day -269) | J50: insulin lispro (day -259, for 922 days); insulin lispro protamine, human (day -259, for 922 days); | M50: HbA1c measurement (DCCT aligned) (14 percent, abnormal - high, day -17); | O50: Ketoacidosis due to type 1 diabetes mellitus (day 372); Proliferative retinopathy of right eye with diabetes mellitus (day 1331) | Q50: insulin lispro (day 714, for 363 days); insulin lispro protamine, human (day 714, for 363 days); insulin lispro protamine, human (day 1127, for 95 days); insulin lispro (day 1127, for 95 days); insulin lispro (day 1266, for 342 days); insulin lispro prota | S50: CASE (complications + treatment)
A51: 795410971 | B51: 2 | C51: Female | D51: -721 days - 3490 days | E51: Office Visit | F51: Type 1 diabetes mellitus (EHR); | M51: HbA1c measurement (DCCT aligned) (31 millimole per mole, day 0); | S51: PROBABLE (treatment only) | T51: Diabetes at age 2 is very likely Type 1, could be classified as case
A52: 818210372 | B52: 57 | C52: Male | D52: -844 days - 6331 days | E52: Office Visit | F52: Type 1 diabetes mellitus (EHR); | J52: insulin isophane (day -690, for 24 days); insulin, regular, pork (day -690, for 24 days); insulin, regular, pork (day -598, for 24 days); insulin isophane (day -598, for 24 days); insulin, regular, human (day -514, for 27 days); insulin, regular, pork (da | M52: Urine dipstick for glucose (Nil, day 1); | Q52: insulin isophane (day 15, for 24 days); insulin, regular, pork (day 15, for 24 days); insulin, regular, pork (day 127, for 24 days); insulin isophane (day 127, for 24 days); insulin, regular, pork (day 282, for 24 days); insulin isophane (day 282, for 24 | S52: PROBABLE (treatment only)
A53: 826210737 | B53: 3 | C53: Female | D53: -1045 days - 1862 days | E53: Office Visit | F53: Type 1 diabetes mellitus (EHR); | Q53: insulin, regular, human (day 53, for 2 days); insulin isophane (day 53, for 2 days); insulin aspart, human (day 83, for 27 days); insulin detemir (day 159, for 41 days); insulin aspart, human (day 173, for 27 days); insulin, regular, human (day 246, for 2 | S53: PROBABLE (treatment only) | T53: Diabetes at age 3 is very likely Type 1, could be classified as case
A54: 870510178 | B54: 60 | C54: Male | D54: -109 days - 9765 days | E54: Office Visit->Office Visit | F54: Type 1 diabetes mellitus (EHR); | N54: Diabetes mellitus (day 74) | O54: Nonproliferative retinopathy of right eye due to diabetes mellitus (day 9193); Type 1 diabetes mellitus (day 2279, 8866) | Q54: insulin, regular, human (day 74, for 29 days); insulin isophane (day 74, for 27 days); insulin isophane (day 176, for 27 days); insulin, regular, human (day 176, for 29 days); insulin, regular, human (day 312, for 29 days); insulin isophane (day 312, for | S54: CASE (complications + treatment)
A55: 888710791 | B55: 12 | C55: Female | D55: -4300 days - 2667 days | E55: Office Visit->Office Visit | F55: Type 1 diabetes mellitus (EHR); | M55: HbA1c measurement (DCCT aligned) (100 millimole per mole, day 0); | Q55: insulin detemir (day 2, for 27 days); insulin aspart, human (day 2, for 27 days); insulin aspart, human (day 61, for 815 days); insulin detemir (day 96, for 450 days); insulin detemir (day 610, for 266 days); insulin aspart, human (day 929, for 1742 days) | S55: PROBABLE (treatment only)
A56: 932610840 | B56: 13 | C56: Female | D56: -2926 days - 3431 days | E56: Office Visit | F56: Type 1 diabetes mellitus (EHR); | G56: Steroid-induced diabetes (day -64) | M56: HbA1c measurement (DCCT aligned) (30 millimole per mole, day 21); | N56: Steroid-induced diabetes (day -64) | Q56: insulin detemir (day 0, for 27 days); insulin aspart, human (day 0, for 27 days); | S56: NON-CASE (diagnosis of steroid-induced diabetes)
A57: 954410764 | B57: 19 | C57: Female | D57: -3400 days - 4459 days | E57: Office Visit->Office Visit | F57: Type 1 diabetes mellitus (EHR); | M57: Glucose measurement, blood (14.3 millimole per liter, abnormal - high, day -1); HbA1c measurement (DCCT aligned) (14.8 percent, abnormal - high, day -1); HbA1c measurement (DCCT aligned) (0 , day -1); HbA1c measurement (DCCT aligned) (10.6 , day 1); | Q57: insulin detemir (day 0, for 64 days); insulin aspart, human (day 0, for 37 days); insulin aspart, human (day 70, for 14 days); insulin aspart, human (day 128, for 21 days); insulin detemir (day 128, for 273 days); insulin aspart, human (day 181, for 0 day | S57: PROBABLE (treatment only)
A58: 959010761 | B58: 9 | C58: Female | D58: -3233 days - 5447 days | E58: Office Visit | F58: Type 1 diabetes mellitus (EHR); | G58: Candidiasis of mouth (day -2750) | O58: Ketoacidosis due to type 1 diabetes mellitus (day 3149); Nonproliferative retinopathy of left eye due to diabetes mellitus (day 1262, 1968, 4751, 4852); Nonproliferative retinopathy of right eye due to diabetes mellitus (day 4299, 4751, 4852) | Q58: insulin isophane (day 5, for 97 days); insulin aspart, human (day 5, for 0 days); insulin, regular, human (day 5, for 97 days); insulin detemir (day 5, for 21 days); insulin detemir (day 92, for 28 days); insulin aspart, human (day 93, for 27 days); insul | S58: CASE (complications + treatment)
A59: 1084310679 | B59: 14 | C59: Male | D59: -3543 days - 3451 days | E59: Office Visit | F59: Type 1 diabetes mellitus (EHR); | N59: Subcapsular cataract (day 48) | Q59: insulin detemir (day 13, for 0 days); insulin aspart, human (day 13, for 3428 days); insulin detemir (day 67, for 0 days); insulin detemir (day 132, for 0 days); insulin detemir (day 173, for 0 days); insulin detemir (day 237, for 0 days); insulin detemir | S59: CASE (complications + treatment)
A60: 1084510775 | B60: 14 | C60: Female | D60: -810 days - 5711 days | E60: Office Visit | F60: Type 1 diabetes mellitus (EHR); | G60: Diabetes mellitus (day -807) | J60: insulin isophane (day -795, for 121 days); insulin, regular, human (day -795, for 121 days); insulin, regular, human (day -639, for 29 days); insulin isophane (day -639, for 29 days); insulin, regular, human (day -568, for 29 days); insulin isophane (day | M60: HbA1c measurement (DCCT aligned) (9.5 , day -18); | O60: Disorder of left macula due to diabetes mellitus (day 3076); Disorder of right macula due to diabetes mellitus (day 4175); Nonproliferative retinopathy of left eye due to diabetes mellitus (day 3076, 3245, 4175); Nonproliferative retinopathy of right eye | Q60: insulin, regular, human (day 3, for 29 days); insulin aspart, human (day 3, for 27 days); insulin isophane (day 3, for 29 days); insulin aspart, human (day 73, for 93 days); insulin isophane (day 73, for 95 days); insulin, regular, human (day 73, for 95 d | S60: CASE (complications + treatment)
A61: 1086910999 | B61: 27 | C61: Male | D61: -6397 days - 478 days | E61: Office Visit | F61: Type 1 diabetes mellitus (EHR); | M61: Glucose measurement, blood (17.5 millimole per liter, abnormal - high, day -2); HbA1c measurement (DCCT aligned) (127 millimole per mole, abnormal - high, day -2); HbA1c measurement (DCCT aligned) (day -2); Glucose measurement, blood (day -2); | Q61: insulin aspart, human (day 7, for 20 days); insulin degludec (day 7, for 20 days); insulin aspart, human (day 96, for 0 days); insulin degludec (day 96, for 0 days); insulin aspart, human (day 166, for 30 days); insulin degludec (day 195, for 0 days); ins | S61: PROBABLE (treatment only)
A62: 1377210629 | B62: 50 | C62: Female | D62: -364 days - 824 days | E62: Office Visit | F62: Type 1 diabetes mellitus (EHR); | G62: Family history of diabetes mellitus (day -358) | M62: Glucose measurement, blood (15 millimole per liter, day -9); HbA1c measurement (DCCT aligned) (10.9 percent, day 7); | Q62: insulin aspart, human (day 0, for 0 days); insulin aspart protamine, human (day 0, for 0 days); insulin aspart protamine, human (day 140, for 11 days); insulin aspart, human (day 140, for 11 days); insulin aspart, human (day 195, for 0 days); insulin aspa | S62: PROBABLE (treatment only)
A63: 1559910397 | B63: 13 | C63: Male | D63: -1271 days - 1814 days | E63: Office Visit->Office Visit | F63: Type 1 diabetes mellitus (EHR); | J63: insulin aspart, human (day -6, for 27 days); insulin isophane (day -6, for 46 days); insulin, regular, human (day -6, for 46 days); | M63: Glucose measurement, blood (18.4 millimole per liter, day -11); | O63: Type 1 diabetes mellitus (day 409) | Q63: insulin aspart, human (day 101, for 27 days); insulin aspart protamine, human (day 101, for 27 days); insulin aspart, human (day 164, for 72 days); insulin aspart protamine, human (day 164, for 72 days); insulin lispro protamine, human (day 245, for 105 d | S63: PROBABLE (treatment only)
A64: 1602410226 | B64: 27 | C64: Female | D64: -76 days - 421 days | E64: Office Visit | F64: Type 1 diabetes mellitus (EHR); | J64: insulin aspart, human (day -63, for 380 days); insulin isophane (day -63, for 182 days); | M64: HbA1c measurement (DCCT aligned) (8.6 percent, day -12); HbA1c measurement (DCCT aligned) (71 millimole per mole, day -12); | Q64: insulin glargine (day 109, for 0 days); insulin glargine (day 141, for 27 days); insulin glargine (day 207, for 0 days); insulin glargine (day 245, for 25 days); insulin aspart, human (day 354, for 69 days); insulin glargine (day 354, for 0 days); | S64: PROBABLE (treatment only)
A65: 1620610573 | B65: 63 | C65: Female | D65: -946 days - 477 days | E65: Office Visit | F65: Type 1 diabetes mellitus (EHR); | G65: Bilateral cataracts (day -896); Diabetes mellitus (day -919) | J65: insulin isophane (day -490, for 54 days); insulin isophane (day -362, for 68 days); insulin isophane (day -247, for 27 days); insulin isophane (day -163, for 27 days); | Q65: insulin isophane (day 47, for 82 days); insulin isophane (day 246, for 27 days); insulin isophane (day 335, for 7 days); insulin isophane (day 415, for 87 days); | S65: CASE (complications + treatment)
A66: 1675410922 | B66: 31 | C66: Male | D66: -2528 days - 653 days | E66: Office Visit | F66: Type 1 diabetes mellitus (EHR); | M66: HbA1c measurement (DCCT aligned) (89 millimole per mole, abnormal - high, day 14); Glucose measurement, blood (19.6 millimole per liter, day 14); Glucose measurement, blood (20.9 millimole per liter, abnormal - high, day 14); Glucose measurement, blood (d | Q66: insulin detemir (day 14, for 35 days); insulin aspart, human (day 19, for 27 days); metformin (day 22, for 27 days); insulin aspart, human (day 90, for 0 days); insulin degludec (day 90, for 0 days); insulin degludec (day 131, for 0 days); insulin aspart, | S66: PROBABLE (treatment only)
A67: 1759410412 | B67: 68 | C67: Female | D67: -36 days - 1386 days | E67: Office Visit | F67: Type 1 diabetes mellitus (EHR); | G67: Ketoacidosis (day -35) | N67: Ketoacidosis (day -35) | O67: Disorder of macula due to diabetes mellitus (day 879); Disorder of nervous system due to diabetes mellitus (day 125); Peripheral vascular disorder due to diabetes mellitus (day 125) | Q67: insulin aspart, human (day 0, for 29 days); insulin glargine (day 65, for 51 days); insulin aspart, human (day 65, for 51 days); insulin aspart, human (day 174, for 27 days); insulin glargine (day 174, for 27 days); insulin glargine (day 250, for 27 days) | S67: CASE (complications + treatment)
A68: 1833510766 | B68: 4 | C68: Female | D68: -1405 days - 5656 days | E68: Office Visit | F68: Type 1 diabetes mellitus (EHR); | M68: HbA1c measurement (DCCT aligned) (9.7 , day -1); | O68: Ketoacidosis due to type 1 diabetes mellitus (day 4718) | Q68: insulin, regular, human (day 2, for 28 days); insulin isophane (day 2, for 28 days); insulin lispro (day 58, for 27 days); insulin isophane (day 75, for 27 days); insulin, regular, human (day 75, for 27 days); insulin, regular, human (day 191, for 133 day | S68: CASE (complications + treatment)
A69: 2079410115 | B69: 48 | C69: Female | D69: -6 days - 554 days | E69: Office Visit->Office Visit | F69: Type 1 diabetes mellitus (EHR); Type 1 diabetes mellitus (EHR); | M69: HbA1c measurement (DCCT aligned) (63 millimole per mole, day 30); | O69: Type 1 diabetes mellitus (day 161, 196, 275, 336, 497) | Q69: insulin aspart, human (day 6, for 0 days); insulin degludec (day 6, for 0 days); insulin aspart, human (day 75, for 0 days); insulin degludec (day 75, for 0 days); insulin degludec (day 142, for 0 days); insulin aspart, human (day 142, for 0 days); insuli | S69: PROBABLE (treatment only)
A70: 2134710591 | B70: 41 | C70: Female | D70: -2335 days - 2494 days | E70: Office Visit | F70: Type 1 diabetes mellitus (EHR); | G70: Family history of diabetes mellitus (day -2328) | Q70: insulin lispro (day 0, for 0 days); insulin lispro (day 53, for 0 days); metformin (day 53, for 104 days); insulin lispro (day 102, for 0 days); metformin (day 223, for 55 days); insulin lispro (day 223, for 19 days); insulin lispro (day 311, for 0 days); | S70: PROBABLE (treatment only)
A71: 2335110194 | B71: 56 | C71: Male | D71: -1133 days - 5348 days | E71: Office Visit->Office Visit | F71: Type 1 diabetes mellitus (EHR); | G71: Diabetes mellitus (day -1125); Type 2 diabetes mellitus (day -1125, -726) | I71: Neuropathy due to diabetes mellitus (day -169); Retinopathy due to diabetes mellitus (day -978, -414) | J71: metformin (day -1125, for 817 days); glyburide (day -1125, for 232 days); glyburide (day -847, for 342 days); metformin (day -260, for 1353 days); acarbose (day -85, for 845 days); | M71: HbA1c measurement (DCCT aligned) (10.2 percent, abnormal - high, day -11); Glucose measurement, blood (12.3 millimole per liter, day -11); | O71: Disorder of right macula due to diabetes mellitus (day 4250); Neuropathy due to diabetes mellitus (day 532, 3377); Nonproliferative retinopathy of left eye due to diabetes mellitus (day 3762); Nonproliferative retinopathy of right eye due to diabetes mell | Q71: insulin isophane (day 0, for 42 days); insulin isophane (day 94, for 67 days); insulin isophane (day 204, for 258 days); insulin isophane (day 497, for 590 days); acarbose (day 806, for 91 days); acarbose (day 933, for 162 days); metformin (day 1136, for | S71: NON-CASE (T2DM records)
A72: 2482010040 | B72: 39 | C72: Male | D72: -25 days - 235 days | E72: Office Visit | F72: Type 1 diabetes mellitus (EHR); | G72: Diabetes mellitus (day -3); Family history of diabetes mellitus (day -3) | J72: insulin aspart, human (day -10, for 28 days); insulin glargine (day -10, for 55 days); | M72: Urine screening for glucose (day -14); Urine screening for glucose (day -11); Serum fasting glucose measurement (11.5 millimole per liter, abnormal - high, day -6); | N72: Diabetes mellitus (day -3) | Q72: insulin glargine (day 147, for 27 days); | S72: PROBABLE (treatment only)
A73: 2489610789 | B73: 21 | C73: Female | D73: -166 days - 589 days | E73: Office Visit->Office Visit | F73: Type 1 diabetes mellitus (EHR); | O73: Type 1 diabetes mellitus (day 243) | Q73: insulin detemir (day 370, for 37 days); insulin lispro (day 425, for 0 days); insulin detemir (day 474, for 27 days); insulin lispro (day 474, for 0 days); insulin lispro (day 565, for 27 days); | S73: PROBABLE (treatment only)
A74: 2615910492 | B74: 29 | C74: Male | D74: -3 days - 1341 days | E74: Office Visit | F74: Type 1 diabetes mellitus (EHR); | N74: Nonproliferative retinopathy due to diabetes mellitus (day 17) | O74: Disorder of left macula due to diabetes mellitus (day 1212); Disorder of right macula due to diabetes mellitus (day 291, 1212); Nonproliferative retinopathy due to diabetes mellitus (day 17, 540); Nonproliferative retinopathy of left eye due to diabetes m | Q74: insulin aspart, human (day 0, for 0 days); insulin glargine (day 0, for 0 days); insulin aspart, human (day 78, for 0 days); insulin glargine (day 78, for 0 days); insulin aspart, human (day 133, for 0 days); insulin aspart, human (day 231, for 0 days); i | S74: CASE (complications + treatment)
A75: 2723810058 | B75: 72 | C75: Male | D75: -3744 days - 696 days | E75: Office Visit | F75: Type 1 diabetes mellitus (EHR); | G75: Cataract (day -543); Diabetes mellitus (day -3729, -3675, -3640, -3605, -3479, -3256); Family history of diabetes mellitus (day -3736, -158); Type 2 diabetes mellitus (day -3736) | I75: Disorder of macula due to diabetes mellitus (day -2651); Neuropathy due to diabetes mellitus (day -3729); Preproliferative retinopathy due to diabetes mellitus (day -543) | J75: glipizide (day -3729, for 83 days); metformin (day -3729, for 81 days); glimepiride (day -3675, for 509 days); insulin isophane (day -3632, for 123 days); metformin (day -3606, for 440 days); insulin isophane (day -3442, for 27 days); insulin isophane (da | Q75: insulin detemir (day 36, for 27 days); insulin glargine (day 57, for 0 days); insulin glargine (day 93, for 81 days); insulin glargine (day 205, for 28 days); insulin glargine (day 266, for 297 days); insulin glargine (day 596, for 82 days); | S75: NON-CASE (T2DM treatments)
A76: 2850010979 | B76: 2 | C76: Male | D76: -630 days - 2283 days | E76: Office Visit | F76: Type 1 diabetes mellitus (EHR); | M76: HbA1c measurement (DCCT aligned) (70 millimole per mole, day 27); | Q76: insulin detemir (day 12, for 0 days); insulin aspart, human (day 12, for 1 days); insulin detemir (day 55, for 0 days); insulin aspart, human (day 55, for 1 days); insulin aspart, human (day 97, for 1 days); insulin detemir (day 97, for 0 days); insulin a | S76: PROBABLE (treatment only) | T76: Diabetes at age 2 is very likely Type 1, could be classified as case
A77: 2946010373 | B77: 31 | C77: Male | D77: -85 days - 2316 days | E77: Office Visit->Office Visit | F77: Type 1 diabetes mellitus (EHR); | J77: insulin glargine (day -36, for 0 days); insulin aspart, human (day -36, for 0 days); | O77: Proliferative retinopathy of left eye due to diabetes mellitus (day 1343); Retinopathy due to type 1 diabetes mellitus (day 1496); Type 1 diabetes mellitus (day 750) | Q77: insulin aspart, human (day 17, for 0 days); insulin glargine (day 17, for 0 days); insulin aspart, human (day 80, for 0 days); insulin glargine (day 80, for 0 days); insulin glargine (day 182, for 0 days); insulin aspart, human (day 182, for 0 days); insu | S77: CASE (complications + treatment)
A78: 3181110734 | B78: 21 | C78: Male | D78: -1 days - 115 days | E78: Office Visit | F78: Type 1 diabetes mellitus (EHR); | Q78: insulin aspart, human (day 0, for 123 days); | S78: PROBABLE (treatment only)
A79: 3212210166 | B79: 39 | C79: Male | D79: -11 days - 1130 days | E79: Office Visit | F79: Type 1 diabetes mellitus (EHR); | O79: Diabetic ketoacidosis (day 741) | Q79: insulin aspart, human (day 35, for 763 days); insulin glargine (day 780, for 0 days); insulin glargine (day 848, for 0 days); insulin aspart, human (day 848, for 0 days); insulin aspart, human (day 911, for 0 days); insulin glargine (day 911, for 0 days); | S79: CASE (complications + treatment)
A80: 3266510164 | B80: 60 | C80: Male | D80: -42 days - 4337 days | E80: Office Visit | F80: Type 1 diabetes mellitus (EHR); | G80: Diabetes mellitus (day -38) | J80: insulin glargine (day -10, for 82 days); insulin lispro (day -10, for 108 days); | M80: Glucose measurement, blood (4.8 millimole per liter, day -7); HbA1c measurement (DCCT aligned) (8.8 percent, day -7); | N80: Diabetes mellitus (day -38) | O80: Disorder of macula due to diabetes mellitus (day 1708, 3890); Nonproliferative retinopathy due to diabetes mellitus (day 1782, 2755) | Q80: insulin lispro (day 137, for 65 days); insulin glargine (day 137, for 65 days); insulin lispro (day 255, for 360 days); insulin glargine (day 326, for 27 days); insulin glargine (day 457, for 77 days); insulin lispro (day 651, for 349 days); insulin glarg | S80: CASE (complications + treatment)
A81: 3354710424 | B81: 24 | C81: Male | D81: -26 days - 456 days | E81: Office Visit->Office Visit | F81: Type 1 diabetes mellitus (EHR); | O81: Type 1 diabetes mellitus (day 100) | Q81: insulin glargine (day 4, for 52 days); insulin aspart, human (day 4, for 52 days); insulin aspart, human (day 189, for 0 days); insulin glargine (day 189, for 0 days); insulin glargine (day 309, for 0 days); insulin aspart, human (day 309, for 0 days); in | S81: PROBABLE (treatment only)
A82: 9461110544 | B82: 3 | C82: Female | D82: -71 days - 860 days | E82: Office Visit | F82: Type 1 diabetes mellitus (EHR); | Q82: insulin, regular, human (day 0, for 27 days); insulin isophane (day 0, for 27 days); insulin, regular, human (day 64, for 172 days); insulin isophane (day 64, for 172 days); insulin aspart, human (day 211, for 27 days); insulin, regular, human (day 316, f | S82: PROBABLE (treatment only) | T82: Diabetes at age 3 is very likely Type 1, could be classified as case

Sheet GPT 5o
A1: Adjudication (Choose One from Drop Down) | B1: personId | C1: age | D1: gender | E1: observationPeriod | F1: visitContext | G1: presentation (day 0) | H1: comorbidities (day 0) | I1: symptoms (day 0) | J1: priorDisease (before day 0) | K1: priorDrugs (before day 0) | L1: priorTreatmentProcedures (before day 0) | M1: diagnosticProcedures (before and after day 0) | N1: measurements (before and after day 0) | O1: alternativeDiagnosis (after day 0) | P1: afterDisease (after day 0) | Q1: afterTreatmentProcedures (after day 0) | R1: afterDrugs (after day 0) | S1: death | T1: ClinicalLabel
B2: 7810823 | C2: 53 | D2: Female | E2: -2979 days - 4196 days | F2: Office Visit->Office Visit | G2: 10g monofilament sensation L foot normal (EHR); 10g monofilament sensation R foot normal (EHR); All pulses present in left foot (EHR); All pulses present in left lower limb (EHR); All pulses present in right foot (EHR); All pulses present in right lower l | J2: Proliferative retinopathy due to diabetes mellitus (day -458); Severe nonproliferative retinopathy due to diabetes mellitus (day -2234) | K2: insulin isophane (day -2864, for 55 days); insulin, regular, human (day -2864, for 55 days); insulin, regular, human (day -2775, for 149 days); insulin isophane (day -2775, for 149 days); insulin, regular, human (day -2568, for 55 days); insulin isophane | N2: HbA1c measurement (DCCT aligned) (82 millimole per mole, day 0); | P2: Nonproliferative retinopathy of left eye due to diabetes mellitus (day 818, 1161); Nonproliferative retinopathy of right eye due to diabetes mellitus (day 182, 818); Preproliferative retinopathy of left eye due to diabetes mellitus (day 1651); Proliferati | R2: insulin isophane (day 61, for 27 days); insulin, regular, human (day 61, for 55 days); insulin isophane (day 151, for 27 days); insulin, regular, human (day 151, for 55 days); insulin isophane (day 221, for 69 days); insulin, regular, human (day 263, for | T2: Probable
B3: 2352010389 | C3: 20 | D3: Male | E3: -85 days - 166 days | G3: Acquired deviated nasal septum (EHR); All pulses present in left lower limb (EHR); All pulses present in right lower limb (EHR); Blood pressure finding (EHR); Finding of foot region (EHR); Normal tactile sensation (EHR); Temporomandibular joint disorder ( | H3: Family history of diabetes mellitus (day -85) | J3: Type 1 diabetes mellitus (day -69) | N3: Glucose measurement, blood (6.4 millimole per liter, abnormal - high, day -17); HbA1c measurement (DCCT aligned) (58 millimole per mole, day -17); | R3: insulin aspart, human (day 89, for 11 days); insulin glargine (day 89, for 27 days); | T3: Probable
B4: 244010017 | C4: 17 | D4: Female | E4: -2281 days - 4538 days | G4: Acute upper respiratory infection (EHR); Acute upper respiratory infection (EHR); Type 1 diabetes mellitus (EHR); Type 1 diabetes mellitus (EHR); | J4: Type 1 diabetes mellitus (day -38) | K4: insulin, regular, human (day -32, for 408 days); insulin lispro (day -32, for 27 days); insulin isophane (day -32, for 408 days); | P4: Ketoacidotic coma due to type 1 diabetes mellitus (day 1871); Type 1 diabetes mellitus (day 66) | R4: insulin lispro (day 125, for 27 days); insulin, regular, human (day 413, for 107 days); insulin isophane (day 413, for 107 days); insulin lispro (day 447, for 27 days); insulin isophane (day 583, for 27 days); insulin, regular, human (day 583, for 27 days | T4: Probable
B5: 5359010662 | C5: 51 | D5: Male | E5: -2 days - 854 days | F5: Office Visit | G5: Alcohol dependence (EHR); Alcoholic cirrhosis (EHR); Asthma (EHR); Epilepsy (EHR); Glaucoma (EHR); Retinal detachment (EHR); Traumatic or nontraumatic brain injury (EHR); Type 1 diabetes mellitus (EHR); | N5: HbA1c measurement (DCCT aligned) (84 millimole per mole, abnormal - high, day 14); | R5: insulin isophane (day 0, for 627 days); insulin, regular, human (day 0, for 627 days); insulin, regular, human (day 742, for 0 days); insulin isophane (day 742, for 0 days); insulin detemir (day 742, for 0 days); insulin, regular, human (day 783, for 0 da | T5: Probable
B6: 261610479 | C6: 39 | D6: Female | E6: -4686 days - 3219 days | G6: All pulses present in left lower limb (EHR); All pulses present in right lower limb (EHR); Blood pressure finding (EHR); Type 1 diabetes mellitus (EHR); | H6: Diabetes mellitus (day -4670, -4635, -4228, -4130, -3731, -2970, -1745, -576, -499, -430, -317) | J6: Type 1 diabetes mellitus (day -476) | K6: insulin isophane (day -4565, for 3234 days); insulin, regular, human (day -4565, for 77 days); insulin, regular, human (day -4419, for 393 days); insulin, regular, human (day -3965, for 29 days); insulin, regular, human (day -3878, for 2350 days); metform | N6: HbA1c measurement (DCCT aligned) (7.7 percent, day 0); | R6: insulin aspart, human (day 53, for 30 days); insulin aspart, human (day 115, for 0 days); insulin aspart, human (day 151, for 0 days); insulin aspart, human (day 196, for 0 days); insulin aspart, human (day 245, for 0 days); insulin aspart, human (day 276 | T6: Probable
B7: 378410775 | C7: 34 | D7: Male | E7: -274 days - 8161 days | G7: All pulses present in left lower limb (EHR); All pulses present in right lower limb (EHR); Type 1 diabetes mellitus (EHR); | H7: Essential hypertension (day -69) | J7: Type 1 diabetes mellitus (day -48) | K7: insulin, regular, human (day -207, for 291 days); insulin isophane (day -207, for 291 days); | N7: HbA1c measurement (DCCT aligned) (0 , day -28); HbA1c measurement (DCCT aligned) (7.8 , day -28); | O7: Essential hypertension (day -69) | P7: Disorder of left macula due to diabetes mellitus (day 3108, 7617, 7703); Disorder of right macula due to diabetes mellitus (day 7617, 7703); Nonproliferative retinopathy due to diabetes mellitus (day 371); Nonproliferative retinopathy of left eye due to d | R7: insulin, regular, human (day 115, for 146 days); insulin isophane (day 115, for 146 days); insulin isophane (day 296, for 53 days); insulin, regular, human (day 296, for 53 days); insulin, regular, human (day 382, for 368 days); insulin isophane (day 382, | T7: No Case
B8: 1502010397 | C8: 16 | D8: Male | E8: -2646 days - 911 days | G8: All pulses present in left lower limb (EHR); All pulses present in right lower limb (EHR); Blood pressure finding (EHR); Type 1 diabetes mellitus (EHR); | J8: Type 1 diabetes mellitus (day -677, -630) | K8: insulin aspart, human (day -676, for 1586 days); insulin isophane (day -676, for 44 days); insulin, regular, human (day -676, for 44 days); insulin aspart protamine, human (day -645, for 1150 days); insulin detemir (day -104, for 23 days); insulin detemir | R8: insulin detemir (day 55, for 30 days); insulin detemir (day 140, for 0 days); insulin detemir (day 232, for 0 days); insulin detemir (day 315, for 30 days); insulin glargine (day 414, for 28 days); metformin (day 414, for 29 days); metformin (day 478, for | T8: Probable
B9: 2353710622 | C9: 18 | D9: Female | E9: -2093 days - 237 days | G9: All pulses present in left lower limb (EHR); All pulses present in right lower limb (EHR); Blood pressure finding (EHR); Type 1 diabetes mellitus (EHR); | H9: Candidiasis (day -160) | J9: Type 1 diabetes mellitus (day -435) | K9: insulin glargine (day -435, for 13 days); insulin aspart, human (day -435, for 13 days); insulin glargine (day -380, for 23 days); insulin aspart, human (day -380, for 86 days); insulin glargine (day -294, for 0 days); insulin aspart, human (day -247, for | N9: HbA1c measurement (DCCT aligned) (86 millimole per mole, day -7); | R9: insulin aspart, human (day 34, for 0 days); insulin degludec (day 34, for 0 days); insulin aspart, human (day 78, for 0 days); insulin aspart, human (day 126, for 0 days); insulin degludec (day 126, for 0 days); insulin degludec (day 202, for 0 days); ins | T9: Probable
B10: 1045410614 | C10: 40 | D10: Female | E10: -14 days - 5874 days | F10: Office Visit | G10: Allergic reaction to drug (EHR); Type 1 diabetes mellitus (EHR); | P10: Disorder of nervous system due to diabetes mellitus (day 3240, 5340) | R10: insulin, regular, human (day 50, for 29 days); insulin isophane (day 50, for 29 days); insulin, regular, human (day 178, for 29 days); insulin isophane (day 178, for 29 days); insulin, regular, human (day 246, for 29 days); insulin isophane (day 246, for | T10: Probable
B11: 4803410866 | C11: 20 | D11: Female | E11: -12 days - 83 days | F11: Office Visit | G11: Asthma (EHR); Obesity (EHR); Type 1 diabetes mellitus (EHR); | O11: Obesity (day 0) | R11: insulin aspart, human (day 0, for 55 days); insulin glargine (day 0, for 0 days); insulin glargine (day 70, for 0 days); | T11: No Case
B12: 384210994 | C12: 30 | D12: Male | E12: -7106 days - 903 days | F12: Office Visit | G12: Asymptomatic periapical periodontitis (EHR); Dental caries (EHR); Type 1 diabetes mellitus (EHR); | H12: Cyst of pancreas (day -5967, -4488, -3139) | R12: insulin glargine (day 8, for 178 days); insulin aspart, human (day 8, for 178 days); insulin aspart, human (day 218, for 243 days); insulin glargine (day 218, for 243 days); insulin aspart, human (day 543, for 28 days); insulin glargine (day 543, for 28 d | T12: Probable
B13: 77110497 | C13: 26 | D13: Male | E13: -3834 days - 107 days | G13: Atopic conjunctivitis (EHR); Type 1 diabetes mellitus (EHR); | H13: Diabetes mellitus (day -2101, -1801, -576); Diabetic - good control (day -2085, -1779, -1289, -1107, -771) | J13: Retinopathy due to diabetes mellitus (day -341); Type 1 diabetes mellitus (day -2008, -1304) | K13: insulin, regular, human (day -2095, for 35 days); insulin isophane (day -2095, for 35 days); insulin, regular, human (day -2024, for 29 days); insulin isophane (day -2024, for 29 days); insulin, regular, human (day -1954, for 29 days); insulin isophane (d | T13: Probable
B14: 35210409 | C14: 29 | D14: Male | E14: -2078 days - 851 days | G14: Blood pressure finding (EHR); Type 1 diabetes mellitus (EHR); | H14: Diabetes mellitus (day -1829, -1186, -286) | J14: Type 1 diabetes mellitus (day -972) | K14: insulin, regular, human (day -2052, for 98 days); insulin isophane (day -1996, for 42 days); insulin isophane (day -1878, for 632 days); insulin, regular, human (day -1878, for 156 days); insulin lispro (day -1707, for 353 days); insulin lispro (day -1323 | P14: Type 1 diabetes mellitus (day 624, 704) | R14: insulin lispro (day 25, for 27 days); insulin lispro (day 104, for 67 days); insulin glargine (day 180, for 57 days); insulin lispro (day 210, for 27 days); insulin glargine (day 277, for 154 days); insulin lispro (day 343, for 27 days); insulin lispro (d | T14: Probable
B15: 153910595 | C15: 62 | D15: Male | E15: -1716 days - 479 days | G15: Blood pressure finding (EHR); Finding of vibration sense (EHR); Pulse present in left dorsalis pedis artery (EHR); Pulse present in left posterior tibial artery (EHR); Pulse present in right dorsalis pedis artery (EHR); Pulse present in right posterior ti | H15: Diabetes mellitus (day -778, -455, -372); Essential hypertension (day -1008); Insulin treated type 2 diabetes mellitus (day -778); Type 2 diabetes mellitus (day -372) | J15: Type 1 diabetes mellitus (day -778) | K15: insulin isophane (day -35, for 312 days); | N15: Glucose measurement, blood (14.8 , day -9); HbA1c measurement (DCCT aligned) (5.8 , day -9); Glucose measurement, blood (14.8 , day 0); HbA1c measurement (DCCT aligned) (5.8 , day 0); Urine screening for glucose (day 0); | P15: Type 1 diabetes mellitus (day 228) | R15: insulin isophane (day 322, for 144 days); | T15: Probable
B16: 274210173 | C16: 77 | D16: Female | E16: -357 days - 765 days | G16: Blood pressure finding (EHR); Type 1 diabetes mellitus (EHR); | H16: Diabetes mellitus (day -91) | J16: Type 1 diabetes mellitus (day -91) | K16: insulin, regular, human (day -91, for 163 days); insulin isophane (day -91, for 163 days); | R16: insulin isophane (day 164, for 44 days); insulin, regular, human (day 164, for 44 days); insulin isophane (day 282, for 27 days); insulin, regular, human (day 282, for 27 days); insulin isophane (day 357, for 27 days); insulin, regular, human (day 357, fo | T16: Probable
B17: 436610288 | C17: 67 | D17: Female | E17: -5268 days - 480 days | G17: Blood pressure finding (EHR); Type 1 diabetes mellitus (EHR); | H17: Diabetes mellitus (day -4682, -4472, -4000, -3916, -2986); Family history of diabetes mellitus (day -3923); Type 2 diabetes mellitus (day -5140, -4197, -4063, -3309, -2993) | J17: Autonomic neuropathy due to diabetes mellitus (day -3779); Disorder of nervous system due to diabetes mellitus (day -3552, -3281, -3090); Neuropathy due to diabetes mellitus (day -4609); Type 1 diabetes mellitus (day -2979, -88) | K17: metformin (day -5250, for 1522 days); insulin isophane (day -5241, for 2196 days); acarbose (day -5236, for 1728 days); pioglitazone (day -4000, for 27 days); pioglitazone (day -3916, for 184 days); insulin glargine (day -3902, for 37 days); metformin (da | N17: HbA1c measurement (DCCT aligned) (34 millimole per mole, normal, day -7); | R17: insulin isophane (day 323, for 27 days); insulin isophane (day 385, for 112 days); | T17: Probable
B18: 503810366 | C18: 72 | D18: Male | E18: -5496 days - 1202 days | F18: Office Visit | G18: Blood pressure finding (EHR); Diabetes mellitus (EHR); Type 1 diabetes mellitus (EHR); | H18: Acute pancreatitis (day -38); Essential hypertension (day -1177, -830, -674) | O18: Acute pancreatitis (day -38); Diabetes mellitus (day 0) | R18: insulin aspart, human (day 33, for 60 days); insulin aspart protamine, human (day 33, for 60 days); insulin glargine (day 125, for 98 days); insulin glargine (day 279, for 27 days); insulin glargine (day 369, for 67 days); insulin glargine (day 510, for 2 | T18: No Case
B19: 559910689 | C19: 34 | D19: Male | E19: -1186 days - 4197 days | F19: Office Visit->Office Visit | G19: Blood pressure finding (EHR); Type 1 diabetes mellitus (EHR); | H19: Diabetes mellitus (day -350) | K19: insulin, regular, human (day -1108, for 27 days); insulin, regular, human (day -1043, for 27 days); insulin, regular, human (day -892, for 85 days); insulin, regular, human (day -599, for 27 days); insulin, regular, human (day -487, for 27 days); insulin, | N19: HbA1c measurement (DCCT aligned) (8.4 , day 0); | P19: Diabetic hand syndrome (day 882, 958); Nonproliferative retinopathy due to diabetes mellitus (day 376); Retinopathy due to diabetes mellitus (day 3657, 4043); Type 1 diabetes mellitus (day 950, 1137) | R19: insulin, regular, human (day 21, for 27 days); insulin, regular, human (day 112, for 27 days); insulin, regular, human (day 207, for 27 days); insulin, regular, human (day 341, for 27 days); insulin, regular, human (day 416, for 27 days); insulin, regular | T19: Probable
B20: 644210241 | C20: 66 | D20: Male | E20: -4926 days - 262 days | F20: Office Visit | G20: Blood pressure finding (EHR); Type 1 diabetes mellitus (EHR); | H20: Diabetes mellitus (day -2589, -469); Essential hypertension (day -155); Type 2 diabetes mellitus (day -2589) | J20: Nonproliferative retinopathy due to diabetes mellitus (day -173) | K20: glyburide (day -1513, for 111 days); | R20: insulin isophane (day 0, for 27 days); insulin, regular, human (day 0, for 27 days); insulin isophane (day 80, for 27 days); insulin, regular, human (day 80, for 27 days); insulin isophane (day 142, for 27 days); insulin, regular, human (day 142, for 27 d | T20: Probable
B21: 812210207 | C21: 38 | D21: Female | E21: -85 days - 4750 days | F21: Office Visit | G21: Blood pressure finding (EHR); Type 1 diabetes mellitus (EHR); | N21: Serum fasting glucose measurement (15 millimole per liter, day 12); | R21: insulin isophane (day 0, for 76 days); insulin, regular, human (day 0, for 76 days); insulin, regular, human (day 113, for 133 days); insulin isophane (day 113, for 133 days); insulin, regular, human (day 289, for 27 days); insulin isophane (day 289, for | T21: Probable
B22: 925810409 | C22: 31 | D22: Female | E22: -2831 days - 1990 days | G22: Blood pressure finding (EHR); Blood pressure finding (EHR); Blood pressure finding (EHR); Blood pressure finding (EHR); Blood pressure finding (EHR); Blood pressure finding (EHR); Blood pressure finding (EHR); Type 1 diabetes mellitus (EHR); Type 1 diabet | H22: Candidiasis (day -2698, -2159); Candidiasis of vagina (day -2699); Diabetes mellitus (day -1851, -1669, -1368, -1168) | J22: Retinopathy due to diabetes mellitus (day -2272, -1424, -866, -140); Type 1 diabetes mellitus (day -853, -140, -28) | K22: insulin isophane (day -2791, for 230 days); insulin, regular, human (day -2791, for 230 days); insulin isophane (day -2527, for 142 days); insulin, regular, human (day -2527, for 142 days); insulin, regular, human (day -2337, for 54 days); insulin isophan | N22: HbA1c measurement (DCCT aligned) (8.3 percent, day 14); Glucose measurement, blood (9.2 millimole per liter, day 14); HbA1c measurement (DCCT aligned) (8.8 percent, day 28); | P22: Retinopathy due to diabetes mellitus (day 794, 849, 1682, 1745); Type 1 diabetes mellitus (day 80, 303, 337, 458, 591, 819, 917, 962, 997, 1193, 1234) | R22: insulin aspart, human (day 17, for 27 days); insulin glargine (day 211, for 27 days); insulin aspart, human (day 211, for 27 days); insulin aspart, human (day 309, for 27 days); insulin glargine (day 309, for 27 days); insulin glargine (day 367, for 425 d | T22: Probable
B23: 1054010302 | C23: 33 | D23: Female | E23: -4416 days - 710 days | G23: Blood pressure finding (EHR); Blood pressure finding (EHR); Blood pressure finding (EHR); Blood pressure finding (EHR); Type 1 diabetes mellitus (EHR); Type 1 diabetes mellitus (EHR); Type 1 diabetes mellitus (EHR); Type 1 diabetes mellitus (EHR); | H23: Candidiasis (day -3653, -3374, -2751, -2520, -2473, -1795, -1539, -1274, -1177, -335); Candidiasis of vagina (day -3047, -2179, -2123, -1896); Diabetes mellitus (day -4042, -3471, -3110, -2960, -2737, -2544, -2330, -2270, -2226, -2192, -2044, -1974, -1647 | J23: Hypoglycemic coma due to type 1 diabetes mellitus (day -2197, -2158); Ketoacidosis due to type 1 diabetes mellitus (day -3038); Loss of hypoglycemic warning due to diabetes mellitus (day -836, -581); Proliferative retinopathy due to diabetes mellitus (day | K23: insulin lispro (day -4396, for 29 days); insulin lispro (day -4336, for 29 days); insulin isophane (day -4336, for 29 days); insulin lispro (day -4251, for 29 days); insulin isophane (day -4251, for 29 days); insulin lispro (day -4129, for 29 days); insul | N23: Serum fasting glucose measurement (3.4 millimole per liter, normal, day 0); HbA1c measurement (DCCT aligned) (83 millimole per mole, abnormal - high, day 0); | P23: Proliferative retinopathy due to diabetes mellitus (day 639); Type 1 diabetes mellitus (day 40) | R23: insulin lispro (day 77, for 0 days); insulin detemir (day 77, for 74 days); insulin lispro (day 124, for 0 days); insulin detemir (day 182, for 179 days); insulin lispro (day 182, for 0 days); insulin lispro (day 238, for 0 days); insulin lispro (day 295, | T23: Probable
B24: 1525510677 | C24: 39 | D24: Male | E24: -2640 days - 6782 days | G24: Blood pressure finding (EHR); Blood pressure finding (EHR); Blood pressure finding (EHR); Blood pressure finding (EHR); Type 1 diabetes mellitus (EHR); Type 1 diabetes mellitus (EHR); Type 1 diabetes mellitus (EHR); Type 1 diabetes mellitus (EHR); | H24: Diabetes mellitus (day -980) | J24: Type 1 diabetes mellitus (day -1184, -939) | K24: insulin aspart protamine, human (day -966, for 152 days); insulin aspart, human (day -966, for 152 days); insulin aspart, human (day -771, for 0 days); insulin aspart protamine, human (day -771, for 0 days); insulin aspart protamine, human (day -715, for | N24: Self-monitoring of blood glucose (day 0); Glucose measurement, blood (11.5 , day 0); | P24: Disorder of left macula due to diabetes mellitus (day 5412); Disorder of macula due to diabetes mellitus (day 5340, 5412); Nonproliferative retinopathy due to diabetes mellitus (day 3952, 4402, 5340, 5412, 5643); Nonproliferative retinopathy of left eye d | R24: insulin aspart protamine, human (day 5, for 0 days); insulin aspart, human (day 5, for 0 days); insulin aspart protamine, human (day 46, for 0 days); insulin aspart, human (day 46, for 0 days); insulin aspart protamine, human (day 110, for 0 days); insuli | T24: Probable
B25: 1721910803 | C25: 34 | D25: Male | E25: days - days | F25: Office Visit->Office Visit | G25: Blood pressure finding (EHR); Blood pressure finding (EHR); Type 1 diabetes mellitus (EHR); Type 1 diabetes mellitus (EHR); | R25: insulin detemir (day 10, for 1158 days); insulin aspart, human (day 10, for 2252 days); insulin degludec (day 1164, for 72 days); insulin degludec (day 1270, for 0 days); insulin degludec (day 1316, for 319 days); insulin degludec (day 1667, for 164 days) | T25: Probable
B26: 1985010365 | C26: 72 | D26: Male | E26: -300 days - 1502 days | F26: Office Visit->Office Visit | G26: Blood pressure finding (EHR); Type 1 diabetes mellitus (EHR); | K26: insulin isophane (day -289, for 142 days); insulin, regular, human (day -287, for 0 days); insulin, regular, human (day -217, for 172 days); insulin isophane (day -72, for 29 days); insulin, regular, human (day -12, for 191 days); insulin isophane (day -1 | N26: Glucose measurement, blood (12.7 millimole per liter, day -12); | P26: Persistent microalbuminuria due to type 1 diabetes mellitus (day 1080); Type 1 diabetes mellitus (day 48, 517, 595) | R26: insulin isophane (day 96, for 29 days); insulin, regular, human (day 211, for 82 days); insulin isophane (day 211, for 29 days); insulin, regular, human (day 327, for 792 days); insulin isophane (day 327, for 29 days); insulin isophane (day 418, for 101 d | T26: Probable
B27: 2020510974 | C27: 55 | D27: Male | E27: -3204 days - 4530 days | F27: Office Visit->Office Visit | G27: Blood pressure finding (EHR); Type 1 diabetes mellitus (EHR); | H27: Essential hypertension (day -3113); Hyperlipidemia (day -2840, -2667, -2030, -1952, -1862, -1077, -894, -230); Insulin treated type 2 diabetes mellitus (day -3204); Obesity (day -2484); Type 2 diabetes mellitus (day -3204, -2675, -2303, -2041, -824, -467) | J27: Nonproliferative retinopathy due to diabetes mellitus (day -3070); Retinopathy due to diabetes mellitus (day -2484) | K27: metformin (day -3178, for 56 days); insulin, regular, human (day -3143, for 206 days); insulin isophane (day -3143, for 206 days); metformin (day -3086, for 104 days); metformin (day -2945, for 89 days); insulin aspart, human (day -2939, for 4424 days); i | P27: Type 1 diabetes mellitus (day 1198) | R27: metformin (day 115, for 54 days); metformin (day 205, for 138 days); metformin (day 391, for 371 days); metformin (day 822, for 116 days); metformin (day 981, for 57 days); metformin (day 1127, for 27 days); metformin (day 1198, for 27 days); metformin (d | T27: Probable
B28: 2520610627 | C28: 44 | D28: Female | E28: days - days | F28: Office Visit->Office Visit | G28: Blood pressure finding (EHR); Type 1 diabetes mellitus (EHR); | P28: Retinopathy due to diabetes mellitus (day 188); Type 1 diabetes mellitus (day 539) | R28: insulin aspart, human (day 82, for 0 days); insulin detemir (day 82, for 84 days); insulin aspart, human (day 367, for 44 days); insulin aspart, human (day 454, for 27 days); insulin detemir (day 454, for 27 days); insulin detemir (day 553, for 122 days); | T28: Probable
B29: 3954810544 | C29: 58 | D29: Male | E29: -2017 days - 3651 days | G29: Blood pressure finding (EHR); Finding of foot region (EHR); Type 1 diabetes mellitus (EHR); | H29: Calculus of pancreas (day -1068); Diabetes mellitus (day -581); Type 2 diabetes mellitus (day -1919, -581) | J29: Type 1 diabetes mellitus (day -581) | K29: glipizide (day -1596, for 124 days); glipizide (day -1410, for 27 days); glipizide (day -1305, for 96 days); glipizide (day -1165, for 55 days); glipizide (day -1065, for 55 days); insulin isophane (day -1023, for 27 days); insulin, regular, human (day -9 | N29: HbA1c measurement (DCCT aligned) (7.3 percent, day 0); | P29: Nonproliferative retinopathy due to diabetes mellitus (day 2692); Preproliferative retinopathy due to diabetes mellitus (day 3024); Retinopathy due to type 2 diabetes mellitus (day 2446) | R29: insulin isophane (day 39, for 27 days); insulin lispro (day 39, for 27 days); insulin isophane (day 472, for 132 days); insulin lispro (day 528, for 76 days); insulin lispro (day 781, for 27 days); insulin isophane (day 781, for 27 days); insulin glargine | T29: Probable
B30: 726710461 | C30: 47 | D30: Male | E30: -1428 days - 6734 days | F30: Office Visit->Office Visit | G30: Diabetes mellitus (EHR); Diabetes mellitus (EHR); Type 1 diabetes mellitus (EHR); Type 1 diabetes mellitus (EHR); | H30: Diabetes mellitus (day -1047) | K30: insulin, protamine zinc, beef (day -1422, for 27 days); insulin, protamine zinc, beef (day -1348, for 27 days); insulin, protamine zinc, beef (day -1264, for 27 days); insulin, protamine zinc, beef (day -1198, for 27 days); insulin, protamine zinc, beef ( | O30: Diabetes mellitus (day 0); Retinopathy due to diabetes mellitus (day 76) | P30: Proliferative retinopathy due to diabetes mellitus (day 3989, 4187, 4898); Retinopathy due to diabetes mellitus (day 76); Type 1 diabetes mellitus (day 3836, 3995, 4195, 4797, 5033, 5098, 5546) | R30: insulin, regular, human (day 315, for 460 days); insulin, regular, human (day 838, for 630 days); insulin, regular, human (day 1504, for 27 days); insulin isophane (day 1567, for 1167 days); insulin, regular, human (day 1567, for 1141 days); insulin, regu | T30: No Case
B31: 833410289 | C31: 24 | D31: Female | E31: -2491 days - 4727 days | F31: Office Visit->Office Visit | G31: Diabetes mellitus (EHR); Type 1 diabetes mellitus (EHR); | O31: Diabetes mellitus (day 0); Type 2 diabetes mellitus (day 1) | P31: Diabetic ketoacidosis (day 2350, 2965, 3454, 3982); Retinopathy due to diabetes mellitus (day 3925); Type 1 diabetes mellitus (day 1627, 3035) | R31: metformin (day 3, for 29 days); metformin (day 72, for 29 days); metformin (day 302, for 29 days); metformin (day 423, for 29 days); insulin, regular, human (day 436, for 27 days); insulin isophane (day 436, for 27 days); insulin isophane (day 519, for 27 | T31: No Case
B32: 971510284 | C32: 60 | D32: Male | E32: -350 days - 4511 days | F32: Office Visit->Office Visit | G32: Diabetes mellitus (EHR); Type 1 diabetes mellitus (EHR); | O32: Diabetes mellitus (day 0) | P32: Neuropathy due to diabetes mellitus (day 2914) | R32: insulin, regular, human (day 989, for 27 days); insulin isophane (day 989, for 27 days); insulin isophane (day 1150, for 27 days); insulin, regular, human (day 1150, for 27 days); insulin isophane (day 1239, for 27 days); insulin, regular, human (day 1239 | T32: No Case
B33: 1094310233 | C33: 4 | D33: Male | E33: -1374 days - 6593 days | F33: Office Visit->Office Visit | G33: Diabetes mellitus (EHR); Type 1 diabetes mellitus (EHR); | N33: Urine screening for glucose (day 0); | O33: Diabetes mellitus (day 0) | P33: Type 1 diabetes mellitus (day 4064) | R33: insulin, regular, human (day 4, for 541 days); insulin isophane (day 4, for 541 days); insulin isophane (day 710, for 27 days); insulin, regular, human (day 710, for 27 days); insulin isophane (day 770, for 118 days); insulin, regular, human (day 770, for | T33: No Case
B34: 38410333 | C34: 33 | D34: Female | E34: -157 days - 4631 days | F34: Office Visit->Office Visit | G34: Hyperlipidemia (EHR); Neuropathic arthropathy due to diabetes mellitus (EHR); Neuropathy due to diabetes mellitus (EHR); Retinopathy due to diabetes mellitus (EHR); Type 1 diabetes mellitus (EHR); | K34: insulin isophane (day -153, for 398 days); insulin lispro (day -153, for 230 days); | O34: Hyperlipidemia (day 0); Neuropathic arthropathy due to diabetes mellitus (day 0); Neuropathy due to diabetes mellitus (day 0); Retinopathy due to diabetes mellitus (day 0) | P34: Mixed diabetic ulcer - foot (day 3620); Neuropathic arthropathy due to diabetes mellitus (day 320); Retinopathy due to diabetes mellitus (day 327); Type 1 diabetes mellitus (day 722) | R34: metformin (day 112, for 3000 days); insulin lispro (day 126, for 119 days); insulin lispro (day 293, for 186 days); insulin isophane (day 340, for 139 days); insulin lispro (day 529, for 121 days); insulin glargine (day 529, for 121 days); insulin lispro | T34: No Case
B35: 3525210465 | C35: 56 | D35: Male | E35: -3534 days - 923 days | G35: Pain of knee region (EHR); Type 1 diabetes mellitus (EHR); | J35: Type 1 diabetes mellitus (day -1266) | K35: insulin, regular, human (day -1266, for 69 days); insulin isophane (day -1266, for 69 days); insulin isophane (day -883, for 27 days); insulin, regular, human (day -883, for 27 days); insulin isophane (day -758, for 27 days); insulin, regular, human (day | R35: insulin, regular, human (day 103, for 27 days); insulin isophane (day 103, for 27 days); insulin, regular, human (day 187, for 27 days); insulin isophane (day 187, for 27 days); insulin isophane (day 264, for 57 days); insulin, regular, human (day 264, fo | T35: Probable
B36: 2010394 | C36: 33 | D36: Male | E36: -1662 days - 3112 days | F36: Office Visit->Office Visit | G36: Type 1 diabetes mellitus (EHR); Type 1 diabetes mellitus (EHR); | K36: insulin isophane (day -1654, for 27 days); insulin, regular, human (day -1654, for 27 days); insulin, regular, human (day -1581, for 161 days); insulin isophane (day -1581, for 163 days); insulin isophane (day -1366, for 84 days); insulin, regular, human | P36: Disorder of eye due to type 1 diabetes mellitus (day 1141); Type 1 diabetes mellitus (day 105) | R36: insulin isophane (day 78, for 88 days); insulin, regular, human (day 78, for 88 days); insulin, regular, human (day 212, for 27 days); insulin isophane (day 212, for 27 days); insulin, regular, human (day 279, for 257 days); insulin isophane (day 279, for | T36: Probable
B37: 62910668 | C37: 59 | D37: Male | E37: -3237 days - 2951 days | F37: Office Visit->Office Visit | G37: Type 1 diabetes mellitus (EHR); | H37: Essential hypertension (day -2509) | N37: HbA1c measurement (DCCT aligned) (11 percent, day 0); HbA1c measurement (DCCT aligned) (97 millimole per mole, day 0); | P37: Type 1 diabetes mellitus (day 392, 803) | R37: insulin glargine (day 66, for 27 days); insulin aspart, human (day 66, for 27 days); insulin aspart, human (day 158, for 0 days); insulin glargine (day 180, for 0 days); insulin aspart, human (day 223, for 0 days); insulin aspart, human (day 279, for 0 da | T37: Probable
B38: 75310568 | C38: 54 | D38: Female | E38: -871 days - 493 days | F38: Office Visit | G38: Type 1 diabetes mellitus (EHR); | H38: Diabetes mellitus (day -222) | J38: Skin ulcer due to diabetes mellitus (day -222) | K38: metformin (day -639, for 439 days); insulin, regular, human (day -220, for 182 days); | N38: HbA1c measurement (DCCT aligned) (0 , day 27); | R38: metformin (day 2, for 68 days); insulin, regular, human (day 8, for 126 days); metformin (day 111, for 27 days); insulin, regular, human (day 219, for 274 days); insulin isophane (day 250, for 27 days); insulin isophane (day 393, for 27 days); | T38: Probable
B39: 120310166 | C39: 33 | D39: Female | E39: -5336 days - 3561 days | F39: Office Visit | G39: Type 1 diabetes mellitus (EHR); | H39: Diabetes mellitus (day -3540); Family history of diabetes mellitus (day -3214, -1877) | J39: Disorder of right macula due to diabetes mellitus (day -484); Nonproliferative retinopathy due to diabetes mellitus (day -2041); Nonproliferative retinopathy of left eye due to diabetes mellitus (day -484); Nonproliferative retinopathy of right eye due to | K39: insulin, regular, human (day -5335, for 122 days); insulin isophane (day -5333, for 95 days); insulin lispro (day -5214, for 1975 days); insulin isophane (day -5185, for 1666 days); insulin glargine (day -3540, for 299 days); insulin lispro (day -3106, fo | O39: Disorder of right macula due to diabetes mellitus (day 20); Nonproliferative retinopathy of left eye due to diabetes mellitus (day 20); Nonproliferative retinopathy of right eye due to diabetes mellitus (day 20) | P39: Disorder of right macula due to diabetes mellitus (day 20); Nonproliferative retinopathy of left eye due to diabetes mellitus (day 20, 601, 975, 1507, 1885, 2947, 3437); Nonproliferative retinopathy of right eye due to diabetes mellitus (day 20, 975, 1507 | R39: insulin lispro (day 38, for 4 days); insulin lispro (day 94, for 4 days); insulin detemir (day 94, for 0 days); insulin detemir (day 146, for 0 days); insulin lispro (day 146, for 4 days); insulin lispro (day 225, for 27 days); insulin detemir (day 248, f | T39: No Case
B40: 319810053 | C40: 13 | D40: Male | E40: -1520 days - 2785 days | F40: Office Visit->Office Visit | G40: Type 1 diabetes mellitus (EHR); Type 1 diabetes mellitus (EHR); | N40: Glucose measurement, blood (31.1 millimole per liter, abnormal - high, day 0); Urine screening for glucose (day 0); HbA1c measurement (DCCT aligned) (10.1 international unit per liter, abnormal - high, day 3); | P40: Diabetic ketoacidosis (day 2134); Type 1 diabetes mellitus (day 1666) | R40: insulin isophane (day 4, for 628 days); insulin, regular, human (day 4, for 628 days); insulin isophane (day 665, for 583 days); insulin, regular, human (day 665, for 583 days); insulin aspart, human (day 1159, for 61 days); insulin glargine (day 1159, fo | T40: Probable
B41: 341210634 | C41: 17 | D41: Male | E41: -187 days - 8514 days | F41: Office Visit | G41: Type 1 diabetes mellitus (EHR); | K41: insulin, regular, human (day -179, for 62 days); insulin, regular, human (day -84, for 27 days); | P41: Nonproliferative retinopathy of left eye due to diabetes mellitus (day 7427, 7827); Nonproliferative retinopathy of right eye due to diabetes mellitus (day 7434, 7827) | R41: insulin, regular, human (day 0, for 27 days); insulin, regular, human (day 66, for 27 days); insulin, regular, human (day 128, for 181 days); insulin isophane (day 240, for 27 days); insulin, regular, human (day 351, for 139 days); insulin, regular, human | T41: Probable
B42: 362110891 | C42: 40 | D42: Male | E42: -1928 days - 7690 days | G42: Type 1 diabetes mellitus (EHR); | H42: Type 2 diabetes mellitus without complication (day -1775, -666) | J42: Type 1 diabetes mellitus without complication (day -1787) | K42: insulin, regular, human (day -1775, for 29 days); insulin isophane (day -1676, for 84 days); insulin isophane (day -1547, for 192 days); insulin isophane (day -1313, for 125 days); insulin isophane (day -1116, for 433 days); insulin isophane (day -640, fo | P42: Nonproliferative retinopathy of left eye due to diabetes mellitus (day 5528, 6958); Nonproliferative retinopathy of right eye due to diabetes mellitus (day 5528, 6958); Proliferative retinopathy due to diabetes mellitus (day 2254); Type 1 diabetes mellitu | R42: insulin isophane (day 766, for 561 days); insulin isophane (day 1368, for 437 days); insulin isophane (day 1852, for 111 days); insulin isophane (day 2014, for 224 days); insulin isophane (day 2275, for 55 days); insulin isophane (day 2391, for 120 days); | T42: Probable
B43: 370010311 | C43: 79 | D43: Male | E43: -549 days - 605 days | F43: Office Visit | G43: Type 1 diabetes mellitus (EHR); | K43: insulin, regular, human (day -505, for 1058 days); insulin isophane (day -505, for 1058 days); | T43: Probable
B44: 461910966 | C44: 31 | D44: Male | E44: -10893 days - 2316 days | F44: Office Visit | G44: Type 1 diabetes mellitus (EHR); | R44: insulin lispro protamine, human (day 0, for 0 days); insulin lispro (day 0, for 0 days); insulin degludec (day 52, for 28 days); insulin aspart, human (day 52, for 28 days); insulin aspart, human (day 111, for 0 days); insulin degludec (day 111, for 0 day | T44: Probable
B45: 515410701 | C45: 58 | D45: Female | E45: -59 days - 6072 days | F45: Office Visit | G45: Type 1 diabetes mellitus (EHR); Type 2 diabetes mellitus (EHR); | K45: insulin isophane (day -32, for 335 days); | O45: Type 2 diabetes mellitus (day 0) | P45: Nonproliferative retinopathy of right eye due to diabetes mellitus (day 2733); Preproliferative retinopathy of left eye due to diabetes mellitus (day 2847); Preproliferative retinopathy of right eye due to diabetes mellitus (day 2847) | R45: insulin isophane (day 335, for 340 days); insulin glargine (day 662, for 43 days); insulin aspart protamine, human (day 690, for 1248 days); insulin aspart, human (day 690, for 1248 days); metformin (day 721, for 761 days); metformin (day 1516, for 409 da | T45: No Case
B46: 603810956 | C46: 18 | D46: Female | E46: -1360 days - 114 days | F46: Office Visit | G46: Type 1 diabetes mellitus (EHR); | K46: insulin, regular, human (day -722, for 29 days); insulin isophane (day -722, for 27 days); | T46: Probable
B47: 689210365 | C47: 71 | D47: Male | E47: -616 days - 4781 days | F47: Office Visit->Office Visit | G47: Type 1 diabetes mellitus (EHR); Type 1 diabetes mellitus (EHR); | H47: Type 2 diabetes mellitus (day -275) | K47: metformin (day -535, for 27 days); metformin (day -468, for 27 days); metformin (day -401, for 27 days); metformin (day -343, for 27 days); metformin (day -275, for 27 days); metformin (day -147, for 80 days); rosiglitazone (day -52, for 52 days); metform | N47: Glucose measurement, blood (13.3 millimole per liter, abnormal - high, day -8); HbA1c measurement (DCCT aligned) (10.6 percent, day -7); | P47: Neuropathic arthropathy due to diabetes mellitus (day 2801); Retinopathy due to diabetes mellitus (day 1747, 2909); Type 1 diabetes mellitus (day 116, 174) | R47: insulin isophane (day 0, for 29 days); insulin, regular, human (day 25, for 27 days); insulin, regular, human (day 118, for 83 days); insulin isophane (day 121, for 29 days); insulin isophane (day 263, for 29 days); insulin isophane (day 370, for 29 days) | T47: Probable
B48: 726310128 | C48: 17 | D48: Female | E48: -2750 days - 3041 days | F48: Office Visit | G48: Type 1 diabetes mellitus (EHR); | N48: Glucose measurement, blood (33.2 millimole per liter, day 0); | R48: insulin detemir (day 7, for 0 days); insulin aspart, human (day 7, for 0 days); insulin aspart, human (day 41, for 0 days); insulin detemir (day 41, for 0 days); insulin detemir (day 154, for 22 days); insulin aspart, human (day 154, for 22 days); insulin | T48: Probable
B49: 740710960 | C49: 12 | D49: Female | E49: -4109 days - 3892 days | F49: Office Visit | G49: Type 1 diabetes mellitus (EHR); | N49: HbA1c measurement (DCCT aligned) (102 millimole per mole, day 0); | P49: Nonproliferative retinopathy of left eye due to diabetes mellitus (day 1909, 2798, 3771) | R49: insulin detemir (day 7, for 29 days); insulin aspart, human (day 7, for 27 days); insulin glargine (day 64, for 0 days); insulin aspart, human (day 75, for 27 days); insulin glargine (day 103, for 0 days); insulin aspart, human (day 135, for 548 days); in | T49: Probable
B50: 741610129 | C50: 24 | D50: Male | E50: -269 days - 3335 days | F50: Office Visit | G50: Type 1 diabetes mellitus (EHR); | H50: Diabetes mellitus (day -269) | K50: insulin lispro (day -259, for 922 days); insulin lispro protamine, human (day -259, for 922 days); | N50: HbA1c measurement (DCCT aligned) (14 percent, abnormal - high, day -17); | P50: Ketoacidosis due to type 1 diabetes mellitus (day 372); Proliferative retinopathy of right eye with diabetes mellitus (day 1331) | R50: insulin lispro (day 714, for 363 days); insulin lispro protamine, human (day 714, for 363 days); insulin lispro protamine, human (day 1127, for 95 days); insulin lispro (day 1127, for 95 days); insulin lispro (day 1266, for 342 days); insulin lispro prota | T50: Probable
B51: 795410971 | C51: 2 | D51: Female | E51: -721 days - 3490 days | F51: Office Visit | G51: Type 1 diabetes mellitus (EHR); | N51: HbA1c measurement (DCCT aligned) (31 millimole per mole, day 0); | T51: No Case
B52: 818210372 | C52: 57 | D52: Male | E52: -844 days - 6331 days | F52: Office Visit | G52: Type 1 diabetes mellitus (EHR); | K52: insulin isophane (day -690, for 24 days); insulin, regular, pork (day -690, for 24 days); insulin, regular, pork (day -598, for 24 days); insulin isophane (day -598, for 24 days); insulin, regular, human (day -514, for 27 days); insulin, regular, pork (da | N52: Urine dipstick for glucose (Nil, day 1); | R52: insulin isophane (day 15, for 24 days); insulin, regular, pork (day 15, for 24 days); insulin, regular, pork (day 127, for 24 days); insulin isophane (day 127, for 24 days); insulin, regular, pork (day 282, for 24 days); insulin isophane (day 282, for 24 | T52: Probable
B53: 826210737 | C53: 3 | D53: Female | E53: -1045 days - 1862 days | F53: Office Visit | G53: Type 1 diabetes mellitus (EHR); | R53: insulin, regular, human (day 53, for 2 days); insulin isophane (day 53, for 2 days); insulin aspart, human (day 83, for 27 days); insulin detemir (day 159, for 41 days); insulin aspart, human (day 173, for 27 days); insulin, regular, human (day 246, for 2 | T53: Probable
B54: 870510178 | C54: 60 | D54: Male | E54: -109 days - 9765 days | F54: Office Visit->Office Visit | G54: Type 1 diabetes mellitus (EHR); | O54: Diabetes mellitus (day 74) | P54: Nonproliferative retinopathy of right eye due to diabetes mellitus (day 9193); Type 1 diabetes mellitus (day 2279, 8866) | R54: insulin, regular, human (day 74, for 29 days); insulin isophane (day 74, for 27 days); insulin isophane (day 176, for 27 days); insulin, regular, human (day 176, for 29 days); insulin, regular, human (day 312, for 29 days); insulin isophane (day 312, for | T54: No Case
B55: 888710791 | C55: 12 | D55: Female | E55: -4300 days - 2667 days | F55: Office Visit->Office Visit | G55: Type 1 diabetes mellitus (EHR); | N55: HbA1c measurement (DCCT aligned) (100 millimole per mole, day 0); | R55: insulin detemir (day 2, for 27 days); insulin aspart, human (day 2, for 27 days); insulin aspart, human (day 61, for 815 days); insulin detemir (day 96, for 450 days); insulin detemir (day 610, for 266 days); insulin aspart, human (day 929, for 1742 days) | T55: Probable
B56: 932610840 | C56: 13 | D56: Female | E56: -2926 days - 3431 days | F56: Office Visit | G56: Type 1 diabetes mellitus (EHR); | H56: Steroid-induced diabetes (day -64) | N56: HbA1c measurement (DCCT aligned) (30 millimole per mole, day 21); | O56: Steroid-induced diabetes (day -64) | R56: insulin detemir (day 0, for 27 days); insulin aspart, human (day 0, for 27 days); | T56: No Case
B57: 954410764 | C57: 19 | D57: Female | E57: -3400 days - 4459 days | F57: Office Visit->Office Visit | G57: Type 1 diabetes mellitus (EHR); | N57: Glucose measurement, blood (14.3 millimole per liter, abnormal - high, day -1); HbA1c measurement (DCCT aligned) (14.8 percent, abnormal - high, day -1); HbA1c measurement (DCCT aligned) (0 , day -1); HbA1c measurement (DCCT aligned) (10.6 , day 1); | R57: insulin detemir (day 0, for 64 days); insulin aspart, human (day 0, for 37 days); insulin aspart, human (day 70, for 14 days); insulin aspart, human (day 128, for 21 days); insulin detemir (day 128, for 273 days); insulin aspart, human (day 181, for 0 day | T57: Probable
B58: 959010761 | C58: 9 | D58: Female | E58: -3233 days - 5447 days | F58: Office Visit | G58: Type 1 diabetes mellitus (EHR); | H58: Candidiasis of mouth (day -2750) | P58: Ketoacidosis due to type 1 diabetes mellitus (day 3149); Nonproliferative retinopathy of left eye due to diabetes mellitus (day 1262, 1968, 4751, 4852); Nonproliferative retinopathy of right eye due to diabetes mellitus (day 4299, 4751, 4852) | R58: insulin isophane (day 5, for 97 days); insulin aspart, human (day 5, for 0 days); insulin, regular, human (day 5, for 97 days); insulin detemir (day 5, for 21 days); insulin detemir (day 92, for 28 days); insulin aspart, human (day 93, for 27 days); insul | T58: Probable
B59: 1084310679 | C59: 14 | D59: Male | E59: -3543 days - 3451 days | F59: Office Visit | G59: Type 1 diabetes mellitus (EHR); | O59: Subcapsular cataract (day 48) | R59: insulin detemir (day 13, for 0 days); insulin aspart, human (day 13, for 3428 days); insulin detemir (day 67, for 0 days); insulin detemir (day 132, for 0 days); insulin detemir (day 173, for 0 days); insulin detemir (day 237, for 0 days); insulin detemir | T59: No Case
B60: 1084510775 | C60: 14 | D60: Female | E60: -810 days - 5711 days | F60: Office Visit | G60: Type 1 diabetes mellitus (EHR); | H60: Diabetes mellitus (day -807) | K60: insulin isophane (day -795, for 121 days); insulin, regular, human (day -795, for 121 days); insulin, regular, human (day -639, for 29 days); insulin isophane (day -639, for 29 days); insulin, regular, human (day -568, for 29 days); insulin isophane (day | N60: HbA1c measurement (DCCT aligned) (9.5 , day -18); | P60: Disorder of left macula due to diabetes mellitus (day 3076); Disorder of right macula due to diabetes mellitus (day 4175); Nonproliferative retinopathy of left eye due to diabetes mellitus (day 3076, 3245, 4175); Nonproliferative retinopathy of right eye | R60: insulin, regular, human (day 3, for 29 days); insulin aspart, human (day 3, for 27 days); insulin isophane (day 3, for 29 days); insulin aspart, human (day 73, for 93 days); insulin isophane (day 73, for 95 days); insulin, regular, human (day 73, for 95 d | T60: Probable
B61: 1086910999 | C61: 27 | D61: Male | E61: -6397 days - 478 days | F61: Office Visit | G61: Type 1 diabetes mellitus (EHR); | N61: Glucose measurement, blood (17.5 millimole per liter, abnormal - high, day -2); HbA1c measurement (DCCT aligned) (127 millimole per mole, abnormal - high, day -2); HbA1c measurement (DCCT aligned) (day -2); Glucose measurement, blood (day -2); | R61: insulin aspart, human (day 7, for 20 days); insulin degludec (day 7, for 20 days); insulin aspart, human (day 96, for 0 days); insulin degludec (day 96, for 0 days); insulin aspart, human (day 166, for 30 days); insulin degludec (day 195, for 0 days); ins | T61: Probable
B62: 1377210629 | C62: 50 | D62: Female | E62: -364 days - 824 days | F62: Office Visit | G62: Type 1 diabetes mellitus (EHR); | H62: Family history of diabetes mellitus (day -358) | N62: Glucose measurement, blood (15 millimole per liter, day -9); HbA1c measurement (DCCT aligned) (10.9 percent, day 7); | R62: insulin aspart, human (day 0, for 0 days); insulin aspart protamine, human (day 0, for 0 days); insulin aspart protamine, human (day 140, for 11 days); insulin aspart, human (day 140, for 11 days); insulin aspart, human (day 195, for 0 days); insulin aspa | T62: Probable
B63: 1559910397 | C63: 13 | D63: Male | E63: -1271 days - 1814 days | F63: Office Visit->Office Visit | G63: Type 1 diabetes mellitus (EHR); | K63: insulin aspart, human (day -6, for 27 days); insulin isophane (day -6, for 46 days); insulin, regular, human (day -6, for 46 days); | N63: Glucose measurement, blood (18.4 millimole per liter, day -11); | P63: Type 1 diabetes mellitus (day 409) | R63: insulin aspart, human (day 101, for 27 days); insulin aspart protamine, human (day 101, for 27 days); insulin aspart, human (day 164, for 72 days); insulin aspart protamine, human (day 164, for 72 days); insulin lispro protamine, human (day 245, for 105 d | T63: Probable
B64: 1602410226 | C64: 27 | D64: Female | E64: -76 days - 421 days | F64: Office Visit | G64: Type 1 diabetes mellitus (EHR); | K64: insulin aspart, human (day -63, for 380 days); insulin isophane (day -63, for 182 days); | N64: HbA1c measurement (DCCT aligned) (8.6 percent, day -12); HbA1c measurement (DCCT aligned) (71 millimole per mole, day -12); | R64: insulin glargine (day 109, for 0 days); insulin glargine (day 141, for 27 days); insulin glargine (day 207, for 0 days); insulin glargine (day 245, for 25 days); insulin aspart, human (day 354, for 69 days); insulin glargine (day 354, for 0 days); | T64: Probable
B65: 1620610573 | C65: 63 | D65: Female | E65: -946 days - 477 days | F65: Office Visit | G65: Type 1 diabetes mellitus (EHR); | H65: Bilateral cataracts (day -896); Diabetes mellitus (day -919) | K65: insulin isophane (day -490, for 54 days); insulin isophane (day -362, for 68 days); insulin isophane (day -247, for 27 days); insulin isophane (day -163, for 27 days); | R65: insulin isophane (day 47, for 82 days); insulin isophane (day 246, for 27 days); insulin isophane (day 335, for 7 days); insulin isophane (day 415, for 87 days); | T65: Probable
B66: 1675410922 | C66: 31 | D66: Male | E66: -2528 days - 653 days | F66: Office Visit | G66: Type 1 diabetes mellitus (EHR); | N66: HbA1c measurement (DCCT aligned) (89 millimole per mole, abnormal - high, day 14); Glucose measurement, blood (19.6 millimole per liter, day 14); Glucose measurement, blood (20.9 millimole per liter, abnormal - high, day 14); Glucose measurement, blood (d | R66: insulin detemir (day 14, for 35 days); insulin aspart, human (day 19, for 27 days); metformin (day 22, for 27 days); insulin aspart, human (day 90, for 0 days); insulin degludec (day 90, for 0 days); insulin degludec (day 131, for 0 days); insulin aspart, | T66: Probable
B67: 1759410412 | C67: 68 | D67: Female | E67: -36 days - 1386 days | F67: Office Visit | G67: Type 1 diabetes mellitus (EHR); | H67: Ketoacidosis (day -35) | O67: Ketoacidosis (day -35) | P67: Disorder of macula due to diabetes mellitus (day 879); Disorder of nervous system due to diabetes mellitus (day 125); Peripheral vascular disorder due to diabetes mellitus (day 125) | R67: insulin aspart, human (day 0, for 29 days); insulin glargine (day 65, for 51 days); insulin aspart, human (day 65, for 51 days); insulin aspart, human (day 174, for 27 days); insulin glargine (day 174, for 27 days); insulin glargine (day 250, for 27 days) | T67: No Case
B68: 1833510766 | C68: 4 | D68: Female | E68: -1405 days - 5656 days | F68: Office Visit | G68: Type 1 diabetes mellitus (EHR); | N68: HbA1c measurement (DCCT aligned) (9.7 , day -1); | P68: Ketoacidosis due to type 1 diabetes mellitus (day 4718) | R68: insulin, regular, human (day 2, for 28 days); insulin isophane (day 2, for 28 days); insulin lispro (day 58, for 27 days); insulin isophane (day 75, for 27 days); insulin, regular, human (day 75, for 27 days); insulin, regular, human (day 191, for 133 day | T68: Probable
B69: 2079410115 | C69: 48 | D69: Female | E69: -6 days - 554 days | F69: Office Visit->Office Visit | G69: Type 1 diabetes mellitus (EHR); Type 1 diabetes mellitus (EHR); | N69: HbA1c measurement (DCCT aligned) (63 millimole per mole, day 30); | P69: Type 1 diabetes mellitus (day 161, 196, 275, 336, 497) | R69: insulin aspart, human (day 6, for 0 days); insulin degludec (day 6, for 0 days); insulin aspart, human (day 75, for 0 days); insulin degludec (day 75, for 0 days); insulin degludec (day 142, for 0 days); insulin aspart, human (day 142, for 0 days); insuli | T69: Probable
B70: 2134710591 | C70: 41 | D70: Female | E70: -2335 days - 2494 days | F70: Office Visit | G70: Type 1 diabetes mellitus (EHR); | H70: Family history of diabetes mellitus (day -2328) | R70: insulin lispro (day 0, for 0 days); insulin lispro (day 53, for 0 days); metformin (day 53, for 104 days); insulin lispro (day 102, for 0 days); metformin (day 223, for 55 days); insulin lispro (day 223, for 19 days); insulin lispro (day 311, for 0 days); | T70: Probable
B71: 2335110194 | C71: 56 | D71: Male | E71: -1133 days - 5348 days | F71: Office Visit->Office Visit | G71: Type 1 diabetes mellitus (EHR); | H71: Diabetes mellitus (day -1125); Type 2 diabetes mellitus (day -1125, -726) | J71: Neuropathy due to diabetes mellitus (day -169); Retinopathy due to diabetes mellitus (day -978, -414) | K71: metformin (day -1125, for 817 days); glyburide (day -1125, for 232 days); glyburide (day -847, for 342 days); metformin (day -260, for 1353 days); acarbose (day -85, for 845 days); | N71: HbA1c measurement (DCCT aligned) (10.2 percent, abnormal - high, day -11); Glucose measurement, blood (12.3 millimole per liter, day -11); | P71: Disorder of right macula due to diabetes mellitus (day 4250); Neuropathy due to diabetes mellitus (day 532, 3377); Nonproliferative retinopathy of left eye due to diabetes mellitus (day 3762); Nonproliferative retinopathy of right eye due to diabetes mell | R71: insulin isophane (day 0, for 42 days); insulin isophane (day 94, for 67 days); insulin isophane (day 204, for 258 days); insulin isophane (day 497, for 590 days); acarbose (day 806, for 91 days); acarbose (day 933, for 162 days); metformin (day 1136, for | T71: Probable
B72: 2482010040 | C72: 39 | D72: Male | E72: -25 days - 235 days | F72: Office Visit | G72: Type 1 diabetes mellitus (EHR); | H72: Diabetes mellitus (day -3); Family history of diabetes mellitus (day -3) | K72: insulin aspart, human (day -10, for 28 days); insulin glargine (day -10, for 55 days); | N72: Urine screening for glucose (day -14); Urine screening for glucose (day -11); Serum fasting glucose measurement (11.5 millimole per liter, abnormal - high, day -6); | O72: Diabetes mellitus (day -3) | R72: insulin glargine (day 147, for 27 days); | T72: No Case
B73: 2489610789 | C73: 21 | D73: Female | E73: -166 days - 589 days | F73: Office Visit->Office Visit | G73: Type 1 diabetes mellitus (EHR); | P73: Type 1 diabetes mellitus (day 243) | R73: insulin detemir (day 370, for 37 days); insulin lispro (day 425, for 0 days); insulin detemir (day 474, for 27 days); insulin lispro (day 474, for 0 days); insulin lispro (day 565, for 27 days); | T73: Probable
B74: 2615910492 | C74: 29 | D74: Male | E74: -3 days - 1341 days | F74: Office Visit | G74: Type 1 diabetes mellitus (EHR); | O74: Nonproliferative retinopathy due to diabetes mellitus (day 17) | P74: Disorder of left macula due to diabetes mellitus (day 1212); Disorder of right macula due to diabetes mellitus (day 291, 1212); Nonproliferative retinopathy due to diabetes mellitus (day 17, 540); Nonproliferative retinopathy of left eye due to diabetes m | R74: insulin aspart, human (day 0, for 0 days); insulin glargine (day 0, for 0 days); insulin aspart, human (day 78, for 0 days); insulin glargine (day 78, for 0 days); insulin aspart, human (day 133, for 0 days); insulin aspart, human (day 231, for 0 days); i | T74: No Case
B75: 2723810058 | C75: 72 | D75: Male | E75: -3744 days - 696 days | F75: Office Visit | G75: Type 1 diabetes mellitus (EHR); | H75: Cataract (day -543); Diabetes mellitus (day -3729, -3675, -3640, -3605, -3479, -3256); Family history of diabetes mellitus (day -3736, -158); Type 2 diabetes mellitus (day -3736) | J75: Disorder of macula due to diabetes mellitus (day -2651); Neuropathy due to diabetes mellitus (day -3729); Preproliferative retinopathy due to diabetes mellitus (day -543) | K75: glipizide (day -3729, for 83 days); metformin (day -3729, for 81 days); glimepiride (day -3675, for 509 days); insulin isophane (day -3632, for 123 days); metformin (day -3606, for 440 days); insulin isophane (day -3442, for 27 days); insulin isophane (da | R75: insulin detemir (day 36, for 27 days); insulin glargine (day 57, for 0 days); insulin glargine (day 93, for 81 days); insulin glargine (day 205, for 28 days); insulin glargine (day 266, for 297 days); insulin glargine (day 596, for 82 days); | T75: Probable
B76: 2850010979 | C76: 2 | D76: Male | E76: -630 days - 2283 days | F76: Office Visit | G76: Type 1 diabetes mellitus (EHR); | N76: HbA1c measurement (DCCT aligned) (70 millimole per mole, day 27); | R76: insulin detemir (day 12, for 0 days); insulin aspart, human (day 12, for 1 days); insulin detemir (day 55, for 0 days); insulin aspart, human (day 55, for 1 days); insulin aspart, human (day 97, for 1 days); insulin detemir (day 97, for 0 days); insulin a | T76: Probable
B77: 2946010373 | C77: 31 | D77: Male | E77: -85 days - 2316 days | F77: Office Visit->Office Visit | G77: Type 1 diabetes mellitus (EHR); | K77: insulin glargine (day -36, for 0 days); insulin aspart, human (day -36, for 0 days); | P77: Proliferative retinopathy of left eye due to diabetes mellitus (day 1343); Retinopathy due to type 1 diabetes mellitus (day 1496); Type 1 diabetes mellitus (day 750) | R77: insulin aspart, human (day 17, for 0 days); insulin glargine (day 17, for 0 days); insulin aspart, human (day 80, for 0 days); insulin glargine (day 80, for 0 days); insulin glargine (day 182, for 0 days); insulin aspart, human (day 182, for 0 days); insu | T77: Probable
B78: 3181110734 | C78: 21 | D78: Male | E78: -1 days - 115 days | F78: Office Visit | G78: Type 1 diabetes mellitus (EHR); | R78: insulin aspart, human (day 0, for 123 days); | T78: Probable
B79: 3212210166 | C79: 39 | D79: Male | E79: -11 days - 1130 days | F79: Office Visit | G79: Type 1 diabetes mellitus (EHR); | P79: Diabetic ketoacidosis (day 741) | R79: insulin aspart, human (day 35, for 763 days); insulin glargine (day 780, for 0 days); insulin glargine (day 848, for 0 days); insulin aspart, human (day 848, for 0 days); insulin aspart, human (day 911, for 0 days); insulin glargine (day 911, for 0 days); | T79: Probable
B80: 3266510164 | C80: 60 | D80: Male | E80: -42 days - 4337 days | F80: Office Visit | G80: Type 1 diabetes mellitus (EHR); | H80: Diabetes mellitus (day -38) | K80: insulin glargine (day -10, for 82 days); insulin lispro (day -10, for 108 days); | N80: Glucose measurement, blood (4.8 millimole per liter, day -7); HbA1c measurement (DCCT aligned) (8.8 percent, day -7); | O80: Diabetes mellitus (day -38) | P80: Disorder of macula due to diabetes mellitus (day 1708, 3890); Nonproliferative retinopathy due to diabetes mellitus (day 1782, 2755) | R80: insulin lispro (day 137, for 65 days); insulin glargine (day 137, for 65 days); insulin lispro (day 255, for 360 days); insulin glargine (day 326, for 27 days); insulin glargine (day 457, for 77 days); insulin lispro (day 651, for 349 days); insulin glarg | T80: No Case
B81: 3354710424 | C81: 24 | D81: Male | E81: -26 days - 456 days | F81: Office Visit->Office Visit | G81: Type 1 diabetes mellitus (EHR); | P81: Type 1 diabetes mellitus (day 100) | R81: insulin glargine (day 4, for 52 days); insulin aspart, human (day 4, for 52 days); insulin aspart, human (day 189, for 0 days); insulin glargine (day 189, for 0 days); insulin glargine (day 309, for 0 days); insulin aspart, human (day 309, for 0 days); in | T81: Probable
B82: 9461110544 | C82: 3 | D82: Female | E82: -71 days - 860 days | F82: Office Visit | G82: Type 1 diabetes mellitus (EHR); | R82: insulin, regular, human (day 0, for 27 days); insulin isophane (day 0, for 27 days); insulin, regular, human (day 64, for 172 days); insulin isophane (day 64, for 172 days); insulin aspart, human (day 211, for 27 days); insulin, regular, human (day 316, f | T82: Probable

Sheet GPT5o-Table
A3: Row Labels | B3: Count of ClinicalLabel
A4: No Case | B4: 18
A5: Probable | B5: 63
A6: Grand Total | B6: 81

Sheet Copilot 4o
A1: Adjudication (Choose One from Drop Down) | B1: personId | C1: age | D1: gender | E1: observationPeriod | F1: visitContext | G1: presentation (day 0) | H1: comorbidities (day 0) | I1: symptoms (day 0) | J1: priorDisease (before day 0) | K1: priorDrugs (before day 0) | L1: priorTreatmentProcedures (before day 0) | M1: diagnosticProcedures (before and after day 0) | N1: measurements (before and after day 0) | O1: alternativeDiagnosis (after day 0) | P1: afterDisease (after day 0) | Q1: afterTreatmentProcedures (after day 0) | R1: afterDrugs (after day 0) | S1: death
A2: Probable (Treatment Only) | B2: 7810823 | C2: 53 | D2: Female | E2: -2979 days - 4196 days | F2: Office Visit->Office Visit | G2: 10g monofilament sensation L foot normal (EHR); 10g monofilament sensation R foot normal (EHR); All pulses present in left foot (EHR); All pulses present in left lower limb (EHR); All pulses present in right foot (EHR); All pulses present in right lower l | J2: Proliferative retinopathy due to diabetes mellitus (day -458); Severe nonproliferative retinopathy due to diabetes mellitus (day -2234) | K2: insulin isophane (day -2864, for 55 days); insulin, regular, human (day -2864, for 55 days); insulin, regular, human (day -2775, for 149 days); insulin isophane (day -2775, for 149 days); insulin, regular, human (day -2568, for 55 days); insulin isophane | N2: HbA1c measurement (DCCT aligned) (82 millimole per mole, day 0); | P2: Nonproliferative retinopathy of left eye due to diabetes mellitus (day 818, 1161); Nonproliferative retinopathy of right eye due to diabetes mellitus (day 182, 818); Preproliferative retinopathy of left eye due to diabetes mellitus (day 1651); Proliferati | R2: insulin isophane (day 61, for 27 days); insulin, regular, human (day 61, for 55 days); insulin isophane (day 151, for 27 days); insulin, regular, human (day 151, for 55 days); insulin isophane (day 221, for 69 days); insulin, regular, human (day 263, for
A3: Probable (Treatment Only) | B3: 2352010389 | C3: 20 | D3: Male | E3: -85 days - 166 days | G3: Acquired deviated nasal septum (EHR); All pulses present in left lower limb (EHR); All pulses present in right lower limb (EHR); Blood pressure finding (EHR); Finding of foot region (EHR); Normal tactile sensation (EHR); Temporomandibular joint disorder ( | H3: Family history of diabetes mellitus (day -85) | J3: Type 1 diabetes mellitus (day -69) | N3: Glucose measurement, blood (6.4 millimole per liter, abnormal - high, day -17); HbA1c measurement (DCCT aligned) (58 millimole per mole, day -17); | R3: insulin aspart, human (day 89, for 11 days); insulin glargine (day 89, for 27 days);
A4: Probable (Treatment Only) | B4: 244010017 | C4: 17 | D4: Female | E4: -2281 days - 4538 days | G4: Acute upper respiratory infection (EHR); Acute upper respiratory infection (EHR); Type 1 diabetes mellitus (EHR); Type 1 diabetes mellitus (EHR); | J4: Type 1 diabetes mellitus (day -38) | K4: insulin, regular, human (day -32, for 408 days); insulin lispro (day -32, for 27 days); insulin isophane (day -32, for 408 days); | P4: Ketoacidotic coma due to type 1 diabetes mellitus (day 1871); Type 1 diabetes mellitus (day 66) | R4: insulin lispro (day 125, for 27 days); insulin, regular, human (day 413, for 107 days); insulin isophane (day 413, for 107 days); insulin lispro (day 447, for 27 days); insulin isophane (day 583, for 27 days); insulin, regular, human (day 583, for 27 days
A5: Probable (Treatment Only) | B5: 5359010662 | C5: 51 | D5: Male | E5: -2 days - 854 days | F5: Office Visit | G5: Alcohol dependence (EHR); Alcoholic cirrhosis (EHR); Asthma (EHR); Epilepsy (EHR); Glaucoma (EHR); Retinal detachment (EHR); Traumatic or nontraumatic brain injury (EHR); Type 1 diabetes mellitus (EHR); | N5: HbA1c measurement (DCCT aligned) (84 millimole per mole, abnormal - high, day 14); | R5: insulin isophane (day 0, for 627 days); insulin, regular, human (day 0, for 627 days); insulin, regular, human (day 742, for 0 days); insulin isophane (day 742, for 0 days); insulin detemir (day 742, for 0 days); insulin, regular, human (day 783, for 0 da
A6: Probable (Treatment Only) | B6: 261610479 | C6: 39 | D6: Female | E6: -4686 days - 3219 days | G6: All pulses present in left lower limb (EHR); All pulses present in right lower limb (EHR); Blood pressure finding (EHR); Type 1 diabetes mellitus (EHR); | H6: Diabetes mellitus (day -4670, -4635, -4228, -4130, -3731, -2970, -1745, -576, -499, -430, -317) | J6: Type 1 diabetes mellitus (day -476) | K6: insulin isophane (day -4565, for 3234 days); insulin, regular, human (day -4565, for 77 days); insulin, regular, human (day -4419, for 393 days); insulin, regular, human (day -3965, for 29 days); insulin, regular, human (day -3878, for 2350 days); metform | N6: HbA1c measurement (DCCT aligned) (7.7 percent, day 0); | R6: insulin aspart, human (day 53, for 30 days); insulin aspart, human (day 115, for 0 days); insulin aspart, human (day 151, for 0 days); insulin aspart, human (day 196, for 0 days); insulin aspart, human (day 245, for 0 days); insulin aspart, human (day 276
A7: No | B7: 378410775 | C7: 34 | D7: Male | E7: -274 days - 8161 days | G7: All pulses present in left lower limb (EHR); All pulses present in right lower limb (EHR); Type 1 diabetes mellitus (EHR); | H7: Essential hypertension (day -69) | J7: Type 1 diabetes mellitus (day -48) | K7: insulin, regular, human (day -207, for 291 days); insulin isophane (day -207, for 291 days); | N7: HbA1c measurement (DCCT aligned) (0 , day -28); HbA1c measurement (DCCT aligned) (7.8 , day -28); | O7: Essential hypertension (day -69) | P7: Disorder of left macula due to diabetes mellitus (day 3108, 7617, 7703); Disorder of right macula due to diabetes mellitus (day 7617, 7703); Nonproliferative retinopathy due to diabetes mellitus (day 371); Nonproliferative retinopathy of left eye due to d | R7: insulin, regular, human (day 115, for 146 days); insulin isophane (day 115, for 146 days); insulin isophane (day 296, for 53 days); insulin, regular, human (day 296, for 53 days); insulin, regular, human (day 382, for 368 days); insulin isophane (day 382,
A8: Probable (Treatment Only) | B8: 1502010397 | C8: 16 | D8: Male | E8: -2646 days - 911 days | G8: All pulses present in left lower limb (EHR); All pulses present in right lower limb (EHR); Blood pressure finding (EHR); Type 1 diabetes mellitus (EHR); | J8: Type 1 diabetes mellitus (day -677, -630) | K8: insulin aspart, human (day -676, for 1586 days); insulin isophane (day -676, for 44 days); insulin, regular, human (day -676, for 44 days); insulin aspart protamine, human (day -645, for 1150 days); insulin detemir (day -104, for 23 days); insulin detemir | R8: insulin detemir (day 55, for 30 days); insulin detemir (day 140, for 0 days); insulin detemir (day 232, for 0 days); insulin detemir (day 315, for 30 days); insulin glargine (day 414, for 28 days); metformin (day 414, for 29 days); metformin (day 478, for
A9: Probable (Treatment Only) | B9: 2353710622 | C9: 18 | D9: Female | E9: -2093 days - 237 days | G9: All pulses present in left lower limb (EHR); All pulses present in right lower limb (EHR); Blood pressure finding (EHR); Type 1 diabetes mellitus (EHR); | H9: Candidiasis (day -160) | J9: Type 1 diabetes mellitus (day -435) | K9: insulin glargine (day -435, for 13 days); insulin aspart, human (day -435, for 13 days); insulin glargine (day -380, for 23 days); insulin aspart, human (day -380, for 86 days); insulin glargine (day -294, for 0 days); insulin aspart, human (day -247, for | N9: HbA1c measurement (DCCT aligned) (86 millimole per mole, day -7); | R9: insulin aspart, human (day 34, for 0 days); insulin degludec (day 34, for 0 days); insulin aspart, human (day 78, for 0 days); insulin aspart, human (day 126, for 0 days); insulin degludec (day 126, for 0 days); insulin degludec (day 202, for 0 days); ins
A10: Probable (Treatment Only) | B10: 1045410614 | C10: 40 | D10: Female | E10: -14 days - 5874 days | F10: Office Visit | G10: Allergic reaction to drug (EHR); Type 1 diabetes mellitus (EHR); | P10: Disorder of nervous system due to diabetes mellitus (day 3240, 5340) | R10: insulin, regular, human (day 50, for 29 days); insulin isophane (day 50, for 29 days); insulin, regular, human (day 178, for 29 days); insulin isophane (day 178, for 29 days); insulin, regular, human (day 246, for 29 days); insulin isophane (day 246, for
A11: No | B11: 4803410866 | C11: 20 | D11: Female | E11: -12 days - 83 days | F11: Office Visit | G11: Asthma (EHR); Obesity (EHR); Type 1 diabetes mellitus (EHR); | O11: Obesity (day 0) | R11: insulin aspart, human (day 0, for 55 days); insulin glargine (day 0, for 0 days); insulin glargine (day 70, for 0 days);
A12: Probable (Treatment Only) | B12: 384210994 | C12: 30 | D12: Male | E12: -7106 days - 903 days | F12: Office Visit | G12: Asymptomatic periapical periodontitis (EHR); Dental caries (EHR); Type 1 diabetes mellitus (EHR); | H12: Cyst of pancreas (day -5967, -4488, -3139) | R12: insulin glargine (day 8, for 178 days); insulin aspart, human (day 8, for 178 days); insulin aspart, human (day 218, for 243 days); insulin glargine (day 218, for 243 days); insulin aspart, human (day 543, for 28 days); insulin glargine (day 543, for 28 d
A13: No | B13: 77110497 | C13: 26 | D13: Male | E13: -3834 days - 107 days | G13: Atopic conjunctivitis (EHR); Type 1 diabetes mellitus (EHR); | H13: Diabetes mellitus (day -2101, -1801, -576); Diabetic - good control (day -2085, -1779, -1289, -1107, -771) | J13: Retinopathy due to diabetes mellitus (day -341); Type 1 diabetes mellitus (day -2008, -1304) | K13: insulin, regular, human (day -2095, for 35 days); insulin isophane (day -2095, for 35 days); insulin, regular, human (day -2024, for 29 days); insulin isophane (day -2024, for 29 days); insulin, regular, human (day -1954, for 29 days); insulin isophane (d
A14: Probable (Treatment Only) | B14: 35210409 | C14: 29 | D14: Male | E14: -2078 days - 851 days | G14: Blood pressure finding (EHR); Type 1 diabetes mellitus (EHR); | H14: Diabetes mellitus (day -1829, -1186, -286) | J14: Type 1 diabetes mellitus (day -972) | K14: insulin, regular, human (day -2052, for 98 days); insulin isophane (day -1996, for 42 days); insulin isophane (day -1878, for 632 days); insulin, regular, human (day -1878, for 156 days); insulin lispro (day -1707, for 353 days); insulin lispro (day -1323 | P14: Type 1 diabetes mellitus (day 624, 704) | R14: insulin lispro (day 25, for 27 days); insulin lispro (day 104, for 67 days); insulin glargine (day 180, for 57 days); insulin lispro (day 210, for 27 days); insulin glargine (day 277, for 154 days); insulin lispro (day 343, for 27 days); insulin lispro (d
A15: Probable (Treatment Only) | B15: 153910595 | C15: 62 | D15: Male | E15: -1716 days - 479 days | G15: Blood pressure finding (EHR); Finding of vibration sense (EHR); Pulse present in left dorsalis pedis artery (EHR); Pulse present in left posterior tibial artery (EHR); Pulse present in right dorsalis pedis artery (EHR); Pulse present in right posterior ti | H15: Diabetes mellitus (day -778, -455, -372); Essential hypertension (day -1008); Insulin treated type 2 diabetes mellitus (day -778); Type 2 diabetes mellitus (day -372) | J15: Type 1 diabetes mellitus (day -778) | K15: insulin isophane (day -35, for 312 days); | N15: Glucose measurement, blood (14.8 , day -9); HbA1c measurement (DCCT aligned) (5.8 , day -9); Glucose measurement, blood (14.8 , day 0); HbA1c measurement (DCCT aligned) (5.8 , day 0); Urine screening for glucose (day 0); | P15: Type 1 diabetes mellitus (day 228) | R15: insulin isophane (day 322, for 144 days);
A16: Probable (Treatment Only) | B16: 274210173 | C16: 77 | D16: Female | E16: -357 days - 765 days | G16: Blood pressure finding (EHR); Type 1 diabetes mellitus (EHR); | H16: Diabetes mellitus (day -91) | J16: Type 1 diabetes mellitus (day -91) | K16: insulin, regular, human (day -91, for 163 days); insulin isophane (day -91, for 163 days); | R16: insulin isophane (day 164, for 44 days); insulin, regular, human (day 164, for 44 days); insulin isophane (day 282, for 27 days); insulin, regular, human (day 282, for 27 days); insulin isophane (day 357, for 27 days); insulin, regular, human (day 357, fo
A17: Probable (Treatment Only) | B17: 436610288 | C17: 67 | D17: Female | E17: -5268 days - 480 days | G17: Blood pressure finding (EHR); Type 1 diabetes mellitus (EHR); | H17: Diabetes mellitus (day -4682, -4472, -4000, -3916, -2986); Family history of diabetes mellitus (day -3923); Type 2 diabetes mellitus (day -5140, -4197, -4063, -3309, -2993) | J17: Autonomic neuropathy due to diabetes mellitus (day -3779); Disorder of nervous system due to diabetes mellitus (day -3552, -3281, -3090); Neuropathy due to diabetes mellitus (day -4609); Type 1 diabetes mellitus (day -2979, -88) | K17: metformin (day -5250, for 1522 days); insulin isophane (day -5241, for 2196 days); acarbose (day -5236, for 1728 days); pioglitazone (day -4000, for 27 days); pioglitazone (day -3916, for 184 days); insulin glargine (day -3902, for 37 days); metformin (da | N17: HbA1c measurement (DCCT aligned) (34 millimole per mole, normal, day -7); | R17: insulin isophane (day 323, for 27 days); insulin isophane (day 385, for 112 days);
A18: No | B18: 503810366 | C18: 72 | D18: Male | E18: -5496 days - 1202 days | F18: Office Visit | G18: Blood pressure finding (EHR); Diabetes mellitus (EHR); Type 1 diabetes mellitus (EHR); | H18: Acute pancreatitis (day -38); Essential hypertension (day -1177, -830, -674) | O18: Acute pancreatitis (day -38); Diabetes mellitus (day 0) | R18: insulin aspart, human (day 33, for 60 days); insulin aspart protamine, human (day 33, for 60 days); insulin glargine (day 125, for 98 days); insulin glargine (day 279, for 27 days); insulin glargine (day 369, for 67 days); insulin glargine (day 510, for 2
A19: Probable (Treatment Only) | B19: 559910689 | C19: 34 | D19: Male | E19: -1186 days - 4197 days | F19: Office Visit->Office Visit | G19: Blood pressure finding (EHR); Type 1 diabetes mellitus (EHR); | H19: Diabetes mellitus (day -350) | K19: insulin, regular, human (day -1108, for 27 days); insulin, regular, human (day -1043, for 27 days); insulin, regular, human (day -892, for 85 days); insulin, regular, human (day -599, for 27 days); insulin, regular, human (day -487, for 27 days); insulin, | N19: HbA1c measurement (DCCT aligned) (8.4 , day 0); | P19: Diabetic hand syndrome (day 882, 958); Nonproliferative retinopathy due to diabetes mellitus (day 376); Retinopathy due to diabetes mellitus (day 3657, 4043); Type 1 diabetes mellitus (day 950, 1137) | R19: insulin, regular, human (day 21, for 27 days); insulin, regular, human (day 112, for 27 days); insulin, regular, human (day 207, for 27 days); insulin, regular, human (day 341, for 27 days); insulin, regular, human (day 416, for 27 days); insulin, regular
A20: Probable (Treatment Only) | B20: 644210241 | C20: 66 | D20: Male | E20: -4926 days - 262 days | F20: Office Visit | G20: Blood pressure finding (EHR); Type 1 diabetes mellitus (EHR); | H20: Diabetes mellitus (day -2589, -469); Essential hypertension (day -155); Type 2 diabetes mellitus (day -2589) | J20: Nonproliferative retinopathy due to diabetes mellitus (day -173) | K20: glyburide (day -1513, for 111 days); | R20: insulin isophane (day 0, for 27 days); insulin, regular, human (day 0, for 27 days); insulin isophane (day 80, for 27 days); insulin, regular, human (day 80, for 27 days); insulin isophane (day 142, for 27 days); insulin, regular, human (day 142, for 27 d
A21: Probable (Treatment Only) | B21: 812210207 | C21: 38 | D21: Female | E21: -85 days - 4750 days | F21: Office Visit | G21: Blood pressure finding (EHR); Type 1 diabetes mellitus (EHR); | N21: Serum fasting glucose measurement (15 millimole per liter, day 12); | R21: insulin isophane (day 0, for 76 days); insulin, regular, human (day 0, for 76 days); insulin, regular, human (day 113, for 133 days); insulin isophane (day 113, for 133 days); insulin, regular, human (day 289, for 27 days); insulin isophane (day 289, for
A22: Probable (Treatment Only) | B22: 925810409 | C22: 31 | D22: Female | E22: -2831 days - 1990 days | G22: Blood pressure finding (EHR); Blood pressure finding (EHR); Blood pressure finding (EHR); Blood pressure finding (EHR); Blood pressure finding (EHR); Blood pressure finding (EHR); Blood pressure finding (EHR); Type 1 diabetes mellitus (EHR); Type 1 diabet | H22: Candidiasis (day -2698, -2159); Candidiasis of vagina (day -2699); Diabetes mellitus (day -1851, -1669, -1368, -1168) | J22: Retinopathy due to diabetes mellitus (day -2272, -1424, -866, -140); Type 1 diabetes mellitus (day -853, -140, -28) | K22: insulin isophane (day -2791, for 230 days); insulin, regular, human (day -2791, for 230 days); insulin isophane (day -2527, for 142 days); insulin, regular, human (day -2527, for 142 days); insulin, regular, human (day -2337, for 54 days); insulin isophan | N22: HbA1c measurement (DCCT aligned) (8.3 percent, day 14); Glucose measurement, blood (9.2 millimole per liter, day 14); HbA1c measurement (DCCT aligned) (8.8 percent, day 28); | P22: Retinopathy due to diabetes mellitus (day 794, 849, 1682, 1745); Type 1 diabetes mellitus (day 80, 303, 337, 458, 591, 819, 917, 962, 997, 1193, 1234) | R22: insulin aspart, human (day 17, for 27 days); insulin glargine (day 211, for 27 days); insulin aspart, human (day 211, for 27 days); insulin aspart, human (day 309, for 27 days); insulin glargine (day 309, for 27 days); insulin glargine (day 367, for 425 d
A23: Probable (Treatment Only) | B23: 1054010302 | C23: 33 | D23: Female | E23: -4416 days - 710 days | G23: Blood pressure finding (EHR); Blood pressure finding (EHR); Blood pressure finding (EHR); Blood pressure finding (EHR); Type 1 diabetes mellitus (EHR); Type 1 diabetes mellitus (EHR); Type 1 diabetes mellitus (EHR); Type 1 diabetes mellitus (EHR); | H23: Candidiasis (day -3653, -3374, -2751, -2520, -2473, -1795, -1539, -1274, -1177, -335); Candidiasis of vagina (day -3047, -2179, -2123, -1896); Diabetes mellitus (day -4042, -3471, -3110, -2960, -2737, -2544, -2330, -2270, -2226, -2192, -2044, -1974, -1647 | J23: Hypoglycemic coma due to type 1 diabetes mellitus (day -2197, -2158); Ketoacidosis due to type 1 diabetes mellitus (day -3038); Loss of hypoglycemic warning due to diabetes mellitus (day -836, -581); Proliferative retinopathy due to diabetes mellitus (day | K23: insulin lispro (day -4396, for 29 days); insulin lispro (day -4336, for 29 days); insulin isophane (day -4336, for 29 days); insulin lispro (day -4251, for 29 days); insulin isophane (day -4251, for 29 days); insulin lispro (day -4129, for 29 days); insul | N23: Serum fasting glucose measurement (3.4 millimole per liter, normal, day 0); HbA1c measurement (DCCT aligned) (83 millimole per mole, abnormal - high, day 0); | P23: Proliferative retinopathy due to diabetes mellitus (day 639); Type 1 diabetes mellitus (day 40) | R23: insulin lispro (day 77, for 0 days); insulin detemir (day 77, for 74 days); insulin lispro (day 124, for 0 days); insulin detemir (day 182, for 179 days); insulin lispro (day 182, for 0 days); insulin lispro (day 238, for 0 days); insulin lispro (day 295,
A24: Probable (Treatment Only) | B24: 1525510677 | C24: 39 | D24: Male | E24: -2640 days - 6782 days | G24: Blood pressure finding (EHR); Blood pressure finding (EHR); Blood pressure finding (EHR); Blood pressure finding (EHR); Type 1 diabetes mellitus (EHR); Type 1 diabetes mellitus (EHR); Type 1 diabetes mellitus (EHR); Type 1 diabetes mellitus (EHR); | H24: Diabetes mellitus (day -980) | J24: Type 1 diabetes mellitus (day -1184, -939) | K24: insulin aspart protamine, human (day -966, for 152 days); insulin aspart, human (day -966, for 152 days); insulin aspart, human (day -771, for 0 days); insulin aspart protamine, human (day -771, for 0 days); insulin aspart protamine, human (day -715, for | N24: Self-monitoring of blood glucose (day 0); Glucose measurement, blood (11.5 , day 0); | P24: Disorder of left macula due to diabetes mellitus (day 5412); Disorder of macula due to diabetes mellitus (day 5340, 5412); Nonproliferative retinopathy due to diabetes mellitus (day 3952, 4402, 5340, 5412, 5643); Nonproliferative retinopathy of left eye d | R24: insulin aspart protamine, human (day 5, for 0 days); insulin aspart, human (day 5, for 0 days); insulin aspart protamine, human (day 46, for 0 days); insulin aspart, human (day 46, for 0 days); insulin aspart protamine, human (day 110, for 0 days); insuli
A25: Probable (Treatment Only) | B25: 1721910803 | C25: 34 | D25: Male | E25: days - days | F25: Office Visit->Office Visit | G25: Blood pressure finding (EHR); Blood pressure finding (EHR); Type 1 diabetes mellitus (EHR); Type 1 diabetes mellitus (EHR); | R25: insulin detemir (day 10, for 1158 days); insulin aspart, human (day 10, for 2252 days); insulin degludec (day 1164, for 72 days); insulin degludec (day 1270, for 0 days); insulin degludec (day 1316, for 319 days); insulin degludec (day 1667, for 164 days)
A26: Probable (Treatment Only) | B26: 1985010365 | C26: 72 | D26: Male | E26: -300 days - 1502 days | F26: Office Visit->Office Visit | G26: Blood pressure finding (EHR); Type 1 diabetes mellitus (EHR); | K26: insulin isophane (day -289, for 142 days); insulin, regular, human (day -287, for 0 days); insulin, regular, human (day -217, for 172 days); insulin isophane (day -72, for 29 days); insulin, regular, human (day -12, for 191 days); insulin isophane (day -1 | N26: Glucose measurement, blood (12.7 millimole per liter, day -12); | P26: Persistent microalbuminuria due to type 1 diabetes mellitus (day 1080); Type 1 diabetes mellitus (day 48, 517, 595) | R26: insulin isophane (day 96, for 29 days); insulin, regular, human (day 211, for 82 days); insulin isophane (day 211, for 29 days); insulin, regular, human (day 327, for 792 days); insulin isophane (day 327, for 29 days); insulin isophane (day 418, for 101 d
A27: Probable (Treatment Only) | B27: 2020510974 | C27: 55 | D27: Male | E27: -3204 days - 4530 days | F27: Office Visit->Office Visit | G27: Blood pressure finding (EHR); Type 1 diabetes mellitus (EHR); | H27: Essential hypertension (day -3113); Hyperlipidemia (day -2840, -2667, -2030, -1952, -1862, -1077, -894, -230); Insulin treated type 2 diabetes mellitus (day -3204); Obesity (day -2484); Type 2 diabetes mellitus (day -3204, -2675, -2303, -2041, -824, -467) | J27: Nonproliferative retinopathy due to diabetes mellitus (day -3070); Retinopathy due to diabetes mellitus (day -2484) | K27: metformin (day -3178, for 56 days); insulin, regular, human (day -3143, for 206 days); insulin isophane (day -3143, for 206 days); metformin (day -3086, for 104 days); metformin (day -2945, for 89 days); insulin aspart, human (day -2939, for 4424 days); i | P27: Type 1 diabetes mellitus (day 1198) | R27: metformin (day 115, for 54 days); metformin (day 205, for 138 days); metformin (day 391, for 371 days); metformin (day 822, for 116 days); metformin (day 981, for 57 days); metformin (day 1127, for 27 days); metformin (day 1198, for 27 days); metformin (d
A28: Probable (Treatment Only) | B28: 2520610627 | C28: 44 | D28: Female | E28: days - days | F28: Office Visit->Office Visit | G28: Blood pressure finding (EHR); Type 1 diabetes mellitus (EHR); | P28: Retinopathy due to diabetes mellitus (day 188); Type 1 diabetes mellitus (day 539) | R28: insulin aspart, human (day 82, for 0 days); insulin detemir (day 82, for 84 days); insulin aspart, human (day 367, for 44 days); insulin aspart, human (day 454, for 27 days); insulin detemir (day 454, for 27 days); insulin detemir (day 553, for 122 days);
A29: Probable (Treatment Only) | B29: 3954810544 | C29: 58 | D29: Male | E29: -2017 days - 3651 days | G29: Blood pressure finding (EHR); Finding of foot region (EHR); Type 1 diabetes mellitus (EHR); | H29: Calculus of pancreas (day -1068); Diabetes mellitus (day -581); Type 2 diabetes mellitus (day -1919, -581) | J29: Type 1 diabetes mellitus (day -581) | K29: glipizide (day -1596, for 124 days); glipizide (day -1410, for 27 days); glipizide (day -1305, for 96 days); glipizide (day -1165, for 55 days); glipizide (day -1065, for 55 days); insulin isophane (day -1023, for 27 days); insulin, regular, human (day -9 | N29: HbA1c measurement (DCCT aligned) (7.3 percent, day 0); | P29: Nonproliferative retinopathy due to diabetes mellitus (day 2692); Preproliferative retinopathy due to diabetes mellitus (day 3024); Retinopathy due to type 2 diabetes mellitus (day 2446) | R29: insulin isophane (day 39, for 27 days); insulin lispro (day 39, for 27 days); insulin isophane (day 472, for 132 days); insulin lispro (day 528, for 76 days); insulin lispro (day 781, for 27 days); insulin isophane (day 781, for 27 days); insulin glargine
A30: No | B30: 726710461 | C30: 47 | D30: Male | E30: -1428 days - 6734 days | F30: Office Visit->Office Visit | G30: Diabetes mellitus (EHR); Diabetes mellitus (EHR); Type 1 diabetes mellitus (EHR); Type 1 diabetes mellitus (EHR); | H30: Diabetes mellitus (day -1047) | K30: insulin, protamine zinc, beef (day -1422, for 27 days); insulin, protamine zinc, beef (day -1348, for 27 days); insulin, protamine zinc, beef (day -1264, for 27 days); insulin, protamine zinc, beef (day -1198, for 27 days); insulin, protamine zinc, beef ( | O30: Diabetes mellitus (day 0); Retinopathy due to diabetes mellitus (day 76) | P30: Proliferative retinopathy due to diabetes mellitus (day 3989, 4187, 4898); Retinopathy due to diabetes mellitus (day 76); Type 1 diabetes mellitus (day 3836, 3995, 4195, 4797, 5033, 5098, 5546) | R30: insulin, regular, human (day 315, for 460 days); insulin, regular, human (day 838, for 630 days); insulin, regular, human (day 1504, for 27 days); insulin isophane (day 1567, for 1167 days); insulin, regular, human (day 1567, for 1141 days); insulin, regu
A31: No | B31: 833410289 | C31: 24 | D31: Female | E31: -2491 days - 4727 days | F31: Office Visit->Office Visit | G31: Diabetes mellitus (EHR); Type 1 diabetes mellitus (EHR); | O31: Diabetes mellitus (day 0); Type 2 diabetes mellitus (day 1) | P31: Diabetic ketoacidosis (day 2350, 2965, 3454, 3982); Retinopathy due to diabetes mellitus (day 3925); Type 1 diabetes mellitus (day 1627, 3035) | R31: metformin (day 3, for 29 days); metformin (day 72, for 29 days); metformin (day 302, for 29 days); metformin (day 423, for 29 days); insulin, regular, human (day 436, for 27 days); insulin isophane (day 436, for 27 days); insulin isophane (day 519, for 27
A32: No | B32: 971510284 | C32: 60 | D32: Male | E32: -350 days - 4511 days | F32: Office Visit->Office Visit | G32: Diabetes mellitus (EHR); Type 1 diabetes mellitus (EHR); | O32: Diabetes mellitus (day 0) | P32: Neuropathy due to diabetes mellitus (day 2914) | R32: insulin, regular, human (day 989, for 27 days); insulin isophane (day 989, for 27 days); insulin isophane (day 1150, for 27 days); insulin, regular, human (day 1150, for 27 days); insulin isophane (day 1239, for 27 days); insulin, regular, human (day 1239
A33: No | B33: 1094310233 | C33: 4 | D33: Male | E33: -1374 days - 6593 days | F33: Office Visit->Office Visit | G33: Diabetes mellitus (EHR); Type 1 diabetes mellitus (EHR); | N33: Urine screening for glucose (day 0); | O33: Diabetes mellitus (day 0) | P33: Type 1 diabetes mellitus (day 4064) | R33: insulin, regular, human (day 4, for 541 days); insulin isophane (day 4, for 541 days); insulin isophane (day 710, for 27 days); insulin, regular, human (day 710, for 27 days); insulin isophane (day 770, for 118 days); insulin, regular, human (day 770, for
A34: No | B34: 38410333 | C34: 33 | D34: Female | E34: -157 days - 4631 days | F34: Office Visit->Office Visit | G34: Hyperlipidemia (EHR); Neuropathic arthropathy due to diabetes mellitus (EHR); Neuropathy due to diabetes mellitus (EHR); Retinopathy due to diabetes mellitus (EHR); Type 1 diabetes mellitus (EHR); | K34: insulin isophane (day -153, for 398 days); insulin lispro (day -153, for 230 days); | O34: Hyperlipidemia (day 0); Neuropathic arthropathy due to diabetes mellitus (day 0); Neuropathy due to diabetes mellitus (day 0); Retinopathy due to diabetes mellitus (day 0) | P34: Mixed diabetic ulcer - foot (day 3620); Neuropathic arthropathy due to diabetes mellitus (day 320); Retinopathy due to diabetes mellitus (day 327); Type 1 diabetes mellitus (day 722) | R34: metformin (day 112, for 3000 days); insulin lispro (day 126, for 119 days); insulin lispro (day 293, for 186 days); insulin isophane (day 340, for 139 days); insulin lispro (day 529, for 121 days); insulin glargine (day 529, for 121 days); insulin lispro
A35: Probable (Treatment Only) | B35: 3525210465 | C35: 56 | D35: Male | E35: -3534 days - 923 days | G35: Pain of knee region (EHR); Type 1 diabetes mellitus (EHR); | J35: Type 1 diabetes mellitus (day -1266) | K35: insulin, regular, human (day -1266, for 69 days); insulin isophane (day -1266, for 69 days); insulin isophane (day -883, for 27 days); insulin, regular, human (day -883, for 27 days); insulin isophane (day -758, for 27 days); insulin, regular, human (day | R35: insulin, regular, human (day 103, for 27 days); insulin isophane (day 103, for 27 days); insulin, regular, human (day 187, for 27 days); insulin isophane (day 187, for 27 days); insulin isophane (day 264, for 57 days); insulin, regular, human (day 264, fo
A36: Probable (Treatment Only) | B36: 2010394 | C36: 33 | D36: Male | E36: -1662 days - 3112 days | F36: Office Visit->Office Visit | G36: Type 1 diabetes mellitus (EHR); Type 1 diabetes mellitus (EHR); | K36: insulin isophane (day -1654, for 27 days); insulin, regular, human (day -1654, for 27 days); insulin, regular, human (day -1581, for 161 days); insulin isophane (day -1581, for 163 days); insulin isophane (day -1366, for 84 days); insulin, regular, human | P36: Disorder of eye due to type 1 diabetes mellitus (day 1141); Type 1 diabetes mellitus (day 105) | R36: insulin isophane (day 78, for 88 days); insulin, regular, human (day 78, for 88 days); insulin, regular, human (day 212, for 27 days); insulin isophane (day 212, for 27 days); insulin, regular, human (day 279, for 257 days); insulin isophane (day 279, for
A37: Probable (Treatment Only) | B37: 62910668 | C37: 59 | D37: Male | E37: -3237 days - 2951 days | F37: Office Visit->Office Visit | G37: Type 1 diabetes mellitus (EHR); | H37: Essential hypertension (day -2509) | N37: HbA1c measurement (DCCT aligned) (11 percent, day 0); HbA1c measurement (DCCT aligned) (97 millimole per mole, day 0); | P37: Type 1 diabetes mellitus (day 392, 803) | R37: insulin glargine (day 66, for 27 days); insulin aspart, human (day 66, for 27 days); insulin aspart, human (day 158, for 0 days); insulin glargine (day 180, for 0 days); insulin aspart, human (day 223, for 0 days); insulin aspart, human (day 279, for 0 da
A38: Probable (Treatment Only) | B38: 75310568 | C38: 54 | D38: Female | E38: -871 days - 493 days | F38: Office Visit | G38: Type 1 diabetes mellitus (EHR); | H38: Diabetes mellitus (day -222) | J38: Skin ulcer due to diabetes mellitus (day -222) | K38: metformin (day -639, for 439 days); insulin, regular, human (day -220, for 182 days); | N38: HbA1c measurement (DCCT aligned) (0 , day 27); | R38: metformin (day 2, for 68 days); insulin, regular, human (day 8, for 126 days); metformin (day 111, for 27 days); insulin, regular, human (day 219, for 274 days); insulin isophane (day 250, for 27 days); insulin isophane (day 393, for 27 days);
A39: No | B39: 120310166 | C39: 33 | D39: Female | E39: -5336 days - 3561 days | F39: Office Visit | G39: Type 1 diabetes mellitus (EHR); | H39: Diabetes mellitus (day -3540); Family history of diabetes mellitus (day -3214, -1877) | J39: Disorder of right macula due to diabetes mellitus (day -484); Nonproliferative retinopathy due to diabetes mellitus (day -2041); Nonproliferative retinopathy of left eye due to diabetes mellitus (day -484); Nonproliferative retinopathy of right eye due to | K39: insulin, regular, human (day -5335, for 122 days); insulin isophane (day -5333, for 95 days); insulin lispro (day -5214, for 1975 days); insulin isophane (day -5185, for 1666 days); insulin glargine (day -3540, for 299 days); insulin lispro (day -3106, fo | O39: Disorder of right macula due to diabetes mellitus (day 20); Nonproliferative retinopathy of left eye due to diabetes mellitus (day 20); Nonproliferative retinopathy of right eye due to diabetes mellitus (day 20) | P39: Disorder of right macula due to diabetes mellitus (day 20); Nonproliferative retinopathy of left eye due to diabetes mellitus (day 20, 601, 975, 1507, 1885, 2947, 3437); Nonproliferative retinopathy of right eye due to diabetes mellitus (day 20, 975, 1507 | R39: insulin lispro (day 38, for 4 days); insulin lispro (day 94, for 4 days); insulin detemir (day 94, for 0 days); insulin detemir (day 146, for 0 days); insulin lispro (day 146, for 4 days); insulin lispro (day 225, for 27 days); insulin detemir (day 248, f
A40: Probable (Treatment Only) | B40: 319810053 | C40: 13 | D40: Male | E40: -1520 days - 2785 days | F40: Office Visit->Office Visit | G40: Type 1 diabetes mellitus (EHR); Type 1 diabetes mellitus (EHR); | N40: Glucose measurement, blood (31.1 millimole per liter, abnormal - high, day 0); Urine screening for glucose (day 0); HbA1c measurement (DCCT aligned) (10.1 international unit per liter, abnormal - high, day 3); | P40: Diabetic ketoacidosis (day 2134); Type 1 diabetes mellitus (day 1666) | R40: insulin isophane (day 4, for 628 days); insulin, regular, human (day 4, for 628 days); insulin isophane (day 665, for 583 days); insulin, regular, human (day 665, for 583 days); insulin aspart, human (day 1159, for 61 days); insulin glargine (day 1159, fo
A41: Probable (Treatment Only) | B41: 341210634 | C41: 17 | D41: Male | E41: -187 days - 8514 days | F41: Office Visit | G41: Type 1 diabetes mellitus (EHR); | K41: insulin, regular, human (day -179, for 62 days); insulin, regular, human (day -84, for 27 days); | P41: Nonproliferative retinopathy of left eye due to diabetes mellitus (day 7427, 7827); Nonproliferative retinopathy of right eye due to diabetes mellitus (day 7434, 7827) | R41: insulin, regular, human (day 0, for 27 days); insulin, regular, human (day 66, for 27 days); insulin, regular, human (day 128, for 181 days); insulin isophane (day 240, for 27 days); insulin, regular, human (day 351, for 139 days); insulin, regular, human
A42: Probable (Treatment Only) | B42: 362110891 | C42: 40 | D42: Male | E42: -1928 days - 7690 days | G42: Type 1 diabetes mellitus (EHR); | H42: Type 2 diabetes mellitus without complication (day -1775, -666) | J42: Type 1 diabetes mellitus without complication (day -1787) | K42: insulin, regular, human (day -1775, for 29 days); insulin isophane (day -1676, for 84 days); insulin isophane (day -1547, for 192 days); insulin isophane (day -1313, for 125 days); insulin isophane (day -1116, for 433 days); insulin isophane (day -640, fo | P42: Nonproliferative retinopathy of left eye due to diabetes mellitus (day 5528, 6958); Nonproliferative retinopathy of right eye due to diabetes mellitus (day 5528, 6958); Proliferative retinopathy due to diabetes mellitus (day 2254); Type 1 diabetes mellitu | R42: insulin isophane (day 766, for 561 days); insulin isophane (day 1368, for 437 days); insulin isophane (day 1852, for 111 days); insulin isophane (day 2014, for 224 days); insulin isophane (day 2275, for 55 days); insulin isophane (day 2391, for 120 days);
A43: No | B43: 370010311 | C43: 79 | D43: Male | E43: -549 days - 605 days | F43: Office Visit | G43: Type 1 diabetes mellitus (EHR); | K43: insulin, regular, human (day -505, for 1058 days); insulin isophane (day -505, for 1058 days);
A44: Probable (Treatment Only) | B44: 461910966 | C44: 31 | D44: Male | E44: -10893 days - 2316 days | F44: Office Visit | G44: Type 1 diabetes mellitus (EHR); | R44: insulin lispro protamine, human (day 0, for 0 days); insulin lispro (day 0, for 0 days); insulin degludec (day 52, for 28 days); insulin aspart, human (day 52, for 28 days); insulin aspart, human (day 111, for 0 days); insulin degludec (day 111, for 0 day
A45: No | B45: 515410701 | C45: 58 | D45: Female | E45: -59 days - 6072 days | F45: Office Visit | G45: Type 1 diabetes mellitus (EHR); Type 2 diabetes mellitus (EHR); | K45: insulin isophane (day -32, for 335 days); | O45: Type 2 diabetes mellitus (day 0) | P45: Nonproliferative retinopathy of right eye due to diabetes mellitus (day 2733); Preproliferative retinopathy of left eye due to diabetes mellitus (day 2847); Preproliferative retinopathy of right eye due to diabetes mellitus (day 2847) | R45: insulin isophane (day 335, for 340 days); insulin glargine (day 662, for 43 days); insulin aspart protamine, human (day 690, for 1248 days); insulin aspart, human (day 690, for 1248 days); metformin (day 721, for 761 days); metformin (day 1516, for 409 da
A46: No | B46: 603810956 | C46: 18 | D46: Female | E46: -1360 days - 114 days | F46: Office Visit | G46: Type 1 diabetes mellitus (EHR); | K46: insulin, regular, human (day -722, for 29 days); insulin isophane (day -722, for 27 days);
A47: Probable (Treatment Only) | B47: 689210365 | C47: 71 | D47: Male | E47: -616 days - 4781 days | F47: Office Visit->Office Visit | G47: Type 1 diabetes mellitus (EHR); Type 1 diabetes mellitus (EHR); | H47: Type 2 diabetes mellitus (day -275) | K47: metformin (day -535, for 27 days); metformin (day -468, for 27 days); metformin (day -401, for 27 days); metformin (day -343, for 27 days); metformin (day -275, for 27 days); metformin (day -147, for 80 days); rosiglitazone (day -52, for 52 days); metform | N47: Glucose measurement, blood (13.3 millimole per liter, abnormal - high, day -8); HbA1c measurement (DCCT aligned) (10.6 percent, day -7); | P47: Neuropathic arthropathy due to diabetes mellitus (day 2801); Retinopathy due to diabetes mellitus (day 1747, 2909); Type 1 diabetes mellitus (day 116, 174) | R47: insulin isophane (day 0, for 29 days); insulin, regular, human (day 25, for 27 days); insulin, regular, human (day 118, for 83 days); insulin isophane (day 121, for 29 days); insulin isophane (day 263, for 29 days); insulin isophane (day 370, for 29 days)
A48: Probable (Treatment Only) | B48: 726310128 | C48: 17 | D48: Female | E48: -2750 days - 3041 days | F48: Office Visit | G48: Type 1 diabetes mellitus (EHR); | N48: Glucose measurement, blood (33.2 millimole per liter, day 0); | R48: insulin detemir (day 7, for 0 days); insulin aspart, human (day 7, for 0 days); insulin aspart, human (day 41, for 0 days); insulin detemir (day 41, for 0 days); insulin detemir (day 154, for 22 days); insulin aspart, human (day 154, for 22 days); insulin
A49: Probable (Treatment Only) | B49: 740710960 | C49: 12 | D49: Female | E49: -4109 days - 3892 days | F49: Office Visit | G49: Type 1 diabetes mellitus (EHR); | N49: HbA1c measurement (DCCT aligned) (102 millimole per mole, day 0); | P49: Nonproliferative retinopathy of left eye due to diabetes mellitus (day 1909, 2798, 3771) | R49: insulin detemir (day 7, for 29 days); insulin aspart, human (day 7, for 27 days); insulin glargine (day 64, for 0 days); insulin aspart, human (day 75, for 27 days); insulin glargine (day 103, for 0 days); insulin aspart, human (day 135, for 548 days); in
A50: Probable (Treatment Only) | B50: 741610129 | C50: 24 | D50: Male | E50: -269 days - 3335 days | F50: Office Visit | G50: Type 1 diabetes mellitus (EHR); | H50: Diabetes mellitus (day -269) | K50: insulin lispro (day -259, for 922 days); insulin lispro protamine, human (day -259, for 922 days); | N50: HbA1c measurement (DCCT aligned) (14 percent, abnormal - high, day -17); | P50: Ketoacidosis due to type 1 diabetes mellitus (day 372); Proliferative retinopathy of right eye with diabetes mellitus (day 1331) | R50: insulin lispro (day 714, for 363 days); insulin lispro protamine, human (day 714, for 363 days); insulin lispro protamine, human (day 1127, for 95 days); insulin lispro (day 1127, for 95 days); insulin lispro (day 1266, for 342 days); insulin lispro prota
A51: No | B51: 795410971 | C51: 2 | D51: Female | E51: -721 days - 3490 days | F51: Office Visit | G51: Type 1 diabetes mellitus (EHR); | N51: HbA1c measurement (DCCT aligned) (31 millimole per mole, day 0);
A52: Probable (Treatment Only) | B52: 818210372 | C52: 57 | D52: Male | E52: -844 days - 6331 days | F52: Office Visit | G52: Type 1 diabetes mellitus (EHR); | K52: insulin isophane (day -690, for 24 days); insulin, regular, pork (day -690, for 24 days); insulin, regular, pork (day -598, for 24 days); insulin isophane (day -598, for 24 days); insulin, regular, human (day -514, for 27 days); insulin, regular, pork (da | N52: Urine dipstick for glucose (Nil, day 1); | R52: insulin isophane (day 15, for 24 days); insulin, regular, pork (day 15, for 24 days); insulin, regular, pork (day 127, for 24 days); insulin isophane (day 127, for 24 days); insulin, regular, pork (day 282, for 24 days); insulin isophane (day 282, for 24
A53: Probable (Treatment Only) | B53: 826210737 | C53: 3 | D53: Female | E53: -1045 days - 1862 days | F53: Office Visit | G53: Type 1 diabetes mellitus (EHR); | R53: insulin, regular, human (day 53, for 2 days); insulin isophane (day 53, for 2 days); insulin aspart, human (day 83, for 27 days); insulin detemir (day 159, for 41 days); insulin aspart, human (day 173, for 27 days); insulin, regular, human (day 246, for 2
A54: No | B54: 870510178 | C54: 60 | D54: Male | E54: -109 days - 9765 days | F54: Office Visit->Office Visit | G54: Type 1 diabetes mellitus (EHR); | O54: Diabetes mellitus (day 74) | P54: Nonproliferative retinopathy of right eye due to diabetes mellitus (day 9193); Type 1 diabetes mellitus (day 2279, 8866) | R54: insulin, regular, human (day 74, for 29 days); insulin isophane (day 74, for 27 days); insulin isophane (day 176, for 27 days); insulin, regular, human (day 176, for 29 days); insulin, regular, human (day 312, for 29 days); insulin isophane (day 312, for
A55: Probable (Treatment Only) | B55: 888710791 | C55: 12 | D55: Female | E55: -4300 days - 2667 days | F55: Office Visit->Office Visit | G55: Type 1 diabetes mellitus (EHR); | N55: HbA1c measurement (DCCT aligned) (100 millimole per mole, day 0); | R55: insulin detemir (day 2, for 27 days); insulin aspart, human (day 2, for 27 days); insulin aspart, human (day 61, for 815 days); insulin detemir (day 96, for 450 days); insulin detemir (day 610, for 266 days); insulin aspart, human (day 929, for 1742 days)
A56: No | B56: 932610840 | C56: 13 | D56: Female | E56: -2926 days - 3431 days | F56: Office Visit | G56: Type 1 diabetes mellitus (EHR); | H56: Steroid-induced diabetes (day -64) | N56: HbA1c measurement (DCCT aligned) (30 millimole per mole, day 21); | O56: Steroid-induced diabetes (day -64) | R56: insulin detemir (day 0, for 27 days); insulin aspart, human (day 0, for 27 days);
A57: Probable (Treatment Only) | B57: 954410764 | C57: 19 | D57: Female | E57: -3400 days - 4459 days | F57: Office Visit->Office Visit | G57: Type 1 diabetes mellitus (EHR); | N57: Glucose measurement, blood (14.3 millimole per liter, abnormal - high, day -1); HbA1c measurement (DCCT aligned) (14.8 percent, abnormal - high, day -1); HbA1c measurement (DCCT aligned) (0 , day -1); HbA1c measurement (DCCT aligned) (10.6 , day 1); | R57: insulin detemir (day 0, for 64 days); insulin aspart, human (day 0, for 37 days); insulin aspart, human (day 70, for 14 days); insulin aspart, human (day 128, for 21 days); insulin detemir (day 128, for 273 days); insulin aspart, human (day 181, for 0 day
A58: Probable (Treatment Only) | B58: 959010761 | C58: 9 | D58: Female | E58: -3233 days - 5447 days | F58: Office Visit | G58: Type 1 diabetes mellitus (EHR); | H58: Candidiasis of mouth (day -2750) | P58: Ketoacidosis due to type 1 diabetes mellitus (day 3149); Nonproliferative retinopathy of left eye due to diabetes mellitus (day 1262, 1968, 4751, 4852); Nonproliferative retinopathy of right eye due to diabetes mellitus (day 4299, 4751, 4852) | R58: insulin isophane (day 5, for 97 days); insulin aspart, human (day 5, for 0 days); insulin, regular, human (day 5, for 97 days); insulin detemir (day 5, for 21 days); insulin detemir (day 92, for 28 days); insulin aspart, human (day 93, for 27 days); insul
A59: No | B59: 1084310679 | C59: 14 | D59: Male | E59: -3543 days - 3451 days | F59: Office Visit | G59: Type 1 diabetes mellitus (EHR); | O59: Subcapsular cataract (day 48) | R59: insulin detemir (day 13, for 0 days); insulin aspart, human (day 13, for 3428 days); insulin detemir (day 67, for 0 days); insulin detemir (day 132, for 0 days); insulin detemir (day 173, for 0 days); insulin detemir (day 237, for 0 days); insulin detemir
A60: Probable (Treatment Only) | B60: 1084510775 | C60: 14 | D60: Female | E60: -810 days - 5711 days | F60: Office Visit | G60: Type 1 diabetes mellitus (EHR); | H60: Diabetes mellitus (day -807) | K60: insulin isophane (day -795, for 121 days); insulin, regular, human (day -795, for 121 days); insulin, regular, human (day -639, for 29 days); insulin isophane (day -639, for 29 days); insulin, regular, human (day -568, for 29 days); insulin isophane (day | N60: HbA1c measurement (DCCT aligned) (9.5 , day -18); | P60: Disorder of left macula due to diabetes mellitus (day 3076); Disorder of right macula due to diabetes mellitus (day 4175); Nonproliferative retinopathy of left eye due to diabetes mellitus (day 3076, 3245, 4175); Nonproliferative retinopathy of right eye | R60: insulin, regular, human (day 3, for 29 days); insulin aspart, human (day 3, for 27 days); insulin isophane (day 3, for 29 days); insulin aspart, human (day 73, for 93 days); insulin isophane (day 73, for 95 days); insulin, regular, human (day 73, for 95 d
A61: Probable (Treatment Only) | B61: 1086910999 | C61: 27 | D61: Male | E61: -6397 days - 478 days | F61: Office Visit | G61: Type 1 diabetes mellitus (EHR); | N61: Glucose measurement, blood (17.5 millimole per liter, abnormal - high, day -2); HbA1c measurement (DCCT aligned) (127 millimole per mole, abnormal - high, day -2); HbA1c measurement (DCCT aligned) (day -2); Glucose measurement, blood (day -2); | R61: insulin aspart, human (day 7, for 20 days); insulin degludec (day 7, for 20 days); insulin aspart, human (day 96, for 0 days); insulin degludec (day 96, for 0 days); insulin aspart, human (day 166, for 30 days); insulin degludec (day 195, for 0 days); ins
A62: Probable (Treatment Only) | B62: 1377210629 | C62: 50 | D62: Female | E62: -364 days - 824 days | F62: Office Visit | G62: Type 1 diabetes mellitus (EHR); | H62: Family history of diabetes mellitus (day -358) | N62: Glucose measurement, blood (15 millimole per liter, day -9); HbA1c measurement (DCCT aligned) (10.9 percent, day 7); | R62: insulin aspart, human (day 0, for 0 days); insulin aspart protamine, human (day 0, for 0 days); insulin aspart protamine, human (day 140, for 11 days); insulin aspart, human (day 140, for 11 days); insulin aspart, human (day 195, for 0 days); insulin aspa
A63: Probable (Treatment Only) | B63: 1559910397 | C63: 13 | D63: Male | E63: -1271 days - 1814 days | F63: Office Visit->Office Visit | G63: Type 1 diabetes mellitus (EHR); | K63: insulin aspart, human (day -6, for 27 days); insulin isophane (day -6, for 46 days); insulin, regular, human (day -6, for 46 days); | N63: Glucose measurement, blood (18.4 millimole per liter, day -11); | P63: Type 1 diabetes mellitus (day 409) | R63: insulin aspart, human (day 101, for 27 days); insulin aspart protamine, human (day 101, for 27 days); insulin aspart, human (day 164, for 72 days); insulin aspart protamine, human (day 164, for 72 days); insulin lispro protamine, human (day 245, for 105 d
A64: Probable (Treatment Only) | B64: 1602410226 | C64: 27 | D64: Female | E64: -76 days - 421 days | F64: Office Visit | G64: Type 1 diabetes mellitus (EHR); | K64: insulin aspart, human (day -63, for 380 days); insulin isophane (day -63, for 182 days); | N64: HbA1c measurement (DCCT aligned) (8.6 percent, day -12); HbA1c measurement (DCCT aligned) (71 millimole per mole, day -12); | R64: insulin glargine (day 109, for 0 days); insulin glargine (day 141, for 27 days); insulin glargine (day 207, for 0 days); insulin glargine (day 245, for 25 days); insulin aspart, human (day 354, for 69 days); insulin glargine (day 354, for 0 days);
A65: Probable (Treatment Only) | B65: 1620610573 | C65: 63 | D65: Female | E65: -946 days - 477 days | F65: Office Visit | G65: Type 1 diabetes mellitus (EHR); | H65: Bilateral cataracts (day -896); Diabetes mellitus (day -919) | K65: insulin isophane (day -490, for 54 days); insulin isophane (day -362, for 68 days); insulin isophane (day -247, for 27 days); insulin isophane (day -163, for 27 days); | R65: insulin isophane (day 47, for 82 days); insulin isophane (day 246, for 27 days); insulin isophane (day 335, for 7 days); insulin isophane (day 415, for 87 days);
A66: Probable (Treatment Only) | B66: 1675410922 | C66: 31 | D66: Male | E66: -2528 days - 653 days | F66: Office Visit | G66: Type 1 diabetes mellitus (EHR); | N66: HbA1c measurement (DCCT aligned) (89 millimole per mole, abnormal - high, day 14); Glucose measurement, blood (19.6 millimole per liter, day 14); Glucose measurement, blood (20.9 millimole per liter, abnormal - high, day 14); Glucose measurement, blood (d | R66: insulin detemir (day 14, for 35 days); insulin aspart, human (day 19, for 27 days); metformin (day 22, for 27 days); insulin aspart, human (day 90, for 0 days); insulin degludec (day 90, for 0 days); insulin degludec (day 131, for 0 days); insulin aspart,
A67: No | B67: 1759410412 | C67: 68 | D67: Female | E67: -36 days - 1386 days | F67: Office Visit | G67: Type 1 diabetes mellitus (EHR); | H67: Ketoacidosis (day -35) | O67: Ketoacidosis (day -35) | P67: Disorder of macula due to diabetes mellitus (day 879); Disorder of nervous system due to diabetes mellitus (day 125); Peripheral vascular disorder due to diabetes mellitus (day 125) | R67: insulin aspart, human (day 0, for 29 days); insulin glargine (day 65, for 51 days); insulin aspart, human (day 65, for 51 days); insulin aspart, human (day 174, for 27 days); insulin glargine (day 174, for 27 days); insulin glargine (day 250, for 27 days)
A68: Probable (Treatment Only) | B68: 1833510766 | C68: 4 | D68: Female | E68: -1405 days - 5656 days | F68: Office Visit | G68: Type 1 diabetes mellitus (EHR); | N68: HbA1c measurement (DCCT aligned) (9.7 , day -1); | P68: Ketoacidosis due to type 1 diabetes mellitus (day 4718) | R68: insulin, regular, human (day 2, for 28 days); insulin isophane (day 2, for 28 days); insulin lispro (day 58, for 27 days); insulin isophane (day 75, for 27 days); insulin, regular, human (day 75, for 27 days); insulin, regular, human (day 191, for 133 day
A69: Probable (Treatment Only) | B69: 2079410115 | C69: 48 | D69: Female | E69: -6 days - 554 days | F69: Office Visit->Office Visit | G69: Type 1 diabetes mellitus (EHR); Type 1 diabetes mellitus (EHR); | N69: HbA1c measurement (DCCT aligned) (63 millimole per mole, day 30); | P69: Type 1 diabetes mellitus (day 161, 196, 275, 336, 497) | R69: insulin aspart, human (day 6, for 0 days); insulin degludec (day 6, for 0 days); insulin aspart, human (day 75, for 0 days); insulin degludec (day 75, for 0 days); insulin degludec (day 142, for 0 days); insulin aspart, human (day 142, for 0 days); insuli
A70: Probable (Treatment Only) | B70: 2134710591 | C70: 41 | D70: Female | E70: -2335 days - 2494 days | F70: Office Visit | G70: Type 1 diabetes mellitus (EHR); | H70: Family history of diabetes mellitus (day -2328) | R70: insulin lispro (day 0, for 0 days); insulin lispro (day 53, for 0 days); metformin (day 53, for 104 days); insulin lispro (day 102, for 0 days); metformin (day 223, for 55 days); insulin lispro (day 223, for 19 days); insulin lispro (day 311, for 0 days);
A71: Probable (Treatment Only) | B71: 2335110194 | C71: 56 | D71: Male | E71: -1133 days - 5348 days | F71: Office Visit->Office Visit | G71: Type 1 diabetes mellitus (EHR); | H71: Diabetes mellitus (day -1125); Type 2 diabetes mellitus (day -1125, -726) | J71: Neuropathy due to diabetes mellitus (day -169); Retinopathy due to diabetes mellitus (day -978, -414) | K71: metformin (day -1125, for 817 days); glyburide (day -1125, for 232 days); glyburide (day -847, for 342 days); metformin (day -260, for 1353 days); acarbose (day -85, for 845 days); | N71: HbA1c measurement (DCCT aligned) (10.2 percent, abnormal - high, day -11); Glucose measurement, blood (12.3 millimole per liter, day -11); | P71: Disorder of right macula due to diabetes mellitus (day 4250); Neuropathy due to diabetes mellitus (day 532, 3377); Nonproliferative retinopathy of left eye due to diabetes mellitus (day 3762); Nonproliferative retinopathy of right eye due to diabetes mell | R71: insulin isophane (day 0, for 42 days); insulin isophane (day 94, for 67 days); insulin isophane (day 204, for 258 days); insulin isophane (day 497, for 590 days); acarbose (day 806, for 91 days); acarbose (day 933, for 162 days); metformin (day 1136, for
A72: No | B72: 2482010040 | C72: 39 | D72: Male | E72: -25 days - 235 days | F72: Office Visit | G72: Type 1 diabetes mellitus (EHR); | H72: Diabetes mellitus (day -3); Family history of diabetes mellitus (day -3) | K72: insulin aspart, human (day -10, for 28 days); insulin glargine (day -10, for 55 days); | N72: Urine screening for glucose (day -14); Urine screening for glucose (day -11); Serum fasting glucose measurement (11.5 millimole per liter, abnormal - high, day -6); | O72: Diabetes mellitus (day -3) | R72: insulin glargine (day 147, for 27 days);
A73: Probable (Treatment Only) | B73: 2489610789 | C73: 21 | D73: Female | E73: -166 days - 589 days | F73: Office Visit->Office Visit | G73: Type 1 diabetes mellitus (EHR); | P73: Type 1 diabetes mellitus (day 243) | R73: insulin detemir (day 370, for 37 days); insulin lispro (day 425, for 0 days); insulin detemir (day 474, for 27 days); insulin lispro (day 474, for 0 days); insulin lispro (day 565, for 27 days);
A74: No | B74: 2615910492 | C74: 29 | D74: Male | E74: -3 days - 1341 days | F74: Office Visit | G74: Type 1 diabetes mellitus (EHR); | O74: Nonproliferative retinopathy due to diabetes mellitus (day 17) | P74: Disorder of left macula due to diabetes mellitus (day 1212); Disorder of right macula due to diabetes mellitus (day 291, 1212); Nonproliferative retinopathy due to diabetes mellitus (day 17, 540); Nonproliferative retinopathy of left eye due to diabetes m | R74: insulin aspart, human (day 0, for 0 days); insulin glargine (day 0, for 0 days); insulin aspart, human (day 78, for 0 days); insulin glargine (day 78, for 0 days); insulin aspart, human (day 133, for 0 days); insulin aspart, human (day 231, for 0 days); i
A75: Probable (Treatment Only) | B75: 2723810058 | C75: 72 | D75: Male | E75: -3744 days - 696 days | F75: Office Visit | G75: Type 1 diabetes mellitus (EHR); | H75: Cataract (day -543); Diabetes mellitus (day -3729, -3675, -3640, -3605, -3479, -3256); Family history of diabetes mellitus (day -3736, -158); Type 2 diabetes mellitus (day -3736) | J75: Disorder of macula due to diabetes mellitus (day -2651); Neuropathy due to diabetes mellitus (day -3729); Preproliferative retinopathy due to diabetes mellitus (day -543) | K75: glipizide (day -3729, for 83 days); metformin (day -3729, for 81 days); glimepiride (day -3675, for 509 days); insulin isophane (day -3632, for 123 days); metformin (day -3606, for 440 days); insulin isophane (day -3442, for 27 days); insulin isophane (da | R75: insulin detemir (day 36, for 27 days); insulin glargine (day 57, for 0 days); insulin glargine (day 93, for 81 days); insulin glargine (day 205, for 28 days); insulin glargine (day 266, for 297 days); insulin glargine (day 596, for 82 days);
A76: Probable (Treatment Only) | B76: 2850010979 | C76: 2 | D76: Male | E76: -630 days - 2283 days | F76: Office Visit | G76: Type 1 diabetes mellitus (EHR); | N76: HbA1c measurement (DCCT aligned) (70 millimole per mole, day 27); | R76: insulin detemir (day 12, for 0 days); insulin aspart, human (day 12, for 1 days); insulin detemir (day 55, for 0 days); insulin aspart, human (day 55, for 1 days); insulin aspart, human (day 97, for 1 days); insulin detemir (day 97, for 0 days); insulin a
A77: Probable (Treatment Only) | B77: 2946010373 | C77: 31 | D77: Male | E77: -85 days - 2316 days | F77: Office Visit->Office Visit | G77: Type 1 diabetes mellitus (EHR); | K77: insulin glargine (day -36, for 0 days); insulin aspart, human (day -36, for 0 days); | P77: Proliferative retinopathy of left eye due to diabetes mellitus (day 1343); Retinopathy due to type 1 diabetes mellitus (day 1496); Type 1 diabetes mellitus (day 750) | R77: insulin aspart, human (day 17, for 0 days); insulin glargine (day 17, for 0 days); insulin aspart, human (day 80, for 0 days); insulin glargine (day 80, for 0 days); insulin glargine (day 182, for 0 days); insulin aspart, human (day 182, for 0 days); insu
A78: Probable (Treatment Only) | B78: 3181110734 | C78: 21 | D78: Male | E78: -1 days - 115 days | F78: Office Visit | G78: Type 1 diabetes mellitus (EHR); | R78: insulin aspart, human (day 0, for 123 days);
A79: Probable (Treatment Only) | B79: 3212210166 | C79: 39 | D79: Male | E79: -11 days - 1130 days | F79: Office Visit | G79: Type 1 diabetes mellitus (EHR); | P79: Diabetic ketoacidosis (day 741) | R79: insulin aspart, human (day 35, for 763 days); insulin glargine (day 780, for 0 days); insulin glargine (day 848, for 0 days); insulin aspart, human (day 848, for 0 days); insulin aspart, human (day 911, for 0 days); insulin glargine (day 911, for 0 days);
A80: No | B80: 3266510164 | C80: 60 | D80: Male | E80: -42 days - 4337 days | F80: Office Visit | G80: Type 1 diabetes mellitus (EHR); | H80: Diabetes mellitus (day -38) | K80: insulin glargine (day -10, for 82 days); insulin lispro (day -10, for 108 days); | N80: Glucose measurement, blood (4.8 millimole per liter, day -7); HbA1c measurement (DCCT aligned) (8.8 percent, day -7); | O80: Diabetes mellitus (day -38) | P80: Disorder of macula due to diabetes mellitus (day 1708, 3890); Nonproliferative retinopathy due to diabetes mellitus (day 1782, 2755) | R80: insulin lispro (day 137, for 65 days); insulin glargine (day 137, for 65 days); insulin lispro (day 255, for 360 days); insulin glargine (day 326, for 27 days); insulin glargine (day 457, for 77 days); insulin lispro (day 651, for 349 days); insulin glarg
A81: Probable (Treatment Only) | B81: 3354710424 | C81: 24 | D81: Male | E81: -26 days - 456 days | F81: Office Visit->Office Visit | G81: Type 1 diabetes mellitus (EHR); | P81: Type 1 diabetes mellitus (day 100) | R81: insulin glargine (day 4, for 52 days); insulin aspart, human (day 4, for 52 days); insulin aspart, human (day 189, for 0 days); insulin glargine (day 189, for 0 days); insulin glargine (day 309, for 0 days); insulin aspart, human (day 309, for 0 days); in
A82: Probable (Treatment Only) | B82: 9461110544 | C82: 3 | D82: Female | E82: -71 days - 860 days | F82: Office Visit | G82: Type 1 diabetes mellitus (EHR); | R82: insulin, regular, human (day 0, for 27 days); insulin isophane (day 0, for 27 days); insulin, regular, human (day 64, for 172 days); insulin isophane (day 64, for 172 days); insulin aspart, human (day 211, for 27 days); insulin, regular, human (day 316, f

Sheet Copilot 4o-Table
A3: Row Labels | B3: Count of Adjudication (Choose One from Drop Down)
A4: No | B4: 21
A5: Probable (Treatment Only) | B5: 60
A6: Grand Total | B6: 81

Sheet Copilot 5o
A1: Adjudication (Choose One from Drop Down) | B1: personId | C1: age | D1: gender | E1: observationPeriod | F1: visitContext | G1: presentation (day 0) | H1: comorbidities (day 0) | I1: symptoms (day 0) | J1: priorDisease (before day 0) | K1: priorDrugs (before day 0) | L1: priorTreatmentProcedures (before day 0) | M1: diagnosticProcedures (before and after day 0) | N1: measurements (before and after day 0) | O1: alternativeDiagnosis (after day 0) | P1: afterDisease (after day 0) | Q1: afterTreatmentProcedures (after day 0) | R1: afterDrugs (after day 0) | S1: death
A2: Probable (Treatment Only) | B2: 7810823 | C2: 53 | D2: Female | E2: -2979 days - 4196 days | F2: Office Visit->Office Visit | G2: 10g monofilament sensation L foot normal (EHR); 10g monofilament sensation R foot normal (EHR); All pulses present in left foot (EHR); All pulses present in left lower limb (EHR); All pulses present in right foot (EHR); All pulses present in right lower l | J2: Proliferative retinopathy due to diabetes mellitus (day -458); Severe nonproliferative retinopathy due to diabetes mellitus (day -2234) | K2: insulin isophane (day -2864, for 55 days); insulin, regular, human (day -2864, for 55 days); insulin, regular, human (day -2775, for 149 days); insulin isophane (day -2775, for 149 days); insulin, regular, human (day -2568, for 55 days); insulin isophane | N2: HbA1c measurement (DCCT aligned) (82 millimole per mole, day 0); | P2: Nonproliferative retinopathy of left eye due to diabetes mellitus (day 818, 1161); Nonproliferative retinopathy of right eye due to diabetes mellitus (day 182, 818); Preproliferative retinopathy of left eye due to diabetes mellitus (day 1651); Proliferati | R2: insulin isophane (day 61, for 27 days); insulin, regular, human (day 61, for 55 days); insulin isophane (day 151, for 27 days); insulin, regular, human (day 151, for 55 days); insulin isophane (day 221, for 69 days); insulin, regular, human (day 263, for
A3: Case (Symptom+Treatment) | B3: 2352010389 | C3: 20 | D3: Male | E3: -85 days - 166 days | G3: Acquired deviated nasal septum (EHR); All pulses present in left lower limb (EHR); All pulses present in right lower limb (EHR); Blood pressure finding (EHR); Finding of foot region (EHR); Normal tactile sensation (EHR); Temporomandibular joint disorder ( | H3: Family history of diabetes mellitus (day -85) | J3: Type 1 diabetes mellitus (day -69) | N3: Glucose measurement, blood (6.4 millimole per liter, abnormal - high, day -17); HbA1c measurement (DCCT aligned) (58 millimole per mole, day -17); | R3: insulin aspart, human (day 89, for 11 days); insulin glargine (day 89, for 27 days);
A4: Case (Symptom+Treatment) | B4: 244010017 | C4: 17 | D4: Female | E4: -2281 days - 4538 days | G4: Acute upper respiratory infection (EHR); Acute upper respiratory infection (EHR); Type 1 diabetes mellitus (EHR); Type 1 diabetes mellitus (EHR); | J4: Type 1 diabetes mellitus (day -38) | K4: insulin, regular, human (day -32, for 408 days); insulin lispro (day -32, for 27 days); insulin isophane (day -32, for 408 days); | P4: Ketoacidotic coma due to type 1 diabetes mellitus (day 1871); Type 1 diabetes mellitus (day 66) | R4: insulin lispro (day 125, for 27 days); insulin, regular, human (day 413, for 107 days); insulin isophane (day 413, for 107 days); insulin lispro (day 447, for 27 days); insulin isophane (day 583, for 27 days); insulin, regular, human (day 583, for 27 days
A5: Case (Symptom+Treatment) | B5: 5359010662 | C5: 51 | D5: Male | E5: -2 days - 854 days | F5: Office Visit | G5: Alcohol dependence (EHR); Alcoholic cirrhosis (EHR); Asthma (EHR); Epilepsy (EHR); Glaucoma (EHR); Retinal detachment (EHR); Traumatic or nontraumatic brain injury (EHR); Type 1 diabetes mellitus (EHR); | N5: HbA1c measurement (DCCT aligned) (84 millimole per mole, abnormal - high, day 14); | R5: insulin isophane (day 0, for 627 days); insulin, regular, human (day 0, for 627 days); insulin, regular, human (day 742, for 0 days); insulin isophane (day 742, for 0 days); insulin detemir (day 742, for 0 days); insulin, regular, human (day 783, for 0 da
A6: Probable (Treatment Only) | B6: 261610479 | C6: 39 | D6: Female | E6: -4686 days - 3219 days | G6: All pulses present in left lower limb (EHR); All pulses present in right lower limb (EHR); Blood pressure finding (EHR); Type 1 diabetes mellitus (EHR); | H6: Diabetes mellitus (day -4670, -4635, -4228, -4130, -3731, -2970, -1745, -576, -499, -430, -317) | J6: Type 1 diabetes mellitus (day -476) | K6: insulin isophane (day -4565, for 3234 days); insulin, regular, human (day -4565, for 77 days); insulin, regular, human (day -4419, for 393 days); insulin, regular, human (day -3965, for 29 days); insulin, regular, human (day -3878, for 2350 days); metform | N6: HbA1c measurement (DCCT aligned) (7.7 percent, day 0); | R6: insulin aspart, human (day 53, for 30 days); insulin aspart, human (day 115, for 0 days); insulin aspart, human (day 151, for 0 days); insulin aspart, human (day 196, for 0 days); insulin aspart, human (day 245, for 0 days); insulin aspart, human (day 276
A7: Probable (Treatment Only) | B7: 378410775 | C7: 34 | D7: Male | E7: -274 days - 8161 days | G7: All pulses present in left lower limb (EHR); All pulses present in right lower limb (EHR); Type 1 diabetes mellitus (EHR); | H7: Essential hypertension (day -69) | J7: Type 1 diabetes mellitus (day -48) | K7: insulin, regular, human (day -207, for 291 days); insulin isophane (day -207, for 291 days); | N7: HbA1c measurement (DCCT aligned) (0 , day -28); HbA1c measurement (DCCT aligned) (7.8 , day -28); | O7: Essential hypertension (day -69) | P7: Disorder of left macula due to diabetes mellitus (day 3108, 7617, 7703); Disorder of right macula due to diabetes mellitus (day 7617, 7703); Nonproliferative retinopathy due to diabetes mellitus (day 371); Nonproliferative retinopathy of left eye due to d | R7: insulin, regular, human (day 115, for 146 days); insulin isophane (day 115, for 146 days); insulin isophane (day 296, for 53 days); insulin, regular, human (day 296, for 53 days); insulin, regular, human (day 382, for 368 days); insulin isophane (day 382,
A8: Probable (Treatment Only) | B8: 1502010397 | C8: 16 | D8: Male | E8: -2646 days - 911 days | G8: All pulses present in left lower limb (EHR); All pulses present in right lower limb (EHR); Blood pressure finding (EHR); Type 1 diabetes mellitus (EHR); | J8: Type 1 diabetes mellitus (day -677, -630) | K8: insulin aspart, human (day -676, for 1586 days); insulin isophane (day -676, for 44 days); insulin, regular, human (day -676, for 44 days); insulin aspart protamine, human (day -645, for 1150 days); insulin detemir (day -104, for 23 days); insulin detemir | R8: insulin detemir (day 55, for 30 days); insulin detemir (day 140, for 0 days); insulin detemir (day 232, for 0 days); insulin detemir (day 315, for 30 days); insulin glargine (day 414, for 28 days); metformin (day 414, for 29 days); metformin (day 478, for
A9: Probable (Treatment Only) | B9: 2353710622 | C9: 18 | D9: Female | E9: -2093 days - 237 days | G9: All pulses present in left lower limb (EHR); All pulses present in right lower limb (EHR); Blood pressure finding (EHR); Type 1 diabetes mellitus (EHR); | H9: Candidiasis (day -160) | J9: Type 1 diabetes mellitus (day -435) | K9: insulin glargine (day -435, for 13 days); insulin aspart, human (day -435, for 13 days); insulin glargine (day -380, for 23 days); insulin aspart, human (day -380, for 86 days); insulin glargine (day -294, for 0 days); insulin aspart, human (day -247, for | N9: HbA1c measurement (DCCT aligned) (86 millimole per mole, day -7); | R9: insulin aspart, human (day 34, for 0 days); insulin degludec (day 34, for 0 days); insulin aspart, human (day 78, for 0 days); insulin aspart, human (day 126, for 0 days); insulin degludec (day 126, for 0 days); insulin degludec (day 202, for 0 days); ins
A10: Probable (Treatment Only) | B10: 1045410614 | C10: 40 | D10: Female | E10: -14 days - 5874 days | F10: Office Visit | G10: Allergic reaction to drug (EHR); Type 1 diabetes mellitus (EHR); | P10: Disorder of nervous system due to diabetes mellitus (day 3240, 5340) | R10: insulin, regular, human (day 50, for 29 days); insulin isophane (day 50, for 29 days); insulin, regular, human (day 178, for 29 days); insulin isophane (day 178, for 29 days); insulin, regular, human (day 246, for 29 days); insulin isophane (day 246, for
A11: Probable (Treatment Only) | B11: 4803410866 | C11: 20 | D11: Female | E11: -12 days - 83 days | F11: Office Visit | G11: Asthma (EHR); Obesity (EHR); Type 1 diabetes mellitus (EHR); | O11: Obesity (day 0) | R11: insulin aspart, human (day 0, for 55 days); insulin glargine (day 0, for 0 days); insulin glargine (day 70, for 0 days);
A12: Probable (Treatment Only) | B12: 384210994 | C12: 30 | D12: Male | E12: -7106 days - 903 days | F12: Office Visit | G12: Asymptomatic periapical periodontitis (EHR); Dental caries (EHR); Type 1 diabetes mellitus (EHR); | H12: Cyst of pancreas (day -5967, -4488, -3139) | R12: insulin glargine (day 8, for 178 days); insulin aspart, human (day 8, for 178 days); insulin aspart, human (day 218, for 243 days); insulin glargine (day 218, for 243 days); insulin aspart, human (day 543, for 28 days); insulin glargine (day 543, for 28 d
A13: Probable (Treatment Only) | B13: 77110497 | C13: 26 | D13: Male | E13: -3834 days - 107 days | G13: Atopic conjunctivitis (EHR); Type 1 diabetes mellitus (EHR); | H13: Diabetes mellitus (day -2101, -1801, -576); Diabetic - good control (day -2085, -1779, -1289, -1107, -771) | J13: Retinopathy due to diabetes mellitus (day -341); Type 1 diabetes mellitus (day -2008, -1304) | K13: insulin, regular, human (day -2095, for 35 days); insulin isophane (day -2095, for 35 days); insulin, regular, human (day -2024, for 29 days); insulin isophane (day -2024, for 29 days); insulin, regular, human (day -1954, for 29 days); insulin isophane (d
A14: Probable (Treatment Only) | B14: 35210409 | C14: 29 | D14: Male | E14: -2078 days - 851 days | G14: Blood pressure finding (EHR); Type 1 diabetes mellitus (EHR); | H14: Diabetes mellitus (day -1829, -1186, -286) | J14: Type 1 diabetes mellitus (day -972) | K14: insulin, regular, human (day -2052, for 98 days); insulin isophane (day -1996, for 42 days); insulin isophane (day -1878, for 632 days); insulin, regular, human (day -1878, for 156 days); insulin lispro (day -1707, for 353 days); insulin lispro (day -1323 | P14: Type 1 diabetes mellitus (day 624, 704) | R14: insulin lispro (day 25, for 27 days); insulin lispro (day 104, for 67 days); insulin glargine (day 180, for 57 days); insulin lispro (day 210, for 27 days); insulin glargine (day 277, for 154 days); insulin lispro (day 343, for 27 days); insulin lispro (d
